-- #快捷入口
INSERT INTO `eb_system_quick` (`id`, `name`, `cid`, `pc_url`, `uni_url`, `image`, `sort`, `types`, `pc_show`, `uni_show`, `status`, `created_at`, `updated_at`) VALUES
(1, '填写汇报', 8, '/user/daily/myReport', '', 'https://oamanage.oss-accelerate.aliyuncs.com/attach/2022/11/daba3202211281031209564.png', 9, 0, 1, 1, 1, NULL, '2023-08-31 09:48:43'),
(2, '日程', 6, '/user/calendar/index', '/pages/users/schedule/index', 'https://oamanage.oss-accelerate.aliyuncs.com/attach/2022/11/2548f202211281031201027.png', 0, 0, 1, 1, 1, NULL, '2024-07-09 15:57:46'),
(3, '发起申请', 6, '/user/examine/mine', '/pages/users/examine/index', 'https://oamanage.oss-accelerate.aliyuncs.com/attach/2022/11/c95bd202211281031209825.png', 10, 0, 1, 1, 1, NULL, '2023-09-28 02:40:34'),
(4, '记事本', 7, '/user/memorandum', '/pages/users/memorandum/index', 'https://oamanage.oss-accelerate.aliyuncs.com/attach/2022/11/59463202211281031203199.png', 0, 0, 1, 1, 1, NULL, '2024-04-26 11:04:05'),
(5, '通讯录', 8, '/user/ent', '/pages/user/index', 'https://oamanage.oss-accelerate.aliyuncs.com/attach/2022/11/4f471202211281031202931.png', 11, 1, 1, 1, 1, NULL, NULL),
(6, '客户列表', 6, '/customer/list/iMResponsible', '/pages/customer/list/index', 'https://oamanage.oss-accelerate.aliyuncs.com/attach/2023/01/70a1a202301061220325981.png', 0, 0, 1, 1, 1, NULL, '2023-08-07 09:06:43'),
(7, '合同管理', 6, '/customer/contract/iMResponsible', '/pages/customer/contract/index', 'https://oamanage.oss-accelerate.aliyuncs.com/attach/2023/01/34391202301061221006768.png', 0, 0, 1, 1, 1, NULL, '2023-08-07 09:17:14'),
(8, '发票管理', 6, '/customer/invoice/iMResponsible', '/pages/customer/invoice/index', 'https://oamanage.oss-accelerate.aliyuncs.com/attach/2023/01/9502c202301061221081578.png', 0, 0, 1, 1, 1, NULL, '2023-08-07 09:21:01'),
(9, '收支记账', 7, 'fd/enterprise/list/index', '2', 'https://crmebent.oss-cn-hangzhou.aliyuncs.com/files/%E8%B4%A2%E5%8A%A1%E5%AE%A1%E6%A0%B8%402x.png', 15, 0, 1, 1, 1, NULL, '2024-01-29 18:08:45'),
(10, '收支统计', 7, '/fd/enterprise/chart/index', '4', 'https://oamanage.oss-accelerate.aliyuncs.com/attach/2022/11/24592202211281612278266.png', 10, 0, 1, 0, 1, NULL, '2024-08-07 15:09:14'),
(14, '业绩统计', 7, '/pages/customer/list/statistics', '/pages/customer/list/statistics', 'https://resources-demo.oss-cn-beijing.aliyuncs.com/attach/2024/08/66a43202408131014449948.png', 1, 0, 0, 1, 1, '2023-08-14 08:04:39', '2024-08-13 10:16:26'),
(15, '速记', 8, '/pages/users/memorandum/create', '/pages/users/memorandum/create', 'https://crmebent.oss-cn-hangzhou.aliyuncs.com/files/%E8%AE%B0%E4%BA%8B%E6%9C%AC%402x.png', 1, 0, 0, 1, 1, '2023-08-31 09:47:02', '2023-10-18 16:51:37'),
(16, '工作汇报', 6, '/user/daily', '/pages/users/report/index', 'https://crmebent.oss-cn-hangzhou.aliyuncs.com/files/%E5%B7%A5%E4%BD%9C%E6%B1%87%E6%8A%A5%402x.png', 1, 0, 1, 1, 1, '2023-08-31 09:48:11', '2024-08-07 15:18:25'),
(17, '考勤打卡', 6, '123', '/pages/attendance/index', 'https://crmebent.oss-cn-hangzhou.aliyuncs.com/files/%E5%91%98%E5%B7%A5%E6%A1%A3%E6%A1%88%402x(1).png', 1, 0, 0, 1, 1, '2023-09-06 01:58:36', '2023-10-18 16:50:42'),
(18, '公司介绍', 6, '/user/training/profile', '', 'https://resources-demo.oss-cn-beijing.aliyuncs.com/attach/2024/08/d02b1202408131011057651.png', 2, 0, 1, 0, 1, '2024-07-09 15:51:06', '2024-08-13 10:18:27'),
(19, '云盘', 8, '/user/cloudfile/index', '', 'https://resources-demo.oss-cn-beijing.aliyuncs.com/attach/2024/08/8bbcd202408131015354637.png', 1, 0, 1, 0, 1, '2024-08-08 09:10:57', '2024-08-13 10:19:49'),
(20, '合同收支', 7, '/customer/whole/index', '', 'https://resources-demo.oss-cn-beijing.aliyuncs.com/attach/2024/08/b7177202408131008595865.png', 1, 0, 1, 0, 1, '2024-08-08 09:14:34', '2024-08-13 10:17:10'),
(21, '项目管理', 8, '/program/programList/index', '', 'https://resources-demo.oss-cn-beijing.aliyuncs.com/attach/2024/08/e3f76202408131014394764.png', 1, 0, 1, 0, 1, '2024-08-08 09:19:04', '2024-08-13 10:19:00'),
(22, '我的任务', 8, '/program/programTask/index', '', 'https://resources-demo.oss-cn-beijing.aliyuncs.com/attach/2024/08/fe99d20240813100931581.png', 1, 0, 1, 0, 1, '2024-08-08 09:20:07', '2024-08-13 10:19:36');

-- #系统菜单
INSERT INTO `eb_system_menus` (`id`, `pid`, `icon`, `menu_name`, `api`, `methods`, `unique_auth`, `menu_path`, `menu_type`, `crud_id`, `uni_path`, `uni_img`, `position`, `path`, `component`, `level`, `other`, `sort`, `entid`, `type`, `is_show`, `status`, `created_at`, `updated_at`, `deleted_at`) VALUES
(1, 0, 'iconbangongzhongxin1', '办公', '', '', 'user', '/user', 0, 0, '', '', 0, '', '', 0, '\"{\\\"menu_name_en\\\":\\\"Personal office\\\"}\"', 100, 0, 'M', 1, 1, NULL, NULL, NULL),
(2, 1, 'iconbangong-gongzuotai-cebian', '工作台', '', '', 'menus65220bf4340b5', '/user/workbench/index', 0, 0, '', '', 0, '1', 'user/workbench/index', 1, '\"{\\\"menu_name_en\\\":\\\"workbench\\\"}\"', 100, 0, 'M', 1, 1, NULL, '2023-10-08 09:55:00', NULL),
(3, 1, 'iconbangong-wodericheng-cebian', '我的日程', '', '', 'menus64a62b6c6526e', '/user/calendar/index', 0, 0, '/pages/users/schedule/index', 'https://oamanage.oss-accelerate.aliyuncs.com/attach/2022/11/2548f202211281031201027.png', 0, '1', 'user/calendar/index', 1, '\"{\\\"menu_name_en\\\":\\\"calendar\\\"}\"', 99, 0, 'M', 1, 1, NULL, NULL, NULL),
(13, 1, 'iconbangong-shenqingshenpi-cebian', '申请审批', '', '', 'user-examine', '/user/examine', 0, 0, '/pages/users/examine/index', 'https://oamanage.oss-accelerate.aliyuncs.com/attach/2023/04/ab23c202304071152342926.png', 0, '1', '', 1, '\"{\\\"menu_name_en\\\":\\\"Examine and approve\\\"}\"', 99, 0, 'M', 1, 1, NULL, NULL, NULL),
(14, 13, '', '我的申请', '', '', 'menus649e583268693', '/user/examine/mine', 0, 0, '', '', 0, '1/13', 'user/examine/mine', 2, '\"{\\\"menu_name_en\\\":\\\"I submitted\\\"}\"', 90, 0, 'M', 1, 1, NULL, NULL, NULL),
(26, 13, '', '经我审批', '', '', 'menus649e5823d87e1', '/user/examine/approval', 0, 0, '', '', 0, '1/13', 'user/examine/approval', 2, '\"{\\\"menu_name_en\\\":\\\"My Approved\\\"}\"', 100, 0, 'M', 1, 1, NULL, NULL, NULL),
(27, 1, 'iconbangong-wodehuibao-cebian', '工作汇报', '', '', 'user-daily', '/user/daily', 0, 0, '/pages/users/report/index', 'https://oamanage.oss-accelerate.aliyuncs.com/attach/2022/11/daba3202211281031209564.png', 0, '1', '', 1, '\"{\\\"menu_name_en\\\":\\\"I have to go to the daily\\\"}\"', 90, 0, 'M', 1, 1, NULL, NULL, NULL),
(28, 27, '', '我的汇报', '', '', 'menus649e7da4a7484', '/user/daily/my', 0, 0, '', '', 0, '1/27', 'user/daily/my', 2, '\"{\\\"menu_name_en\\\":\\\"My report\\\"}\"', 90, 0, 'M', 1, 1, NULL, NULL, NULL),
(36, 27, '', '部门汇报', '', '', 'menus649e7d957af95', '/user/daily/department', 0, 0, '', '', 0, '1/27', 'user/daily/department', 2, '\"{\\\"menu_name_en\\\":\\\"Department report\\\"}\"', 100, 0, 'M', 1, 1, NULL, NULL, NULL),
(37, 1, 'iconbangong-qiyetongxunlu-cebian', '企业通讯录', '', '', 'menus652288de88b7f', '/user/ent/index', 0, 0, '/pages/user/index', 'https://oamanage.oss-accelerate.aliyuncs.com/attach/2023/04/11d0520230407115609948.png', 0, '1', 'user/ent/index', 1, '\"{\\\"menu_name_en\\\":\\\"Enterprise address book\\\"}\"', 0, 0, 'M', 1, 1, NULL, '2023-10-08 18:47:58', NULL),
(40, 1, 'iconbangong-zhiweishuoming-cebian', '职位说明', '', '', 'user-duty', '/user/duty', 0, 0, '', '', 0, '1', '', 1, '\"{\\\"menu_name_en\\\":\\\"Job description\\\"}\"', 79, 0, 'M', 1, 1, NULL, NULL, NULL),
(41, 40, '', '工作分析表', '', '', 'menus649e58647a73c', '/user/duty/analyse', 0, 0, '', '', 0, '1/40', 'user/duty/analyse', 2, '\"{\\\"menu_name_en\\\":\\\"Job analysis table\\\"}\"', 99, 0, 'M', 1, 1, NULL, NULL, NULL),
(42, 40, '', '岗位职责', '', '', 'menus649e586e1eca6', '/user/duty/explain', 0, 0, '', '', 0, '1/40', 'user/duty/explain', 2, '\"{\\\"menu_name_en\\\":\\\"Post responsibilities\\\"}\"', 1, 0, 'M', 1, 1, NULL, NULL, NULL),
(46, 40, '', '晋升说明', '', '', 'menus652211871b8f7', '/user/training/promotion', 0, 0, '', '', 0, '1/40', 'user/training/promotion', 2, '{\"menu_name_en\":\"Promotion Description\"}', 0, 0, 'M', 1, 1, NULL, '2023-10-08 10:18:47', NULL),
(43, 1, 'iconrenshi-jixiaokaohe-cebian', '绩效考核', '', '', 'user-assessment', '/user/assessment', 0, 0, '/pages/users/assessment/index', 'https://oamanage.oss-accelerate.aliyuncs.com/attach/2022/11/e7f0b202211281035296857.png', 0, '1', '', 1, '\"{\\\"menu_name_en\\\":\\\"performance appraisal\\\"}\"', 77, 0, 'M', 1, 1, NULL, NULL, NULL),
(44, 43, '', '我的考核', '', '', 'menus6530e3cbb92a4', '/user/assessment/my', 0, 0, '/pages/users/assessment/index', 'https://crmebent.oss-cn-hangzhou.aliyuncs.com/files/%E7%BB%A9%E6%95%88%E8%80%83%E6%A0%B8%402x.png', 0, '1/43', 'user/assessment/my', 2, '\"{\\\"menu_name_en\\\":\\\"My assessment\\\"}\"', 90, 0, 'M', 1, 1, NULL, '2023-10-19 16:07:39', NULL),
(45, 43, '', '部门考核', '', '', 'menus649e7efe2989e', '/user/assessment/department', 0, 0, '', '', 0, '1/43', 'user/assessment/department', 2, '\"{\\\"menu_name_en\\\":\\\"Department assessment\\\"}\"', 100, 0, 'M', 1, 1, NULL, NULL, NULL),
(68, 43, '', '绩效审核', '', '', 'menus649e7f0c78374', '/user/assessment/appraisal', 0, 0, '', '', 0, '1/43', 'user/assessment/appraisal', 2, '\"{\\\"menu_name_en\\\":\\\"performance appraisal\\\"}\"', 0, 0, 'M', 1, 1, NULL, NULL, NULL),
(69, 0, 'iconyunwenjian', '云盘', '', '', 'user-cloudfile', '/user/cloudfile', 0, 0, '', '', 0, '', '', 0, '\"{\\\"menu_name_en\\\":\\\"Cloud file\\\"}\"', 50, 0, 'M', 1, 1, NULL, NULL, NULL),
(130, 0, 'iconqiyexinxi1', '动态', '', '', 'user-work-notice', '/user/notice', 0, 0, '', '', 0, '', '', 0, '\"{\\\"menu_name_en\\\":\\\"Enterprise Dynamics\\\"}\"', 30, 0, 'M', 1, 1, NULL, NULL, NULL),
(131, 130, '', '企业动态', '', '', 'menus649e73b5522be', '/user/notice/index', 0, 0, '/pages/users/notice/index', 'https://oamanage.oss-accelerate.aliyuncs.com/attach/2022/11/62a60202211281031202552.png', 0, '130', 'user/notice/index', 1, '\"{\\\"menu_name_en\\\":\\\"Enterprise dynamics\\\"}\"', 0, 0, 'M', 0, 1, NULL, NULL, NULL),
(132, 0, 'iconrenshiguanli', '人事', '', '', 'hr', '/hr', 0, 0, '', '', 0, '', '', 0, '\"{\\\"menu_name_en\\\":\\\"personnel management\\\"}\"', 70, 0, 'M', 1, 1, NULL, NULL, NULL),
(133, 132, 'iconrenshi-zuzhijiagou-cebian', '组织架构', '', '', 'menus65bf41c07cb26', '/hr/enterprise/group/index', 0, 0, '', '', 0, '132', 'hr/enterprise/group/index', 1, '\"{\\\"menu_name_en\\\":\\\"organizational structure\\\"}\"', 170, 0, 'M', 1, 1, NULL, '2024-02-04 15:50:24', NULL),
(147, 132, 'iconrenshi-yuangongdangan-cebian', '员工档案', '', '', 'menus653b6f21c2acf', '/hr/archives', 0, 0, '', '', 0, '132', '', 1, '\"{\\\"menu_name_en\\\":\\\"Employee files\\\"}\"', 160, 0, 'M', 1, 1, NULL, '2023-10-27 16:04:49', NULL),
(148, 147, '', '未入职员工', '', '', 'menus649e719d942b8', '/hr/archives/unemployed', 0, 0, '', '', 0, '13200/147', 'hr/archives/unemployed', 2, '\"{\\\"menu_name_en\\\":\\\"Non employed employees\\\"}\"', 2, 0, 'M', 1, 1, NULL, '2023-10-27 16:04:49', NULL),
(149, 147, '', '在职员工', '', '', 'menus649e71a762d57', '/hr/archives/onTheJob', 0, 0, '', '', 0, '13200/147', 'hr/archives/onTheJob', 2, '\"{\\\"menu_name_en\\\":\\\"Active employees\\\"}\"', 1, 0, 'M', 1, 1, NULL, '2023-10-27 16:04:49', NULL),
(156, 147, '', '离职员工', '', '', 'menus649e71b3c3a90', '/hr/archives/quit', 0, 0, '', '', 0, '13200/147', 'hr/archives/quit', 2, '\"{\\\"menu_name_en\\\":\\\"Resigned employee\\\"}\"', 0, 0, 'M', 1, 1, NULL, '2023-10-27 16:04:49', NULL),
(157, 132, 'iconbangong-zhiweishuoming-cebian', '职位管理', '', '', 'hr-enterprise-job', '/hr/enterprise/job', 0, 0, '', '', 0, '132', '', 1, '\"{\\\"menu_name_en\\\":\\\"Position management\\\"}\"', 49, 0, 'M', 1, 1, NULL, NULL, NULL),
(158, 157, '', '职位管理', '', '', 'menus649e71bc9372d', '/hr/enterprise/job/jobAdministration', 0, 0, '', '', 0, '132/157', 'hr/enterprise/job/jobAdministration', 2, '\"{\\\"menu_name_en\\\":\\\"Position management\\\"}\"', 4, 0, 'M', 1, 1, NULL, NULL, NULL),
(159, 157, '', '职级管理', '', '', 'menus649e71cdcc003', '/hr/enterprise/job/rankManagement', 0, 0, '', '', 0, '132/157', 'hr/enterprise/job/rankManagement', 2, '\"{\\\"menu_name_en\\\":\\\"Rank management\\\"}\"', 2, 0, 'M', 1, 1, NULL, NULL, NULL),
(160, 157, '', '职级体系图', '', '', 'menus649e71da7b6f9', '/hr/enterprise/job/positionSystemChart', 0, 0, '', '', 0, '132/157', 'hr/enterprise/job/positionSystemChart', 2, '\"{\\\"menu_name_en\\\":\\\"Rank system chart\\\"}\"', 1, 0, 'M', 1, 1, NULL, NULL, NULL),
(161, 157, '', '工作分析表', '', '', 'menus656998f4cff89', '/hr/enterprise/job/analysis', 0, 0, '', '', 0, '132/157', 'hr/enterprise/job/analysis', 2, '\"{\\\"menu_name_en\\\":\\\"Job analysis table\\\"}\"', 40, 0, 'M', 1, 1, NULL, '2023-12-01 16:27:32', NULL),
(162, 582, '', '员工绩效', '', '', 'menus64fac07426d65', '/hr/assess/staff', 0, 0, '', '', 0, '132/582', '', 2, '\"{\\\"menu_name_en\\\":\\\"Employee performance\\\"}\"', 32, 0, 'M', 1, 1, NULL, '2023-10-27 16:09:58', NULL),
(163, 162, '', '考核记录', '', '', 'menus64fac091619a9', '/hr/assess/staff/mentStaff', 0, 0, '', '', 0, '132/582/162', 'hr/assess/staff/mentStaff', 3, '\"{\\\"menu_name_en\\\":\\\"Evaluate employees\\\"}\"', 5, 0, 'M', 1, 1, NULL, '2023-10-27 16:09:58', NULL),
(164, 162, '', '考核统计', '', '', 'menus64fac0ac23d46', '/hr/assess/staff/mentStatistics', 0, 0, '', '', 0, '132/582/162', 'hr/assess/staff/mentStatistics', 3, '\"{\\\"menu_name_en\\\":\\\"Assessment statistics\\\"}\"', 2, 0, 'M', 1, 1, NULL, '2023-10-27 16:09:58', NULL),
(165, 162, '', '删除记录', '', '', 'menus64fac0bb373a4', '/hr/assess/staff/deleteRecord', 0, 0, '', '', 0, '132/582/162', 'hr/assess/staff/deleteRecord', 3, '\"{\\\"menu_name_en\\\":\\\"Delete Record\\\"}\"', 1, 0, 'M', 1, 1, NULL, '2023-10-27 16:09:58', NULL),
(169, 582, '', '考核设置', '', '', 'menus64fac0c79c281', '/hr/assess/config', 0, 0, '', '', 0, '132/582', '', 2, '\"{\\\"menu_name_en\\\":\\\"Appraisal settings\\\"}\"', 28, 0, 'M', 1, 1, NULL, '2023-10-27 16:09:58', NULL),
(170, 169, '', '考核计划', '', '', 'menus64fac0d9e0ccb', '/hr/assess/config/mentPlan', 0, 0, '', '', 0, '132/582/169', 'hr/assess/config/mentPlan', 3, '\"{\\\"menu_name_en\\\":\\\"Assessment plan\\\"}\"', 2, 0, 'M', 1, 1, NULL, '2023-10-27 16:09:58', NULL),
(171, 169, '', '考核评分', '', '', 'menus64fac0eeb5a96', '/hr/assess/config/mentScore', 0, 0, '', '', 0, '132/582/169', 'hr/assess/config/mentScore', 3, '\"{\\\"menu_name_en\\\":\\\"Assessment score\\\"}\"', 1, 0, 'M', 1, 1, NULL, '2023-10-27 16:09:58', NULL),
(177, 169, '', '考核流程', '', '', 'menus64fac1169c543', '/hr/assess/config/mentProcess', 0, 0, '', '', 0, '132/582/169', 'hr/assess/config/mentProcess', 3, '\"{\\\"menu_name_en\\\":\\\"Assessment process\\\"}\"', 0, 0, 'M', 1, 1, NULL, '2023-10-27 16:09:58', NULL),
(178, 132, 'iconrenshi-bangongshenpi-cebian', '办公审批', '', '', 'business', '/business/', 0, 0, '', '', 0, '132', '', 1, '\"{\\\"menu_name_en\\\":\\\"Office approval\\\"}\"', 3, 0, 'M', 1, 1, NULL, NULL, NULL),
(179, 178, '', '审批设置', '', '', 'menus649e72420c1ab', '/business/examine/index', 0, 0, '', '', 0, '132/178', 'business/examine/index', 2, '\"{\\\"menu_name_en\\\":\\\"Office approval\\\"}\"', 3, 0, 'M', 1, 1, NULL, NULL, NULL),
(186, 178, '', '审批记录', '', '', 'menus649e724b57420', '/business/record/index', 0, 0, '', '', 0, '132/178', 'business/record/index', 2, '\"{\\\"menu_name_en\\\":\\\"Approval record\\\"}\"', 2, 0, 'M', 1, 1, NULL, NULL, NULL),
(188, 132, 'iconrenshi-huibaoguanli-cebian', '汇报管理', '', '', 'menus649e728fba3e0', '/hr/report/index', 0, 0, '', '', 0, '132', 'hr/report/index', 1, '\"{\\\"menu_name_en\\\":\\\"Reporting management\\\"}\"', 0, 0, 'M', 1, 1, NULL, NULL, NULL),
(189, 0, 'iconguanliyuan1', '客户', '', '', 'customer', '/customer', 0, 0, '', '', 0, '', '', 0, '\"{\\\"menu_name_en\\\":\\\"customer management\\\"}\"', 90, 0, 'M', 1, 1, NULL, NULL, NULL),
(190, 189, 'iconkehu-kehuliebiao-cebian', '客户列表', '', '', 'customer-list', '/customer/list', 0, 0, '/pages/customer/list/index', 'https://oamanage.oss-accelerate.aliyuncs.com/attach/2023/01/70a1a202301061220325981.png', 0, '189', '', 1, '\"{\\\"menu_name_en\\\":\\\"Customer list\\\"}\"', 999, 0, 'M', 1, 1, NULL, NULL, NULL),
(191, 190, '', '我负责的', '', '', 'menus649e5a495a261', '/customer/list/iMResponsible', 0, 0, '', '', 0, '189/190', 'customer/list/iMResponsible', 2, '', 90, 0, 'M', 1, 1, NULL, NULL, NULL),
(231, 190, '', '我查看的', '', '', 'menus6522876aaa7fb', '/customer/list/iChecked', 0, 0, '', '', 0, '189/190', 'customer/list/iChecked', 2, '\"{\\\"menu_name_en\\\":\\\"I checked\\\"}\"', 100, 0, 'M', 1, 1, NULL, '2023-10-08 18:41:46', NULL),
(232, 189, 'iconkehu-hetongguanli-cebian', '合同管理', '', '', 'customer-contract', '/customer/contract', 0, 0, '/pages/customer/contract/index', 'https://oamanage.oss-accelerate.aliyuncs.com/attach/2023/01/34391202301061221006768.png', 0, '189', '', 1, '\"{\\\"menu_name_en\\\":\\\"contract management \\\"}\"', 888, 0, 'M', 1, 1, NULL, NULL, NULL),
(233, 232, '', '我负责的', '', '', 'menus649e5a5c967c2', '/customer/contract/iMResponsible', 0, 0, '', '', 0, '189/232', 'customer/contract/iMResponsible', 2, '', 90, 0, 'M', 1, 1, NULL, NULL, NULL),
(237, 232, '', '我查看的', '', '', 'menus65228776debb3', '/customer/contract/iChecked', 0, 0, '', '', 0, '189/232', 'customer/contract/iChecked', 2, '\"{\\\"menu_name_en\\\":\\\"I checked\\\"}\"', 100, 0, 'M', 1, 1, NULL, '2023-10-08 18:41:58', NULL),
(238, 189, 'iconkehu-fapiaoguanli-cebian', '发票管理', '', '', 'customer-invoice', '/customer/invoice', 0, 0, '/pages/customer/invoice/index', 'https://oamanage.oss-accelerate.aliyuncs.com/attach/2023/01/9502c202301061221081578.png', 0, '189', '', 1, '\"{\\\"menu_name_en\\\":\\\"control over invoices\\\"}\"', 777, 0, 'M', 1, 1, NULL, NULL, NULL),
(239, 238, '', '我负责的', '', '', 'menus649e5a69ddf46', '/customer/invoice/iMResponsible', 0, 0, '', '', 0, '189/238', 'customer/invoice/iMResponsible', 2, '', 90, 0, 'M', 1, 1, NULL, NULL, NULL),
(242, 238, '', '我查看的', '', '', 'menus6522877fef06c', '/customer/invoice/iChecked', 0, 0, '', '', 0, '189/238', 'customer/invoice/iChecked', 2, '\"{\\\"menu_name_en\\\":\\\"I checked\\\"}\"', 100, 0, 'M', 1, 1, NULL, '2023-10-08 18:42:07', NULL),
(243, 189, 'iconkehu-yejitongji-cebian', '业绩统计', '', '', 'menus649e5a7180ae1', '/customer/turnover/index', 0, 0, '', '', 0, '189', 'customer/turnover/index', 1, '\"{\\\"menu_name_en\\\":\\\"Performance statistics\\\"}\"', 666, 0, 'M', 1, 1, NULL, NULL, NULL),
(244, 189, 'iconkehu-kehushezhi-cebian', '客户设置', '', '', 'customer-setup', '/customer/setup', 0, 0, '', '', 0, '189', '', 1, '\"{\\\"menu_name_en\\\":\\\"customer setup\\\"}\"', 2, 0, 'M', 1, 1, NULL, NULL, NULL),
(245, 244, '', '业务设置', '', '', 'menus6530eb27dde1a', '/customer/setup/work', 0, 0, '', '', 0, '189/244', 'customer/setup/work', 2, '\"{\\\"menu_name_en\\\":\\\"Business settings\\\"}\"', 99, 0, 'M', 0, 1, NULL, '2024-02-04 12:45:25', NULL),
(247, 244, '', '客户标签', '', '', 'menus6530eb3254791', '/customer/setup/label', 0, 0, '', '', 0, '189/244', 'customer/setup/label', 2, '\"{\\\"menu_name_en\\\":\\\"Customer label\\\"}\"', 98, 0, 'M', 1, 1, NULL, '2023-10-19 16:39:14', NULL),
(251, 244, '', '客户分类', '', '', 'menus65220c7f596d2', '/customer/setup/type/index', 0, 0, '', '', 0, '189/244', '', 2, '\"{\\\"menu_name_en\\\":\\\"Customer classification\\\"}\"', 0, 0, 'M', 0, 1, NULL, '2023-10-08 09:57:19', NULL),
(252, 244, '', '合同分类', '', '', 'menus649e5a874e607', '/customer/setup/contractType/index', 0, 0, '', '', 0, '189/244', 'customer/setup/contractType/index', 2, '\"{\\\"menu_name_en\\\":\\\"Contract classification\\\"}\"', 0, 0, 'M', 0, 1, NULL, '2024-02-04 12:24:51', NULL),
(253, 0, 'iconcaiwuguanli', '财务', '', '', 'fd', '/fd', 0, 0, '', '', 0, '', '', 0, '\"{\\\"menu_name_en\\\":\\\"financial management\\\"}\"', 80, 0, 'M', 1, 1, NULL, NULL, NULL),
(254, 253, 'iconcaiwu-zhangmujilu-cebian', '账目记录', '', '', 'fd-enterprise-bill', '/fd/enterprise', 0, 0, '', '', 0, '253', '', 1, '\"{\\\"menu_name_en\\\":\\\"Accounting records\\\"}\"', 99, 0, 'M', 1, 1, NULL, NULL, NULL),
(255, 254, '', '收支记账', '', '', 'menus649e711338b68', '/fd/enterprise/list/index', 0, 0, '', '', 0, '253/254', 'fd/enterprise/list/index', 2, '\"{\\\"menu_name_en\\\":\\\"Revenue and expenditure accounting\\\"}\"', 1, 0, 'M', 1, 1, NULL, NULL, NULL),
(265, 254, '', '收支统计', '', '', 'menus649e711c8bed4', '/fd/enterprise/chart/index', 0, 0, '', '', 0, '253/254', 'fd/enterprise/chart/index', 2, '\"{\\\"menu_name_en\\\":\\\"Revenue and expenditure statistics\\\"}\"', 0, 0, 'M', 1, 1, NULL, NULL, NULL),
(267, 253, 'iconcaiwu-fukuanshenhe-cebian', '付款审核', '', '', 'menus65bf3c5394ce0', '/fd/examine', 0, 0, '/pages/finance/payment/index', 'https://oamanage.oss-accelerate.aliyuncs.com/attach/2023/04/d8a3620230407120044929.png', 0, '253', '', 1, '\"{\\\"menu_name_en\\\":\\\"Financial audit\\\"}\"', 98, 0, 'M', 0, 0, NULL, '2024-02-04 15:27:15', NULL),
(268, 267, '', '待处理', '', '', 'menus649e712b2fafd', '/fd/examine/pending', 0, 0, '', '', 0, '253/267', 'fd/examine/pending', 2, '\"{\\\"menu_name_en\\\":\\\"Pending\\\"}\"', 1, 0, 'M', 0, 0, NULL, '2024-02-04 15:27:15', NULL),
(270, 267, '', '付款记录', '', '', 'menus649e7133960f2', '/fd/examine/whole', 0, 0, '', '', 0, '253/267', 'fd/examine/whole', 2, '\"{\\\"menu_name_en\\\":\\\"whole\\\"}\"', 0, 0, 'M', 0, 0, NULL, '2024-02-04 15:27:15', NULL),
(271, 253, 'iconcaiwu-fapiaoshenhe-cebian', '开票管理', '', '', 'menus65bf6bcc7663b', '/fd/invoice', 0, 0, '/pages/finance/invoice/index', 'https://oamanage.oss-accelerate.aliyuncs.com/attach/2023/04/979ee202304071200028704.png', 0, '253', '', 1, '\"{\\\"menu_name_en\\\":\\\"control over invoices\\\"}\"', 97, 0, 'M', 1, 1, NULL, '2024-02-04 18:49:48', NULL),
(272, 271, '', '待开发票', '', '', 'menus65bf6be3c7fd5', '/fd/invoice/pending', 0, 0, '', '', 0, '253/271', 'fd/invoice/pending', 2, '\"{\\\"menu_name_en\\\":\\\"Pending\\\"}\"', 2, 0, 'M', 1, 1, NULL, '2024-02-04 18:50:11', NULL),
(274, 271, '', '发票记录', '', '', 'menus649e7147da1a9', '/fd/invoice/whole', 0, 0, '', '', 0, '253/271', 'fd/invoice/whole', 2, '\"{\\\"menu_name_en\\\":\\\"whole\\\"}\"', 0, 0, 'M', 1, 1, NULL, '2024-02-04 18:49:48', NULL),
(275, 253, 'iconcaiwu-caiwushezhi-cebian', '财务设置', '', '', 'fd-enterprise-part', '/fd/setup', 0, 0, '', '', 0, '253', '', 1, '\"{\\\"menu_name_en\\\":\\\"Account setup\\\"}\"', 4, 0, 'M', 1, 1, NULL, NULL, NULL),
(276, 275, '', '收入分类', '', '', 'menus66825de31caa8', '/fd/setup/cate/income', 0, 0, '', '', 0, '253/275', 'fd/setup/cate/income', 2, '\"{\\\"menu_name_en\\\":\\\"Income classification\\\"}\"', 99, 0, 'M', 1, 1, NULL, '2024-07-01 15:42:27', NULL),
(277, 275, '', '支出分类', '', '', 'menus66825de796929', '/fd/setup/cate/expenditure', 0, 0, '', '', 0, '253/275', 'fd/setup/cate/expenditure', 2, '\"{\\\"menu_name_en\\\":\\\"Expense classification\\\"}\"', 88, 0, 'M', 1, 1, NULL, '2024-07-01 15:42:31', NULL),
(278, 275, '', '支付方式', '', '', 'menus66825dec80d58', '/fd/setup/type/index', 0, 0, '', '', 0, '253/275', 'fd/setup/type/index', 2, '\"{\\\"menu_name_en\\\":\\\"Operation log\\\"}\"', 65, 0, 'M', 1, 1, NULL, '2024-07-01 15:42:36', NULL),
(280, 275, '', '发票类目', '', '', 'menus65d3098361ba5', '/fd/setup/category/index', 0, 0, '', '', 0, '253/275', 'fd/setup/category/index', 2, '\"{\\\"menu_name_en\\\":\\\"Invoice Category\\\"}\"', 0, 0, 'M', 0, 0, NULL, '2024-02-19 15:55:47', NULL),
(281, 0, 'iconyuangongdangan1', '行政', '', '', 'administration', '/administration', 0, 0, '', '', 0, '', '', 0, '\"{\\\"menu_name_en\\\":\\\"administrative management\\\"}\"', 60, 0, 'M', 1, 1, NULL, NULL, NULL),
(282, 281, 'iconhangzheng-qiyedongtai-cebian', '企业动态', '', '', 'menus649e73437195c', '/administration/notice/index', 0, 0, '', '', 0, '281', 'administration/notice/index', 1, '\"{\\\"menu_name_en\\\":\\\"Notice notice\\\"}\"', 99, 0, 'M', 1, 1, NULL, NULL, NULL),
(293, 281, 'icongudingwuzi', '固定物资', '', '', 'administration-staff-fixedMaterials', '/administration/material/fixed', 0, 0, '', '', 0, '281', '', 1, '\"{\\\"menu_name_en\\\":\\\"Office supplies\\\"}\"', 68, 0, 'M', 1, 1, NULL, NULL, NULL),
(294, 293, '', '物资管理', '', '', 'menus649e735087d36', '/administration/material/fixed/manage', 0, 0, '', '', 0, '281/293', 'administration/material/fixed/manage', 2, '\"{\\\"menu_name_en\\\":\\\"Employee records\\\"}\"', 9, 0, 'M', 1, 1, NULL, NULL, NULL),
(308, 293, '', '物资记录', '', '', 'menus649e7359f25ba', '/administration/material/fixed/list', 0, 0, '', '', 0, '281/293', 'administration/material/fixed/list', 2, '\"{\\\"menu_name_en\\\":\\\"Material list\\\"}\"', 2, 0, 'M', 1, 1, NULL, NULL, NULL),
(310, 281, 'iconxiaohaowuzi', '消耗物资', '', '', 'administration-staff-consumables', '/administration/material/consume', 0, 0, '', '', 0, '281', '', 1, '\"{\\\"menu_name_en\\\":\\\"Consumable materials\\\"}\"', 32, 0, 'M', 0, 1, NULL, NULL, NULL),
(311, 310, '', '物资管理', '', '', 'menus652213e7792da', '/administration/material/consume/manage', 0, 0, '', '', 0, '281/310', 'administration/material/consume/manage', 2, '\"{\\\"menu_name_en\\\":\\\"Consumables\\\"}\"', 1, 0, 'M', 1, 1, NULL, '2023-10-08 10:28:55', NULL),
(312, 310, '', '物资记录', '', '', 'menus649e7378e03ca', '/administration/material/consume/list', 0, 0, '', '', 0, '281/310', 'administration/material/consume/list', 2, '\"{\\\"menu_name_en\\\":\\\"Consumables\\\"}\"', 1, 0, 'M', 1, 1, NULL, '2023-10-08 10:28:58', NULL),
(313, 281, 'iconxitong-quanyishuju-cebian', '物资概览', '', '', 'menus649e7387bb984', '/administration/material/chart/index', 0, 0, '', '', 0, '281', 'administration/material/chart/index', 1, '\"{\\\"menu_name_en\\\":\\\"Material overview\\\"}\"', 2, 0, 'M', 1, 1, NULL, '2023-10-08 10:29:02', NULL),
(315, 0, 'iconxitongguanli', '系统', '', '', 'setting-enterprise-info-basic', '/setting', 0, 0, '', '', 0, '', '', 0, '\"{\\\"menu_name_en\\\":\\\"system management\\\"}\"', 20, 0, 'M', 1, 1, NULL, NULL, NULL),
(316, 315, 'iconqiyexinxi2', '企业信息', '', '', 'menus667d4ba69f914', '/setting/enterprise/info/basic', 0, 0, '', '', 0, '315', 'setting/enterprise/info/basic', 1, '\"{\\\"menu_name_en\\\":\\\"Enterprise information\\\"}\"', 999, 0, 'M', 1, 1, NULL, '2024-06-27 19:23:18', NULL),
(320, 315, 'iconxitong-qiyeshezhi-cebian', '权限设置', '', '', 'setting-enterprise', '/setting/auth', 0, 0, '', '', 0, '315', '', 1, '\"{\\\"menu_name_en\\\":\\\"Enterprise setup\\\"}\"', 10, 0, 'M', 1, 1, NULL, NULL, NULL),
(321, 320, '', '用户权限', '', '', 'menus649e73d95cf32', '/setting/auth/group/index', 0, 0, '', '', 0, '315/320', 'setting/auth/group/index', 2, '\"{\\\"menu_name_en\\\":\\\"organizational structure\\\"}\"', 98, 0, 'M', 1, 1, NULL, NULL, NULL),
(324, 320, '', '角色权限', '', '', 'menus649e73e086565', '/setting/auth/admin/index', 0, 0, '', '', 0, '315/320', 'setting/auth/admin/index', 2, '\"{\\\"menu_name_en\\\":\\\"administrators\\\"}\"', 90, 0, 'M', 1, 1, NULL, NULL, NULL),
(334, 315, 'iconxitong-xitongshezhi-cebian', '系统设置', '', '', 'setting-system', '/setting', 0, 0, '', '', 0, '315', '', 1, '\"{\\\"menu_name_en\\\":\\\"System settings\\\"}\"', 9, 0, 'M', 1, 1, NULL, NULL, NULL),
(335, 334, '', '菜单管理', '', '', 'menus649e578d871ed', '/setting/system/menus/index', 0, 0, '', '', 0, '315/334', 'setting/system/menus/index', 2, '\"{\\\"menu_name_en\\\":\\\"Menu management\\\"}\"', 99, 0, 'M', 1, 1, NULL, NULL, NULL),
(338, 334, '', '操作日志', '', '', 'menus649e74010329c', '/setting/system/log/index', 0, 0, '', '', 0, '315/334', 'setting/system/log/index', 2, '\"{\\\"menu_name_en\\\":\\\"Operation log\\\"}\"', 98, 0, 'M', 1, 1, NULL, NULL, NULL),
(352, 334, '', '消息设置', '', '', 'menus649e741888210', '/setting/enterprise/news/index', 0, 0, '', '', 0, '315/334', 'setting/enterprise/news/index', 2, '\"{\\\"menu_name_en\\\":\\\"Message settings\\\"}\"', 0, 0, 'M', 1, 1, NULL, NULL, NULL),
(358, 334, '', '基础设置', '', '', 'menus649e7423de7fd', '/setting/enterprise/setup/index', 0, 0, '', '', 0, '315/334', 'setting/enterprise/setup/index', 2, '\"{\\\"menu_name_en\\\":\\\"Basic settings\\\"}\"', 0, 0, 'M', 1, 1, NULL, NULL, NULL),
(359, 334, '', '在线升级', '', '', 'menus649e743259319', '/setting/enterprise/upgrade/index', 0, 0, '', '', 0, '315/334', 'setting/enterprise/upgrade/index', 2, '\"{\\\"menu_name_en\\\":\\\"Online upgrade\\\"}\"', 0, 0, 'M', 0, 1, NULL, '2023-10-09 09:44:22', NULL),
(380, 334, '', '协议设置', '', '', 'menus6539e5c580991', '/setting/system/agreement', 0, 0, '', '', 0, '315/334', 'setting/system/agreement', 2, '\"{\\\"menu_name_en\\\":\\\"System Agreements\\\"}\"', 9, 0, 'M', 1, 1, NULL, '2023-10-26 12:06:29', NULL),
(381, 334, '', '快捷入口', '', '', 'menus649e74109307e', '/setting/system/quick/index', 0, 0, '', '', 0, '315/334', 'setting/system/quick/index', 2, '\"{\\\"menu_name_en\\\":\\\"System Quicks\\\"}\"', 9, 0, 'M', 1, 1, NULL, NULL, NULL),
(382, 69, 'iconbangong-yunwenjian-cebian', '企业空间', '', '', 'menus649e739b9a7ce', '/user/cloudfile/index', 0, 0, '', '', 0, '69', 'user/cloudfile/index', 1, '\"{\\\"menu_name_en\\\":\\\"Cloud file\\\"}\"', 0, 0, 'M', 0, 1, NULL, NULL, NULL),
(383, 132, 'iconrenshi-yuangongpeixun-cebian', '员工培训', '', '', 'menus652214275a340', '/hr/training', 0, 0, '', '', 0, '132', '', 1, '{\"menu_name_en\":\"Employee training\"}', 1, 0, 'M', 1, 1, NULL, '2023-10-08 10:29:59', NULL),
(384, 383, '', '公司介绍', '', '', 'menus64a39c1d202a3', '/hr/training/companyProfile', 0, 0, '', '', 0, '132/383', 'hr/training/companyProfile', 2, '{\"menu_name_en\":\"Company Introduction\"}', 1, 0, 'M', 1, 1, NULL, '2023-10-08 10:29:59', NULL),
(385, 383, '', '组织结构图', '', '', 'menus649e7263853f0', '/hr/training/structure', 0, 0, '', '', 0, '132/383', 'hr/training/structure', 2, '{\"menu_name_en\":\"Organizational chart\"}', 1, 0, 'M', 1, 1, NULL, '2023-10-08 10:29:59', NULL),
(386, 383, '', '战略规划', '', '', 'menus649e726deaa94', '/hr/training/plan', 0, 0, '', '', 0, '132/383', 'hr/training/plan', 2, '{\"menu_name_en\":\"strategic planning \"}', 1, 0, 'M', 1, 1, NULL, '2023-10-08 10:29:59', NULL),
(387, 157, '', '晋升说明', '', '', 'menus652211871b8f7', '/hr/enterprise/promotion', 0, 0, '', '', 0, '132/157', 'hr/enterprise/promotion', 2, '{\"menu_name_en\":\"Promotion Description\"}', 0, 0, 'M', 1, 1, NULL, '2023-10-08 10:18:47', NULL),
(388, 1, 'iconrenshi-yuangongpeixun-cebian', '员工培训', '', '', 'menus65221450ef4ca', '/user/training', 0, 0, '', '', 0, '1', '', 1, '{\"menu_name_en\":\"Employee training\"}', 1, 0, 'M', 1, 1, NULL, '2023-10-08 10:30:40', NULL),
(389, 388, '', '公司介绍', '', '', 'menus649e599643ff5', '/user/training/profile', 0, 0, '', '', 0, '1/388', 'user/training/companyProfile', 2, '{\"menu_name_en\":\"Company Introduction\"}', 1, 0, 'M', 1, 1, NULL, '2023-10-08 10:30:40', NULL),
(390, 388, '', '组织架构图', '', '', 'menus649e59303a821', '/user/training/structure', 0, 0, '', '', 0, '1/388', 'user/training/structure', 2, '{\"menu_name_en\":\"Organizational Chart\"}', 0, 0, 'M', 1, 1, NULL, '2023-10-08 10:30:40', NULL),
(391, 388, '', '战略规划', '', '', 'menus649e593914cbd', '/user/training/plan', 0, 0, '', '', 0, '1/388', 'user/training/plan', 2, '{\"menu_name_en\":\"strategic planning \"}', 0, 0, 'M', 1, 1, NULL, '2023-10-08 10:30:40', NULL),
(393, 581, '', '海氏量表', '', '', 'menus6522120c14078', '/hr/tool/haishAssessment/index', 0, 0, '', '', 0, '132/581', 'hr/tool/haishAssessment/index', 2, '{\"menu_name_en\":\"Maritime scale\"}', 0, 0, 'M', 1, 1, NULL, '2023-10-08 10:21:00', NULL),
(394, 578, '', '考勤设置', '', '', 'menus64ec192faf20c', '/hr/attendance/setting', 0, 0, '', '', 0, '132/578', 'hr/attendance/setting', 2, '{\"menu_name_en\":\"Attendance settings\"}', 4, 0, 'M', 1, 1, '2023-06-28 10:36:06', '2023-10-27 16:08:49', NULL),
(395, 394, '', '考勤组设置', '', '', 'menus64e805f3227ac', '/hr/attendance/setting/team', 0, 0, '', '', 0, '132/578/394', 'hr/attendance/setting/team', 3, '{\"menu_name_en\":\"Attendance Group Settings\"}', 1, 0, 'M', 1, 1, '2023-06-28 16:28:34', '2023-10-27 16:08:49', NULL),
(396, 609, '', '班次设置', '', '', 'menus65c048084eb5f', '/hr/attendance/setting/shift', 0, 0, '', '', 0, '132/578/609', 'hr/attendance/setting/shift', 3, '{\"menu_name_en\":\"Shift Settings\"}', 0, 0, 'M', 1, 1, '2023-06-28 16:29:20', '2024-02-05 10:29:28', NULL),
(397, 609, '', '排班管理', '', '', 'menus65c0484036e92', '/hr/attendance/setting/schedul', 0, 0, '', '', 0, '132/578/609', 'hr/attendance/setting/schedul', 3, '{\"menu_name_en\":\"Layout management\"}', 0, 0, 'M', 1, 1, '2023-06-28 16:30:00', '2024-02-05 10:30:24', NULL),
(400, 394, '', '白名单设置', '', '', 'menus64e805bb5958a', '/hr/attendance/setting/white', 0, 0, '', '', 0, '132/578/394', 'hr/attendance/setting/white', 3, '{\"menu_name_en\":\"Whitelist settings\"}', 0, 0, 'M', 1, 1, '2023-07-04 15:25:45', '2023-10-27 16:08:49', NULL),
(404, 394, '', '新增考勤设置', '', '', 'menus64ec01a28a6c6', '/hr/attendance/setting/addConent', 0, 0, '', '', 0, '132/578/394', 'hr/attendance/setting/addConent', 3, '{\"menu_name_en\":\"Add attendance settings\"}', 0, 0, 'M', 0, 1, '2023-07-05 18:58:28', '2023-10-30 10:54:24', NULL),
(405, 609, '', '日历配置', '', '', 'menus65c0482ed0f3f', '/hr/attendance/setting/calendarsetUp', 0, 0, '', '', 0, '132/578/609', 'hr/attendance/setting/calendarsetUp', 3, '{\"menu_name_en\":\"Calendar Configuration\"}', 0, 0, 'M', 1, 1, '2023-07-06 11:07:11', '2024-02-05 10:30:06', NULL),
(407, 578, '', '考勤统计', '', '', 'menus65c0485c0309d', '/hr/attendance/statistics', 0, 0, '', '', 0, '132/578', 'hr/attendance/statistics', 2, '{\"menu_name_en\":\"Attendance statistics\"}', 6, 0, 'M', 1, 1, '2023-07-14 14:43:50', '2024-02-05 10:30:52', NULL),
(409, 407, '', '每日统计', '', '', 'menus64edac6f2298a', '/hr/attendance/statistics/daily', 0, 0, '', '', 0, '132/578/407', 'hr/attendance/statistics/daily', 3, '{\"menu_name_en\":\"Daily statistics\"}', 2, 0, 'M', 1, 1, '2023-07-14 14:44:58', '2024-02-05 10:30:52', NULL),
(410, 407, '', '月度统计', '', '', 'menus64edac7e99c0e', '/hr/attendance/statistics/monthly', 0, 0, '', '', 0, '132/578/407', 'hr/attendance/statistics/monthly', 3, '{\"menu_name_en\":\"Monthly statistics\"}', 1, 0, 'M', 1, 1, '2023-07-14 14:46:03', '2024-02-05 10:30:52', NULL),
(411, 407, '', '打卡记录', '', '', 'menus64edac8d2419d', '/hr/attendance/statistics/clock', 0, 0, '', '', 0, '132/578/407', 'hr/attendance/statistics/clock', 3, '{\"menu_name_en\":\"Clock in records\"}', 0, 0, 'M', 1, 1, '2023-07-14 14:46:35', '2024-02-05 10:30:52', NULL),
(413, 1, 'iconrenshi-kaoqintongji-cebian', '考勤统计', '', '', 'menus652288e6f0ea6', '/user/statistic', 0, 0, '', '', 0, '1', 'user/statistic', 1, '{\"menu_name_en\":\"Attendance statistics\"}', 1, 0, 'M', 1, 1, '2023-07-21 03:23:14', '2023-10-08 18:48:06', NULL),
(414, 413, '', '个人统计', '', '', 'menus64ba042985737', '/user/statistic/single', 0, 0, '', '', 0, '1/413', 'user/statistic/single', 2, '{\"menu_name_en\":\"Personal statistics\"}', 0, 0, 'M', 1, 1, '2023-07-21 04:06:01', '2023-10-08 18:48:06', NULL),
(415, 335, '', '添加菜单', '', '', 'system:menus:add', '', 0, 0, '', '', 0, '315/334/335', '', 3, '{\"menu_name_en\":\"add menu\"}', 1, 0, 'B', 0, 1, '2023-08-01 06:53:06', '2023-08-03 02:01:50', NULL),
(416, 14, '', '新建审批', '', '', 'user:examine:add', '', 0, 0, '', '', 0, '100/1300/14', '', 3, '{\"menu_name_en\":\"New Approval\"}', 0, 0, 'B', 1, 1, '2023-08-02 03:52:51', '2023-08-16 02:02:20', NULL),
(417, 3, '', '添加日程', '', '', 'user:calendar:add', '', 0, 0, '', '', 0, '1/3', '', 2, '{\"menu_name_en\":\"Add schedule\"}', 0, 0, 'B', 1, 1, '2023-08-02 03:54:22', '2023-08-31 09:25:00', NULL),
(418, 28, '', '添加汇报', '', '', 'user:daily:my:add', '', 0, 0, '', '', 0, '1/27/28', '', 3, '{\"menu_name_en\":\"Add Report\"}', 0, 0, 'B', 1, 1, '2023-08-02 03:56:17', '2023-08-16 02:02:20', NULL),
(419, 28, '', '查看', '', '', 'user:daily:my:check', '', 0, 0, '', '', 0, '1/27/28', '', 3, '{\"menu_name_en\":\"check\"}', 0, 0, 'B', 1, 1, '2023-08-02 03:57:18', '2023-08-16 02:02:20', NULL),
(420, 36, '', '查看', '', '', 'user:daily:department:check', '', 0, 0, '', '', 0, '1/27/36', '', 3, '{\"menu_name_en\":\"check\"}', 0, 0, 'B', 1, 1, '2023-08-02 03:58:03', '2023-08-16 02:02:20', NULL),
(421, 41, '', '查看', '', '', 'user:duty:analyse:check', '', 0, 0, '', '', 0, '1/40/41', '', 3, '{\"menu_name_en\":\"check\"}', 0, 0, 'B', 1, 1, '2023-08-02 03:59:25', '2023-08-16 02:02:20', NULL),
(422, 41, '', '编辑', '', '', 'user:duty:analyse:edit', '', 0, 0, '', '', 0, '1/40/41', '', 3, '{\"menu_name_en\":\"edit\"}', 0, 0, 'B', 1, 1, '2023-08-02 03:59:55', '2023-08-16 02:02:20', NULL),
(423, 45, '', '创建考核', '', '', 'user:assessment:department:add', '', 0, 0, '', '', 0, '1/43/45', '', 3, '{\"menu_name_en\":\"Create Assessment\"}', 0, 0, 'B', 1, 1, '2023-08-02 04:03:10', '2023-08-16 02:02:20', NULL),
(424, 26, '', '同意', '', '', 'user:examine:approval:agree', '', 0, 0, '', '', 0, '100/13/26', '', 3, '{\"menu_name_en\":\"agree\"}', 0, 0, 'B', 1, 1, '2023-08-02 04:20:45', '2023-08-16 02:02:20', NULL),
(425, 26, '', '拒绝', '', '', 'user:examine:approval:refuse', '', 0, 0, '', '', 0, '100/13/26', '', 3, '{\"menu_name_en\":\"refuse\"}', 0, 0, 'B', 1, 1, '2023-08-02 04:21:12', '2023-08-16 02:02:20', NULL),
(426, 26, '', '查看详情', '', '', 'user:examine:approval:details', '', 0, 0, '', '', 0, '100/13/26', '', 3, '{\"menu_name_en\":\"View Details\"}', 0, 0, 'B', 1, 1, '2023-08-02 04:22:13', '2023-08-16 02:02:20', NULL),
(427, 14, '', '详情', '', '', 'user:examine:mine:details', '', 0, 0, '', '', 0, '100/1300/14', '', 3, '{\"menu_name_en\":\"details\"}', 0, 0, 'B', 1, 1, '2023-08-02 04:23:10', '2023-08-16 02:02:20', NULL),
(428, 45, '', '查看', '', '', 'user:assessment:department:check', '', 0, 0, '', '', 0, '1/43/45', '', 3, '', 0, 0, 'B', 1, 1, '2023-08-02 06:11:38', '2023-08-16 02:02:20', NULL),
(429, 45, '', '复制', '', '', 'user:assessment:department:copy', '', 0, 0, '', '', 0, '1/43/45', '', 3, '', 0, 0, 'B', 1, 1, '2023-08-02 06:12:07', '2023-08-16 02:02:20', NULL),
(430, 45, '', '删除', '', '', 'user:assessment:department:delete', '', 0, 0, '', '', 0, '1/43/45', '', 3, '', 0, 0, 'B', 1, 1, '2023-08-02 06:12:27', '2023-08-16 02:02:20', NULL),
(431, 45, '', '评分记录', '', '', 'user:assessment:department:record', '', 0, 0, '', '', 0, '1/43/45', '', 3, '', 0, 0, 'B', 1, 1, '2023-08-02 06:13:48', '2023-08-16 02:02:20', NULL),
(434, 190, '', '添加客户', '', '', 'customer:list:add', '', 0, 0, '', '', 0, '1890/190', '', 2, '', 0, 0, 'B', 0, 1, '2023-08-02 06:22:25', '2023-08-16 02:02:20', NULL),
(435, 190, '', '设置标签', '', '', 'customer:list:setLabel', '', 0, 0, '', '', 0, '189/190', '', 2, '', 0, 0, 'B', 0, 1, '2023-08-02 06:25:17', '2023-08-16 02:02:20', NULL),
(436, 190, '', '一键转移', '', '', 'customer:list:transfer', '', 0, 0, '', '', 0, '1890/190', '', 2, '', 0, 0, 'B', 0, 1, '2023-08-02 06:25:58', '2023-08-16 02:02:20', NULL),
(437, 190, '', '查看', '', '', 'customer:list:check', '', 0, 0, '', '', 0, '1890/190', '', 2, '', 0, 0, 'B', 0, 1, '2023-08-02 06:26:22', '2023-08-16 02:02:20', NULL),
(438, 190, '', '添加合同', '', '', 'customer:list:addContract', '', 0, 0, '', '', 0, '1890/190', '', 2, '', 0, 0, 'B', 0, 1, '2023-08-02 06:27:06', '2023-08-16 02:02:20', NULL),
(439, 190, '', '删除', '', '', 'customer:list:iMResponsible:delete', '', 0, 0, '', '', 0, '1890/190', '', 2, '', 0, 0, 'B', 0, 1, '2023-08-02 06:28:23', '2023-08-16 02:02:20', NULL),
(441, 190, '', '下载模板', '', '', 'customer:list:down', '', 0, 0, '', '', 0, '1890/190', '', 2, '', 0, 0, 'B', 0, 1, '2023-08-02 06:30:00', '2023-08-16 02:02:20', NULL),
(442, 190, '', '导入', '', '', 'customer:list:import', '', 0, 0, '', '', 0, '1890/190', '', 2, '', 0, 0, 'B', 0, 1, '2023-08-02 06:30:42', '2023-08-16 02:02:20', NULL),
(443, 232, '', '查看', '', '', 'customer:contract:check', '', 0, 0, '', '', 0, '189/232', '', 2, '', 0, 0, 'B', 0, 1, '2023-08-02 06:31:32', '2023-08-02 10:54:42', NULL),
(444, 232, '', '转移', '', '', 'customer:contract:transfer', '', 0, 0, '', '', 0, '189/232', '', 2, '', 0, 0, 'B', 0, 1, '2023-08-02 06:31:57', '2023-08-02 10:54:53', NULL),
(445, 232, '', '添加合同', '', '', 'customer:contract:add', '', 0, 0, '', '', 0, '189/232', '', 2, '', 0, 0, 'B', 0, 1, '2023-08-02 06:32:44', '2023-08-02 10:55:01', NULL),
(446, 232, '', '删除', '', '', 'customer:contract:delete', '', 0, 0, '', '', 0, '189/232', '', 2, '', 0, 0, 'B', 0, 1, '2023-08-02 06:33:24', '2023-08-02 10:55:08', NULL),
(447, 238, '', '一键转移', '', '', 'customer:invoice:transfer', '', 0, 0, '', '', 0, '189/238', '', 2, '', 0, 0, 'B', 0, 1, '2023-08-02 06:35:00', '2023-08-02 10:58:18', NULL),
(448, 238, '', '查看', '', '', 'customer:invoice:check', '', 0, 0, '', '', 0, '189/238', '', 2, '', 0, 0, 'B', 0, 1, '2023-08-02 06:46:31', '2023-08-02 10:58:26', NULL),
(449, 238, '', '备注', '', '', 'customer:invoice:remarks', '', 0, 0, '', '', 0, '189/238', '', 2, '', 0, 0, 'B', 0, 1, '2023-08-02 06:47:38', '2023-08-02 10:58:35', NULL),
(450, 245, '', '添加类型', '', '', 'setup:work:add', '', 0, 0, '', '', 0, '189/244/245', '', 3, '', 0, 0, 'B', 1, 1, '2023-08-02 15:03:25', '2023-10-19 16:39:03', NULL),
(452, 247, '', '添加标签组', '', '', 'customer:setup:label:add', '', 0, 0, '', '', 0, '189/244/247', '', 3, '', 0, 0, 'B', 1, 1, '2023-08-02 15:18:07', '2023-10-19 16:39:14', NULL),
(453, 247, '', '编辑', '', '', 'customer:setup:label:edit', '', 0, 0, '', '', 0, '189/244/247', '', 3, '', 0, 0, 'B', 1, 1, '2023-08-02 15:18:51', '2023-10-19 16:39:14', NULL),
(454, 247, '', '删除', '', '', 'customer:setup:label:delete', '', 0, 0, '', '', 0, '189/244/247', '', 3, '', 0, 0, 'B', 1, 1, '2023-08-02 15:19:14', '2023-10-19 16:39:14', NULL),
(455, 252, '', '新增分类', '', '', 'customer:setup:contractType:add', '', 0, 0, '', '', 0, '189/244/252', '', 3, '', 0, 0, 'B', 0, 1, '2023-08-02 07:42:25', '2023-08-02 07:42:25', NULL),
(456, 252, '', '编辑', '', '', 'customer:setup:contractType:edit', '', 0, 0, '', '', 0, '189/244/252', '', 3, '', 0, 0, 'B', 0, 1, '2023-08-02 07:43:06', '2023-08-02 07:43:06', NULL),
(457, 252, '', '删除', '', '', 'customer:setup:contractType:delete', '', 0, 0, '', '', 0, '189/244/252', '', 3, '', 0, 0, 'B', 0, 1, '2023-08-02 07:43:26', '2023-08-02 07:43:26', NULL),
(458, 252, '', '添加子分类', '', '', 'customer:setup:contractType:addChild', '', 0, 0, '', '', 0, '189/244/252', '', 3, '', 0, 0, 'B', 0, 1, '2023-08-02 07:46:48', '2023-08-02 07:46:48', NULL),
(459, 255, '', '新增账目', '', '', 'fd:enterprise:list:add', '', 0, 0, '', '', 0, '253/254/255', '', 3, '', 0, 0, 'B', 0, 1, '2023-08-02 07:49:29', '2023-08-02 07:49:29', NULL),
(460, 255, '', '导入', '', '', 'fd:enterprise:list:import', '', 0, 0, '', '', 0, '253/254/255', '', 3, '', 0, 0, 'B', 0, 1, '2023-08-02 07:50:36', '2023-08-02 07:50:36', NULL),
(461, 255, '', '导出', '', '', 'fd:enterprise:list:export', '', 0, 0, '', '', 0, '253/254/255', '', 3, '', 0, 0, 'B', 0, 1, '2023-08-02 07:51:08', '2023-08-02 07:51:08', NULL),
(462, 255, '', '查看', '', '', 'fd:enterprise:list:check', '', 0, 0, '', '', 0, '253/254/255', '', 3, '', 0, 0, 'B', 0, 1, '2023-08-02 07:53:10', '2023-08-02 07:53:10', NULL),
(463, 255, '', '编辑', '', '', 'fd:enterprise:list:edit', '', 0, 0, '', '', 0, '253/254/255', '', 3, '', 0, 0, 'B', 0, 1, '2023-08-02 07:53:25', '2023-08-02 07:53:25', NULL),
(464, 255, '', '删除', '', '', 'fd:enterprise:list:delete', '', 0, 0, '', '', 0, '253/254/255', '', 3, '', 0, 0, 'B', 0, 1, '2023-08-02 07:54:08', '2023-08-02 07:54:08', NULL),
(465, 267, '', '导出', '', '', 'fd:examine:export', '', 0, 0, '', '', 0, '253/267', '', 2, '', 0, 0, 'B', 0, 0, '2023-08-02 07:59:42', '2024-02-04 15:27:15', NULL),
(466, 267, '', '查看', '', '', 'fd:examine:check', '', 0, 0, '', '', 0, '253/267', '', 2, '', 0, 0, 'B', 0, 0, '2023-08-02 08:01:07', '2024-02-04 15:27:15', NULL),
(467, 267, '', '编辑', '', '', 'fd:examine:edit', '', 0, 0, '', '', 0, '253/267', '', 2, '', 0, 0, 'B', 0, 0, '2023-08-02 08:01:31', '2024-02-04 15:27:15', NULL),
(468, 267, '', '删除', '', '', 'fd:examine:delete', '', 0, 0, '', '', 0, '253/267', '', 2, '', 0, 0, 'B', 0, 0, '2023-08-02 08:01:51', '2024-02-04 15:27:15', NULL),
(469, 271, '', '查看', '', '', 'fd:invoice:check', '', 0, 0, '', '', 0, '253/271', '', 2, '', 0, 0, 'B', 1, 1, '2023-08-02 08:06:18', '2024-02-04 18:49:48', NULL),
(470, 271, '', '审核', '', '', 'fd:invoice:edit', '', 0, 0, '', '', 0, '253/271', '', 2, '', 0, 0, 'B', 1, 1, '2023-08-02 08:06:50', '2024-02-04 18:49:48', NULL),
(471, 271, '', '作废', '', '', 'fd:invoice:void', '', 0, 0, '', '', 0, '253/271', '', 2, '', 0, 0, 'B', 1, 1, '2023-08-02 08:08:02', '2024-02-04 18:49:48', NULL),
(472, 276, '', '添加分类', '', '', 'fd:setup:cate:income:add', '', 0, 0, '', '', 0, '253/275/276', '', 3, '', 0, 0, 'B', 1, 1, '2023-08-02 08:08:53', '2024-07-01 15:42:27', NULL),
(473, 276, '', '添加子分类', '', '', 'fd:setup:cate:income:addchild', '', 0, 0, '', '', 0, '253/275/276', '', 3, '', 0, 0, 'B', 1, 1, '2023-08-02 08:09:22', '2024-07-01 15:42:27', NULL),
(474, 276, '', '编辑', '', '', 'fd:setup:cate:income:edit', '', 0, 0, '', '', 0, '253/275/276', '', 3, '', 0, 0, 'B', 1, 1, '2023-08-02 08:09:38', '2024-07-01 15:42:27', NULL),
(475, 276, '', '删除', '', '', 'fd:setup:cate:income:delete', '', 0, 0, '', '', 0, '253/275/276', '', 3, '', 0, 0, 'B', 1, 1, '2023-08-02 08:10:51', '2024-07-01 15:42:27', NULL),
(476, 277, '', '新增分类', '', '', 'fd:setup:cate:expenditure:add', '', 0, 0, '', '', 0, '253/275/277', '', 3, '', 0, 0, 'B', 1, 1, '2023-08-02 08:11:41', '2024-07-01 15:42:31', NULL),
(477, 277, '', '添加子分类', '', '', 'fd:setup:cate:expenditure:addchild', '', 0, 0, '', '', 0, '253/275/277', '', 3, '', 0, 0, 'B', 1, 1, '2023-08-02 08:12:04', '2024-07-01 15:42:31', NULL),
(478, 277, '', '编辑', '', '', 'fd:setup:cate:expenditure:edit', '', 0, 0, '', '', 0, '253/275/277', '', 3, '', 0, 0, 'B', 1, 1, '2023-08-02 08:12:20', '2024-07-01 15:42:31', NULL),
(479, 277, '', '删除', '', '', 'fd:setup:cate:expenditure:delete', '', 0, 0, '', '', 0, '253/275/277', '', 3, '', 0, 0, 'B', 1, 1, '2023-08-02 08:12:52', '2024-07-01 15:42:31', NULL),
(480, 278, '', '添加支付方式', '', '', 'fd:setup:type:add', '', 0, 0, '', '', 0, '253/275/278', '', 3, '', 0, 0, 'B', 1, 1, '2023-08-02 08:13:46', '2024-07-01 15:42:36', NULL),
(481, 278, '', '编辑', '', '', 'fd:setup:type:edit', '', 0, 0, '', '', 0, '253/275/278', '', 3, '', 0, 0, 'B', 1, 1, '2023-08-02 08:14:10', '2024-07-01 15:42:36', NULL),
(482, 278, '', '删除', '', '', 'fd:setup:type:delete', '', 0, 0, '', '', 0, '253/275/278', '', 3, '', 0, 0, 'B', 1, 1, '2023-08-02 08:14:25', '2024-07-01 15:42:36', NULL),
(483, 280, '', '添加类目', '', '', 'fd:setup:category:add', '', 0, 0, '', '', 0, '253/275/280', '', 3, '', 0, 0, 'B', 0, 0, '2023-08-02 08:15:00', '2024-02-19 15:55:47', NULL),
(484, 280, '', '编辑', '', '', 'fd:setup:category:edit', '', 0, 0, '', '', 0, '253/275/280', '', 3, '', 0, 0, 'B', 0, 0, '2023-08-02 08:15:19', '2024-02-19 15:55:47', NULL),
(485, 280, '', '删除', '', '', 'fd:setup:category:delete', '', 0, 0, '', '', 0, '253/275/280', '', 3, '', 0, 0, 'B', 0, 0, '2023-08-02 08:15:35', '2024-02-19 15:55:47', NULL),
(486, 133, '', '编辑', '', '', 'hr:enterprise:group:edit', '', 0, 0, '', '', 0, '13200/133', '', 2, '', 0, 0, 'B', 1, 1, '2023-08-02 08:16:19', '2024-02-04 15:50:24', NULL),
(487, 158, '', '添加职位', '', '', 'hr:enterprise:job:jobAdministration:add', '', 0, 0, '', '', 0, '13200/15700/158', '', 3, '', 0, 0, 'B', 0, 1, '2023-08-02 08:17:45', '2023-08-16 02:02:20', NULL),
(488, 158, '', '删除', '', '', 'hr:enterprise:job:jobAdministration:delete', '', 0, 0, '', '', 0, '13200/15700/158', '', 3, '', 0, 0, 'B', 0, 1, '2023-08-02 08:18:40', '2023-08-16 02:02:20', NULL),
(489, 158, '', '编辑', '', '', 'hr:enterprise:job:jobAdministration:edit', '', 0, 0, '', '', 0, '13200/15700/158', '', 3, '', 0, 0, 'B', 0, 1, '2023-08-02 08:19:00', '2023-08-16 02:02:20', NULL),
(490, 158, '', '查看', '', '', 'hr:enterprise:job:jobAdministration:check', '', 0, 0, '', '', 0, '13200/15700/158', '', 3, '', 0, 0, 'B', 0, 1, '2023-08-02 08:19:20', '2023-08-16 02:02:20', NULL),
(491, 159, '', '添加职级', '', '', 'hr:enterprise:job:rankManagement:add', '', 0, 0, '', '', 0, '13200/15700/159', '', 3, '', 0, 0, 'B', 0, 1, '2023-08-02 08:20:14', '2023-08-16 02:02:20', NULL),
(492, 159, '', '删除', '', '', 'hr:enterprise:job:rankManagement:delete', '', 0, 0, '', '', 0, '13200/15700/159', '', 3, '', 0, 0, 'B', 0, 1, '2023-08-02 08:20:41', '2023-08-16 02:02:20', NULL),
(493, 159, '', '编辑', '', '', 'hr:enterprise:job:rankManagement:edit', '', 0, 0, '', '', 0, '13200/15700/159', '', 3, '', 0, 0, 'B', 0, 1, '2023-08-02 08:20:57', '2023-08-16 02:02:20', NULL),
(494, 160, '', '添加职等', '', '', 'hr:enterprise:job:positionSystemChart:add', '', 0, 0, '', '', 0, '13200/15700/160', '', 3, '', 0, 0, 'B', 0, 1, '2023-08-02 08:22:01', '2023-08-16 02:02:20', NULL),
(495, 160, '', '批量修改职等区间', '', '', 'hr:enterprise:job:positionSystemChart:put', '', 0, 0, '', '', 0, '13200/15700/160', '', 3, '', 0, 0, 'B', 0, 1, '2023-08-02 08:25:03', '2023-08-16 02:02:20', NULL),
(496, 161, '', '查看', '', '', 'hr:enterprise:analysis:check', '', 0, 0, '', '', 0, '132/157/161', '', 4, '', 0, 0, 'B', 1, 1, '2023-08-02 08:25:39', '2023-12-01 16:27:32', NULL),
(497, 161, '', '编辑', '', '', 'hr:enterprise:analysis:edit', '', 0, 0, '', '', 0, '132/157/161', '', 4, '', 0, 0, 'B', 1, 1, '2023-08-02 08:25:57', '2023-12-01 16:27:32', NULL),
(498, 163, '', '批量导出', '', '', 'hr:assessStaff:assessmentStaff:export', '', 0, 0, '', '', 0, '13200/16200/163', '', 4, '', 0, 0, 'B', 1, 1, '2023-08-02 16:26:44', '2023-10-27 16:09:58', NULL),
(499, 163, '', '编辑', '', '', 'hr:assessStaff:assessmentStaff:edit', '', 0, 0, '', '', 0, '13200/16200/163', '', 4, '', 0, 0, 'B', 1, 1, '2023-08-02 16:27:09', '2023-10-27 16:09:58', NULL),
(500, 163, '', '删除', '', '', 'hr:assessStaff:assessmentStaff:delete', '', 0, 0, '', '', 0, '13200/16200/163', '', 4, '', 0, 0, 'B', 1, 1, '2023-08-02 16:27:28', '2023-10-27 16:09:58', NULL),
(501, 163, '', '评分记录', '', '', 'hr:assessStaff:assessmentStaff:record', '', 0, 0, '', '', 0, '13200/16200/163', '', 4, '', 0, 0, 'B', 1, 1, '2023-08-02 16:28:02', '2023-10-27 16:09:58', NULL),
(502, 165, '', '考核详情', '', '', 'hr:assessStaff:deleteRecord:details', '', 0, 0, '', '', 0, '13200/16200/165', '', 4, '', 0, 0, 'B', 1, 1, '2023-08-02 16:28:37', '2023-10-27 16:09:58', NULL),
(503, 170, '', '保存', '', '', 'hr:assessConfig:assessmentPlan:save', '', 0, 0, '', '', 0, '13200/16900/170', '', 4, '', 0, 0, 'B', 1, 1, '2023-08-02 16:32:29', '2023-10-27 16:09:58', NULL),
(504, 171, '', '保存', '', '', 'hr:assessConfig:assessmentScore:save', '', 0, 0, '', '', 0, '13200/16900/171', '', 4, '', 0, 0, 'B', 1, 1, '2023-08-02 16:33:07', '2023-10-27 16:09:58', NULL),
(505, 179, '', '新建审批流程', '', '', 'business:examine:index:add', '', 0, 0, '', '', 0, '13200/17800/179', '', 3, '', 0, 0, 'B', 1, 1, '2023-08-02 08:34:36', '2023-08-26 00:57:37', NULL),
(506, 179, '', '编辑', '', '', 'business:examine:index:edit', '', 0, 0, '', '', 0, '13200/17800/179', '', 3, '', 0, 0, 'B', 1, 1, '2023-08-02 08:36:03', '2023-08-26 00:57:37', NULL),
(507, 179, '', '删除', '', '', 'business:examine:index:delete', '', 0, 0, '', '', 0, '13200/17800/179', '', 3, '', 0, 0, 'B', 1, 1, '2023-08-02 08:36:22', '2023-08-26 00:57:37', NULL),
(508, 186, '', '导出', '', '', 'business:record:index:export', '', 0, 0, '', '', 0, '13200/17800/186', '', 3, '', 0, 0, 'B', 1, 1, '2023-08-02 08:38:19', '2023-08-26 00:57:37', NULL),
(509, 186, '', '详情', '', '', 'business:record:index:details', '', 0, 0, '', '', 0, '13200/17800/186', '', 3, '', 0, 0, 'B', 1, 1, '2023-08-02 08:39:04', '2023-08-26 00:57:37', NULL),
(510, 186, '', '删除', '', '', 'business:record:index:delete', '', 0, 0, '', '', 0, '13200/17800/186', '', 3, '', 0, 0, 'B', 1, 1, '2023-08-02 08:39:22', '2023-08-26 00:57:37', NULL),
(511, 384, '', '保存', '', '', 'hr:training:companyProfile:save', '', 0, 0, '', '', 0, '132/383/384', '', 3, '', 0, 0, 'B', 1, 1, '2023-08-02 08:41:36', '2023-10-08 10:29:59', NULL),
(512, 385, '', '保存', '', '', 'hr:training:structure:save', '', 0, 0, '', '', 0, '132/383/385', '', 3, '', 0, 0, 'B', 1, 1, '2023-08-02 08:42:51', '2023-10-08 10:29:59', NULL),
(513, 386, '', '保存', '', '', 'hr:training:plan:save', '', 0, 0, '', '', 0, '132/383/386', '', 3, '', 0, 0, 'B', 1, 1, '2023-08-02 08:44:39', '2023-10-08 10:29:59', NULL),
(514, 387, '', '添加行', '', '', 'hr:training:promotion:add', '', 0, 0, '', '', 0, '132/157/387', '', 3, '', 0, 0, 'B', 1, 1, '2023-08-02 09:09:51', '2023-10-08 10:18:47', NULL),
(515, 387, '', '编辑', '', '', 'hr:training:promotion:edit', '', 0, 0, '', '', 0, '132/157/387', '', 3, '', 0, 0, 'B', 1, 1, '2023-08-02 09:10:36', '2023-10-08 10:18:47', NULL),
(516, 387, '', '删除', '', '', 'hr:training:promotion:delete', '', 0, 0, '', '', 0, '132/157/387', '', 3, '', 0, 0, 'B', 1, 1, '2023-08-02 09:11:18', '2023-10-08 10:18:47', NULL),
(517, 393, '', '新增', '', '', 'hr:training:haishAssessment:add', '', 0, 0, '', '', 0, '132/581/393', '', 3, '', 0, 0, 'B', 1, 1, '2023-08-02 09:13:14', '2023-10-08 10:21:00', NULL),
(518, 393, '', '编辑', '', '', 'hr:training:haishAssessment:edit', '', 0, 0, '', '', 0, '132/581/393', '', 3, '', 0, 0, 'B', 1, 1, '2023-08-02 09:13:43', '2023-10-08 10:21:00', NULL),
(519, 393, '', '删除', '', '', 'hr:training:haishAssessment:delete', '', 0, 0, '', '', 0, '132/581/393', '', 3, '', 0, 0, 'B', 1, 1, '2023-08-02 09:14:13', '2023-10-08 10:21:00', NULL),
(520, 395, '', '新增', '', '', 'hr:attendance:team:add', '', 0, 0, '', '', 0, '132/578/394/395', '', 4, '', 0, 0, 'B', 1, 1, '2023-08-02 17:15:13', '2023-10-27 16:08:49', NULL),
(521, 395, '', '编辑', '', '', 'hr:attendance:team:edit', '', 0, 0, '', '', 0, '132/578/394/395', '', 4, '', 0, 0, 'B', 1, 1, '2023-08-02 17:15:51', '2023-10-27 16:08:49', NULL),
(522, 395, '', '删除', '', '', 'hr:attendance:team:delete', '', 0, 0, '', '', 0, '132/578/394/395', '', 4, '', 0, 0, 'B', 1, 1, '2023-08-02 17:17:13', '2023-10-27 16:08:49', NULL),
(523, 396, '', '新增', '', '', 'hr:attendance:shift:add', '', 0, 0, '', '', 0, '132/578/609/396', '', 4, '', 0, 0, 'B', 1, 1, '2023-08-02 17:18:13', '2024-02-05 10:29:28', NULL),
(524, 396, '', '查看', '', '', 'hr:attendance:shift:check', '', 0, 0, '', '', 0, '132/578/609/396', '', 4, '', 0, 0, 'B', 1, 1, '2023-08-02 17:18:37', '2024-02-05 10:29:28', NULL),
(525, 396, '', '编辑', '', '', 'hr:attendance:shift:edit', '', 0, 0, '', '', 0, '132/578/609/396', '', 4, '', 0, 0, 'B', 1, 1, '2023-08-02 17:18:55', '2024-02-05 10:29:28', NULL),
(526, 396, '', '删除', '', '', 'hr:attendance:shift:delete', '', 0, 0, '', '', 0, '132/578/609/396', '', 4, '', 0, 0, 'B', 1, 1, '2023-08-02 17:19:15', '2024-02-05 10:29:28', NULL),
(527, 397, '', '新增', '', '', 'hr:attendance:schedul:add', '', 0, 0, '', '', 0, '132/578/609/397', '', 4, '', 0, 0, 'B', 1, 1, '2023-08-02 17:19:49', '2024-02-05 10:30:24', NULL),
(528, 397, '', '排班', '', '', 'hr:attendance:schedul:edit', '', 0, 0, '', '', 0, '132/578/609/397', '', 4, '', 0, 0, 'B', 1, 1, '2023-08-02 17:20:23', '2024-02-05 10:30:24', NULL),
(529, 397, '', '复制', '', '', 'hr:attendance:schedul:copy', '', 0, 0, '', '', 0, '132/578/609/397', '', 4, '', 0, 0, 'B', 1, 1, '2023-08-02 17:20:42', '2024-02-05 10:30:24', NULL),
(530, 400, '', '保存', '', '', 'hr:attendance:white:save', '', 0, 0, '', '', 0, '132/578/394/400', '', 4, '', 0, 0, 'B', 1, 1, '2023-08-02 17:21:49', '2023-10-27 16:08:49', NULL),
(531, 188, '', '导出', '', '', 'hr:report:export', '', 0, 0, '', '', 0, '13200/188', '', 2, '', 0, 0, 'B', 0, 1, '2023-08-02 09:22:30', '2023-08-16 02:02:20', NULL),
(532, 188, '', '查看', '', '', 'hr:report:check', '', 0, 0, '', '', 0, '13200/188', '', 2, '', 0, 0, 'B', 0, 1, '2023-08-02 09:22:57', '2023-08-16 02:02:20', NULL),
(533, 282, '', '新建公告', '', '', 'administration:notice:add', '', 0, 0, '', '', 0, '281/282', '', 2, '', 0, 0, 'B', 0, 1, '2023-08-02 09:23:39', '2023-08-02 09:23:39', NULL),
(534, 282, '', '编辑', '', '', 'administration:notice:edit', '', 0, 0, '', '', 0, '281/282', '', 2, '', 0, 0, 'B', 0, 1, '2023-08-02 09:23:59', '2023-08-02 09:23:59', NULL),
(535, 282, '', '删除', '', '', 'administration:notice:delete', '', 0, 0, '', '', 0, '281/282', '', 2, '', 0, 0, 'B', 0, 1, '2023-08-02 09:24:15', '2023-08-02 09:24:15', NULL),
(536, 294, '', '新增入库', '', '', 'material:fixed:manage:add', '', 0, 0, '', '', 0, '281/293/294', '', 3, '', 0, 0, 'B', 0, 1, '2023-08-02 09:25:12', '2023-08-02 09:25:12', NULL),
(537, 294, '', '批量导出', '', '', 'material:fixed:manage:export', '', 0, 0, '', '', 0, '281/293/294', '', 3, '', 0, 0, 'B', 0, 1, '2023-08-02 09:26:15', '2023-08-02 09:26:15', NULL),
(538, 294, '', '领用', '', '', 'material:fixed:manage:take', '', 0, 0, '', '', 0, '281/293/294', '', 3, '', 0, 0, 'B', 0, 1, '2023-08-02 09:26:49', '2023-08-02 09:26:49', NULL),
(539, 294, '', '归还', '', '', 'material:fixed:manage:return', '', 0, 0, '', '', 0, '281/293/294', '', 3, '', 0, 0, 'B', 0, 1, '2023-08-02 09:29:20', '2023-08-02 09:29:20', NULL),
(540, 294, '', '记录', '', '', 'material:fixed:manage:record', '', 0, 0, '', '', 0, '281/293/294', '', 3, '', 0, 0, 'B', 0, 1, '2023-08-02 09:29:49', '2023-08-02 09:29:49', NULL),
(541, 294, '', '编辑', '', '', 'material:fixed:manage:edit', '', 0, 0, '', '', 0, '281/293/294', '', 3, '', 0, 0, 'B', 0, 1, '2023-08-02 09:30:09', '2023-08-02 09:30:09', NULL),
(545, 308, '', '批量导出', '', '', 'material:fixed:list:export', '', 0, 0, '', '', 0, '281/293/308', '', 3, '', 0, 0, 'B', 0, 1, '2023-08-02 09:51:40', '2023-08-02 09:51:40', NULL),
(547, 321, '', '编辑', '', '', 'auth:group:edit', '', 0, 0, '', '', 0, '315/320/321', '', 3, '', 0, 0, 'B', 1, 1, '2023-08-02 17:53:47', '2023-10-19 16:15:04', NULL),
(548, 321, '', '删除', '', '', 'auth:group:delete', '', 0, 0, '', '', 0, '315/320/321', '', 3, '', 0, 0, 'B', 1, 1, '2023-08-02 17:54:02', '2023-10-19 16:15:06', NULL),
(549, 324, '', '选择成员', '', '', 'auth:admin:add', '', 0, 0, '', '', 0, '315/320/324', '', 3, '', 0, 0, 'B', 0, 1, '2023-08-02 09:54:43', '2023-08-02 09:54:43', NULL),
(550, 324, '', '删除', '', '', 'auth:admin:delete', '', 0, 0, '', '', 0, '315/320/324', '', 3, '', 0, 0, 'B', 0, 1, '2023-08-02 09:55:06', '2023-08-02 09:55:06', NULL),
(551, 333, '', '申请授权', '', '', 'setting:auth:apply', '', 0, 0, '', '', 0, '315/320/333', '', 3, '', 0, 0, 'B', 0, 1, '2023-08-02 09:55:56', '2023-08-02 09:55:56', NULL),
(553, 380, '', '保存', '', '', 'setting:agreement:save', '', 0, 0, '', '', 0, '315/334/380', '', 3, '', 0, 0, 'B', 1, 1, '2023-08-02 17:57:21', '2023-10-26 12:06:29', NULL),
(554, 381, '', '新建入口', '', '', 'system:quick:add', '', 0, 0, '', '', 0, '315/334/381', '', 3, '', 0, 0, 'B', 0, 1, '2023-08-02 09:57:57', '2023-08-02 09:57:57', NULL),
(555, 381, '', '编辑', '', '', 'system:quick:edit', '', 0, 0, '', '', 0, '315/334/381', '', 3, '', 0, 0, 'B', 0, 1, '2023-08-02 09:58:22', '2023-08-02 09:58:22', NULL),
(556, 381, '', '删除', '', '', 'system:quick:delete', '', 0, 0, '', '', 0, '315/334/381', '', 3, '', 0, 0, 'B', 0, 1, '2023-08-02 09:58:40', '2023-08-02 09:58:40', NULL),
(557, 352, '', '同步数据', '', '', 'enterprise:news:add', '', 0, 0, '', '', 0, '315/334/352', '', 3, '', 0, 0, 'B', 0, 1, '2023-08-02 09:59:34', '2023-08-02 09:59:34', NULL),
(558, 352, '', '设置时间', '', '', 'enterprise:news:edit', '', 0, 0, '', '', 0, '315/334/352', '', 3, '', 0, 0, 'B', 0, 1, '2023-08-02 10:00:20', '2023-08-02 10:00:20', NULL),
(564, 255, '', '下载模板', '', '', 'fd:enterprise:list:down', '', 0, 0, '', '', 0, '253/254/255', '', 3, '', 0, 0, 'B', 0, 1, '2023-08-02 11:22:30', '2023-08-02 11:22:30', NULL),
(565, 147, '', '新增', '', '', 'hr:archives:add', '', 0, 0, '', '', 0, '1320/147', '', 2, '', 0, 0, 'B', 1, 1, '2023-08-03 09:12:22', '2023-10-27 16:04:49', NULL),
(566, 147, '', '导出', '', '', 'hr:archives:export', '', 0, 0, '', '', 0, '1320/147', '', 2, '', 0, 0, 'B', 1, 1, '2023-08-03 09:12:42', '2023-10-27 16:04:49', NULL),
(567, 147, '', '下载模板', '', '', 'hr:archives:down', '', 0, 0, '', '', 0, '1320/147', '', 2, '', 0, 0, 'B', 1, 1, '2023-08-03 09:13:18', '2023-10-27 16:04:49', NULL),
(568, 147, '', '导入', '', '', 'hr:archives:import', '', 0, 0, '', '', 0, '1320/147', '', 2, '', 0, 0, 'B', 1, 1, '2023-08-03 09:13:37', '2023-10-27 16:04:49', NULL),
(569, 147, '', '查看', '', '', 'hr:archives:check', '', 0, 0, '', '', 0, '1320/147', '', 2, '', 0, 0, 'B', 1, 1, '2023-08-03 09:14:05', '2023-10-27 16:04:49', NULL),
(571, 387, '', '晋升标准', '', '', 'hr:training:promotion:details', '', 0, 0, '', '', 0, '132/157/387', '', 3, '', 0, 0, 'B', 1, 1, '2023-08-03 01:35:21', '2023-10-08 10:18:47', NULL),
(573, 69, '', '新建', '', '', 'user:cloudfile:add', '', 0, 0, '', '', 0, '69', '', 1, '', 0, 0, 'B', 0, 1, '2023-08-03 02:09:27', '2023-08-03 02:09:27', NULL),
(574, 69, '', '使用模板', '', '', 'user:cloudfile:use', '', 0, 0, '', '', 0, '69', '', 1, '', 0, 0, 'B', 0, 1, '2023-08-03 02:10:40', '2023-08-03 02:10:40', NULL),
(575, 69, '', '移动', '', '', 'user:cloudfile:move', '', 0, 0, '', '', 0, '69', '', 1, '', 0, 0, 'B', 0, 1, '2023-08-03 02:11:37', '2023-08-03 02:11:37', NULL),
(576, 69, '', '删除', '', '', 'user:cloudfile:delete', '', 0, 0, '', '', 0, '69', '', 1, '', 0, 0, 'B', 0, 1, '2023-08-03 02:12:03', '2023-08-03 02:12:03', NULL),
(577, 69, '', '回收站', '', '', 'user:cloudfile:recycle', '', 0, 0, '', '', 0, '69', '', 1, '', 0, 0, 'B', 0, 1, '2023-08-03 02:12:42', '2023-08-03 02:12:42', NULL),
(578, 132, 'iconrenshi-kaoqinshezhi-cebian', '考勤管理', '', '', 'menus653b701147a8e', '/hr/attendance', 0, 0, '', '', 0, '132', 'hr/attendance', 1, '', 130, 0, 'M', 1, 1, '2023-08-28 11:46:32', '2023-10-27 16:08:49', NULL),
(579, 1, '', '考勤打卡', '', '', 'menus64f05e1a01b49', '/pages/attendance/index', 0, 0, '/pages/attendance/index', '', 0, '1', '', 1, '', 0, 0, 'M', 0, 1, '2023-08-31 09:16:09', '2023-08-31 09:32:10', NULL),
(580, 132, '', '记事本', '', '', 'menus64f060d1ce09c', '/pages/users/memorandum/index', 0, 0, '/pages/users/memorandum/index', '', 0, '132', '', 1, '', 0, 0, 'M', 0, 1, '2023-08-31 09:43:45', '2023-08-31 09:43:45', NULL),
(581, 132, 'iconrenshi-gongzuofenxibiao-cebian', '辅助工具', '', '', 'menus652211e4a3fec', '/hr/tool/haishAssessment', 0, 0, '', '', 0, '132', 'hr/tool/haishAssessment', 1, '', 0, 0, 'M', 1, 1, '2023-10-08 10:19:24', '2023-10-08 10:20:20', NULL),
(582, 132, 'iconrenshi-jixiaokaohe-cebian', '绩效考核', '', '', 'menus653b7056623d2', '/hr/assess', 0, 0, '', '', 0, '132', '', 1, '', 120, 0, 'M', 1, 1, '2023-09-05 11:57:11', '2023-10-27 16:09:58', NULL),
(583, 0, '', '社区', '', '', 'menus65227c484479f', '/user', 0, 0, '', '', 0, '0', '', 1, '', 0, 0, 'M', 0, 1, '2023-10-08 17:54:16', '2023-10-08 17:54:16', NULL),
(584, 583, '', '知识社区', '', '', 'menus65227c7de7b37', '/user/forum/index', 0, 0, '', '', 0, '583', 'user/forum/index', 1, '', 0, 0, 'M', 0, 1, '2023-10-08 17:55:09', '2023-10-08 17:55:09', NULL),
(585, 407, '', '假期查询', '', '', 'menus65c048f3990aa', '/business/holidayQuery/index', 0, 0, '', '', 0, '132/578/407', 'business/holidayQuery/index', 3, '', 0, 0, 'M', 0, 1, '2023-10-07 11:24:38', '2024-02-05 10:33:36', NULL),
(586, 394, '', '假期类型', '', '', 'menus65c04820374c3', '/business/holidayType/index', 0, 0, '', '', 0, '132/578/394', 'business/holidayType/index', 3, '', 0, 0, 'M', 1, 1, '2023-10-07 11:28:34', '2024-02-05 10:29:52', NULL),
(587, 321, '', '修改密码', '', '', 'auth:group:password', '', 0, 0, '', '', 0, '315/320/321', '', 3, '', 0, 0, 'B', 1, 1, '2023-10-19 16:15:36', '2023-10-21 16:06:40', NULL),
(589, 244, '', '数据管理', '', '', 'menus655c5ff72f93a', '/customer/setup/dictionary/management', 0, 0, '', '', 0, '189/244', 'customer/setup/dictionary/management', 2, '', 0, 0, 'M', 0, 1, '2023-11-21 07:44:55', '2023-11-21 07:44:55', NULL),
(590, 244, '', '自定义表单', '', '', 'menus655c608585219', '/customer/setup/customForm/index', 0, 0, '', '', 0, '189/244', 'customer/setup/customForm/index', 2, '', 0, 0, 'M', 1, 1, '2023-11-21 07:47:17', '2023-11-21 07:47:17', NULL),
(591, 244, '', '规则设置', '', '', 'menus655d57f793db5', '/customer/setup/ruleSettings/index', 0, 0, '', '', 0, '189/244', 'customer/setup/ruleSettings/index', 2, '', 0, 0, 'M', 1, 1, '2023-11-21 09:42:15', '2023-11-22 01:23:03', NULL),
(592, 190, '', '公海池', '', '', 'menus656838aad4cd3', '/customer/list/public', 0, 0, '', '', 0, '189/190', 'customer/list/public', 2, '', 0, 0, 'M', 1, 1, '2023-11-30 07:24:26', '2023-11-30 07:24:26', NULL),
(593, 189, 'iconkehu-hetongguanli-cebian', '合同收支', '', '', 'menus66b96db6a0161', '/customer/whole/index', 0, 0, '', '', 0, '189', 'customer/whole/index', 1, '', 667, 0, 'M', 1, 1, '2023-12-07 02:05:13', '2024-08-12 10:04:38', NULL),
(609, 578, '', '排班管理', '', '', 'menus65c047f9a5b25', '/hr/paiban', 0, 0, '', '', 0, '132/578', '', 2, '', 0, 0, 'M', 1, 1, '2024-02-05 10:29:13', '2024-02-05 10:30:32', NULL),
(610, 0, 'iconwendangguanli1', '项目', '', '', 'menus65ee6faca5645', '/program', 0, 0, '', '', 0, '0', '', 1, '', 85, 0, 'M', 1, 1, '2024-03-11 10:00:20', '2024-03-11 10:42:52', NULL),
(611, 610, 'iconcaiwu-zhangmujilu-cebian', '我的项目', '', '', 'menus65ee7037115ac', '/program/programList/index', 0, 0, '', '', 0, '610', 'program/programList/index', 1, '', 100, 0, 'M', 1, 1, '2024-03-11 10:39:54', '2024-03-11 10:45:11', NULL),
(612, 610, '', '项目动态', '', '', 'menus65f29ec65aa05', '/program/programList/dynamics', 0, 0, '', '', 0, '610', 'program/programList/dynamics', 1, '', 0, 0, 'M', 0, 1, '2024-03-14 12:11:46', '2024-03-14 14:52:54', NULL),
(613, 610, 'iconcaiwu-zhangmujilu-cebian', '我的任务', '', '', 'menus65f2ae1c7ad6f', '/program/programTask/index', 0, 0, '', '', 0, '610', 'program/programTask/index', 1, '', 90, 0, 'M', 1, 1, '2024-03-14 15:58:20', '2024-03-14 15:58:22', NULL),
(614, 0, 'iconzhijiguanli', '开发', '', '', 'menus65e51ff04a5d5', '/develop', 0, 0, '', '', 1, '0', '/develop', 1, '', 55, 0, 'M', 1, 1, '2024-03-04 09:10:26', '2024-03-04 09:12:16', NULL),
(615, 614, 'iconxitong-quanyishuju-cebian', '数据字典', '', '', 'menus65e5317548d16', '/develop/dictionary', 0, 0, '', '', 0, '614', 'develop/dictionary/index', 1, '', 0, 0, 'M', 1, 1, '2024-03-04 09:20:32', '2024-03-04 10:27:01', NULL),
(616, 614, 'iconsucaiguanli', '实体管理', '', '', 'menus66262ee0acf28', '/develop/crud', 0, 0, '', '', 0, '614', 'develop/crud/index', 1, '', 6, 0, 'M', 1, 1, '2024-03-04 10:01:49', '2024-04-22 17:33:20', NULL),
(617, 614, 'iconkaohejihua', '流程管理', '', '', 'menus65f01d249b20b', '/develop/approve', 0, 0, '', '', 0, '614', 'develop/approve/index', 1, '', 0, 0, 'M', 1, 1, '2024-03-04 10:03:02', '2024-03-12 17:15:16', NULL),
(618, 614, 'iconhangzheng-bangongwuzi-cebian', '触发器管理', '', '', 'menus65f01f1a4efa6', '/develop/event', 0, 0, '', '', 0, '614', 'develop/event/index', 1, '', 0, 0, 'M', 1, 1, '2024-03-04 18:03:35', '2024-03-12 17:23:38', NULL),
(619, 614, '', '字典管理', '', '', 'menus661e2ad6299e4', '/develop/dictionary/management', 0, 0, '', '', 0, '614', 'develop/dictionary/management', 1, '', 0, 0, 'M', 0, 1, '2024-03-04 18:29:48', '2024-04-16 15:37:58', NULL),
(620, 614, '', '实体设计', '', '', 'menus662630234a953', '/develop/crud/design', 0, 0, '', '', 0, '614', 'develop/crud/design', 1, '', 0, 0, 'M', 0, 1, '2024-03-05 17:06:20', '2024-04-22 17:38:43', NULL),
(621, 610, '', '任务详情', '', '', 'menus6642c9ace4dca', '/program/programList/taskDetails', 0, 0, '', '', 0, '610', 'program/programList/taskDetails', 1, '', 0, 0, 'M', 0, 1, '2024-05-14 01:58:40', '2024-05-14 02:17:16', NULL),
(622, 614, 'iconbangong-gongzuotai-cebian', '图表列表', '', '', 'menus667d4d23de29f', '/dashboard/list', 0, 0, '', '', 0, '614', 'system/dashboard-design/list/index', 1, '', 0, 0, 'M', 1, 1, '2024-06-27 19:29:39', '2024-06-27 19:29:39', NULL),
(623, 147, '', '工资结构', '', '', 'menus667fb6901697e', '/crud/module/gongzitiaojiegou/list', 1, 4, '/pages/module/list?tablename=gongzitiaojiegou', '', 0, '132/147', 'develop/module/index', 2, '', 0, 0, 'M', 1, 1, '2024-06-29 15:22:46', '2024-06-29 15:25:40', NULL),
(624, 614, 'iconbangong-yunwenjian-cebian', '接口管理', '', '', 'menus66a1b181e52fa', '/develop/dataManagement', 0, 0, '', '', 0, '622', 'develop/dataManagement/index', 1, '', 0, 0, 'M', 1, 1, '2024-07-25 01:56:25', '2024-07-25 01:59:29', NULL);

-- #系统权限
INSERT INTO `eb_system_role`(`id`, `role_name`, `rules`, `apis`, `type`, `entid`, `level`, `status`, `uniqued`) VALUES
(1, '企业超级角色(创始人)', '["2","3","26","14","36","28","414","45","44","68","41","42","392","389","391","390","37","580","579","231","191","237","233","242","239","243","245","247","252","255","265","268","270","272","274","276","277","278","280","133","148","149","156","179","186","585","188","395","586","405","404","400","397","396","409","410","411","163","164","165","170","171","177","161","158","159","160","387","386","385","384","393","282","294","308","312","311","313","382","119","131","317","319","321","324","333","335","338","381","380","358","352","361","374","376"]', '["417","426","425","424","427","416","420","419","418","431","430","429","428","423","422","421","442","441","439","438","437","436","435","434","446","445","444","443","449","448","447","450","454","453","452","458","457","456","455","564","464","463","462","461","460","459","468","467","466","465","471","470","469","475","474","473","472","479","478","477","476","482","481","480","485","484","483","486","569","568","567","566","565","507","506","505","510","509","508","532","531","522","521","520","530","529","528","527","526","525","524","523","501","500","499","498","502","503","504","497","496","490","489","488","487","493","492","491","495","494","571","516","515","514","513","512","511","519","518","517","535","534","533","541","540","539","538","537","536","545","577","576","575","574","573","546","587","548","547","550","549","551","415","556","555","554","553","558","557","561","560","559","562","572"]', '0', 0, 0, 0, NULL),
(2, '初始角色(无企业)', '["2","3","14","28","414","44","41","42","392","389","391","390","37","580","579","191","233","239","382","119","131"]', '["417","427","416","419","418","422","421","577","576","575","574","573"]', '1', 0, 0, 0, NULL),
(3, '初始角色(有企业)', '["2","3","14","28","414","44","41","42","392","389","391","390","37","580","579","191","233","239","382","119","131"]', '["417","427","416","419","418","422","421","577","576","575","574","573"]', '2', 0, 0, 0, NULL);
INSERT INTO `eb_enterprise_role` (`id`, `role_name`, `types`, `user_count`, `entid`, `data_level`, `directly`, `frame_id`, `rules`, `rule_unique`, `apis`, `api_unique`, `status`) VALUES
(1, '超级管理员', NULL, 1, 1, 4, 1, '[]', '[\"2\",\"26\",\"14\",\"641\",\"3\",\"36\",\"28\",\"41\",\"42\",\"582\",\"45\",\"44\",\"68\",\"414\",\"389\",\"391\",\"390\",\"579\",\"37\",\"231\",\"191\",\"596\",\"594\",\"237\",\"233\",\"242\",\"239\",\"595\",\"243\",\"247\",\"592\",\"591\",\"590\",\"589\",\"614\",\"632\",\"622\",\"608\",\"611\",\"610\",\"255\",\"265\",\"272\",\"274\",\"276\",\"277\",\"278\",\"280\",\"634\",\"133\",\"148\",\"149\",\"618\",\"617\",\"156\",\"161\",\"158\",\"159\",\"160\",\"387\",\"163\",\"164\",\"165\",\"170\",\"171\",\"177\",\"179\",\"186\",\"386\",\"385\",\"384\",\"615\",\"393\",\"409\",\"410\",\"411\",\"395\",\"587\",\"405\",\"404\",\"400\",\"397\",\"396\",\"188\",\"282\",\"294\",\"308\",\"312\",\"311\",\"313\",\"602\",\"606\",\"605\",\"604\",\"603\",\"601\",\"317\",\"319\",\"321\",\"324\",\"333\",\"335\",\"338\",\"381\",\"380\",\"358\",\"352\",\"361\",\"374\",\"376\"]', '[\"menus65baf5575a397\",\"menus649e5a7180ae1\",\"menus65220bf4340b5\",\"menus649e5823d87e1\",\"menus649e7d957af95\",\"menus649e7efe2989e\",\"menus649e718ca8178\",\"menus6522876aaa7fb\",\"menus65228776debb3\",\"menus6522877fef06c\",\"menus65ee7037115ac\",\"menus64a62b6c6526e\",\"menus649e58647a73c\",\"menus649e71575100e\",\"menus649e73437195c\",\"menus649e578d871ed\",\"menus6523b0eee548c\",\"menus649e73d95cf32\",\"menus649e74010329c\",\"menus649e583268693\",\"menus649e7da4a7484\",\"menus6530e3cbb92a4\",\"menus649e5a495a261\",\"menus649e5a5c967c2\",\"menus649e5a69ddf46\",\"menus649e73e086565\",\"menus65f2ae1c7ad6f\",\"menus649e715fe3f66\",\"menus649e716bc572c\",\"menus6567eb47e5a41\",\"menus649e743d68429\",\"menus649e735087d36\",\"menus649e74469f00b\",\"menus6523b18212c99\",\"menus649e74109307e\",\"menus649e7450f0919\",\"menus662f1f737f286\",\"menus65220fb037d9b\",\"menus649e71bc9372d\",\"menus649e72420c1ab\",\"menus649e719d942b8\",\"menus649e71cdcc003\",\"menus65220fba65c22\",\"menus65220fe7ee080\",\"menus649e724b57420\",\"menus65a0da30906a2\",\"menus649e7359f25ba\",\"menus649e7387bb984\",\"menus64edac6f2298a\",\"menus649e586e1eca6\",\"menus649e71a762d57\",\"menus649e71da7b6f9\",\"menus65220d7f6085a\",\"menus6522100207896\",\"menus649e711338b68\",\"menus652213e7792da\",\"menus649e7378e03ca\",\"menus649e73c909884\",\"menus64a39c1d202a3\",\"menus649e7263853f0\",\"menus649e726deaa94\",\"menus649e599643ff5\",\"menus652212aae94d2\",\"menus64edac7e99c0e\",\"menus652288de88b7f\",\"menus649e7f0c78374\",\"menus649e71b3c3a90\",\"menus652210185327e\",\"menus649e728fba3e0\",\"menus649e711c8bed4\",\"menus65a0da46ba056\",\"menus649e717b1048d\",\"menus649e73d0d75c3\",\"menus649e73e883071\",\"menus649e741888210\",\"menus649e7423de7fd\",\"menus652211871b8f7\",\"menus649e59303a821\",\"menus649e593914cbd\",\"menus6522120c14078\",\"menus652212e3904a6\",\"menus65221304dadaa\",\"menus6522131443f16\",\"menus6522133d86738\",\"menus65221324bd92d\",\"menus64edac8d2419d\",\"menus64ba042985737\",\"menus64f05e1a01b49\",\"menus652214cabc90e\",\"menus6520d062cab4e\",\"menus655c5fbe6596f\",\"menus655c5ff72f93a\",\"menus655c608585219\",\"menus655d57f793db5\",\"menus656838aad4cd3\",\"menus6572e8539f120\",\"menus662f1f9848331\",\"menus662f1fa2c349f\",\"menus662f1fab807d7\",\"menus661e2ad6299e4\",\"menus662630234a953\",\"menus65f29ec65aa05\",\"menus66136aee64edc\",\"menus661c801690896\",\"menus661a28f2187af\",\"menus661e168488811\",\"menus6620de4bcdabd\",\"menus662db154a697b\",\"menus662750c35506c\",\"menus66309a9c4d166\"]', '[\"450\",\"458\",\"457\",\"456\",\"455\",\"564\",\"464\",\"463\",\"462\",\"461\",\"460\",\"459\",\"468\",\"467\",\"466\",\"465\",\"471\",\"470\",\"469\",\"535\",\"534\",\"533\",\"541\",\"540\",\"539\",\"538\",\"537\",\"536\",\"545\",\"577\",\"576\",\"575\",\"574\",\"573\",\"546\",\"548\",\"547\",\"550\",\"549\",\"551\",\"415\",\"556\",\"555\",\"554\",\"553\",\"558\",\"557\",\"561\",\"560\",\"559\",\"562\",\"572\",\"426\",\"425\",\"424\",\"427\",\"416\",\"417\",\"420\",\"419\",\"418\",\"422\",\"421\",\"431\",\"430\",\"429\",\"428\",\"423\",\"442\",\"441\",\"439\",\"438\",\"437\",\"436\",\"435\",\"434\",\"446\",\"445\",\"444\",\"443\",\"449\",\"448\",\"447\",\"454\",\"453\",\"452\",\"486\",\"569\",\"568\",\"567\",\"566\",\"565\",\"497\",\"496\",\"490\",\"489\",\"488\",\"487\",\"493\",\"492\",\"491\",\"495\",\"494\",\"571\",\"516\",\"515\",\"514\",\"501\",\"500\",\"499\",\"498\",\"502\",\"503\",\"504\",\"507\",\"506\",\"505\",\"510\",\"509\",\"508\",\"513\",\"512\",\"511\",\"519\",\"518\",\"517\",\"522\",\"521\",\"520\",\"530\",\"529\",\"528\",\"527\",\"526\",\"525\",\"524\",\"523\",\"532\",\"531\",\"486\",\"569\",\"568\",\"567\",\"566\",\"565\",\"497\",\"496\",\"490\",\"489\",\"488\",\"487\",\"493\",\"492\",\"491\",\"495\",\"494\",\"571\",\"516\",\"515\",\"514\",\"501\",\"500\",\"499\",\"498\",\"502\",\"503\",\"504\",\"507\",\"506\",\"505\",\"510\",\"509\",\"508\",\"513\",\"512\",\"511\",\"519\",\"518\",\"517\",\"522\",\"521\",\"520\",\"530\",\"529\",\"528\",\"527\",\"526\",\"525\",\"524\",\"523\",\"532\",\"531\",\"426\",\"425\",\"424\",\"427\",\"416\",\"417\",\"420\",\"419\",\"418\",\"422\",\"421\",\"431\",\"430\",\"429\",\"428\",\"423\",\"442\",\"441\",\"439\",\"438\",\"437\",\"436\",\"435\",\"434\",\"446\",\"445\",\"444\",\"443\",\"449\",\"448\",\"447\",\"454\",\"453\",\"452\",\"426\",\"425\",\"424\",\"427\",\"416\",\"417\",\"420\",\"419\",\"418\",\"422\",\"421\",\"431\",\"430\",\"429\",\"428\",\"423\",\"442\",\"441\",\"439\",\"438\",\"437\",\"436\",\"435\",\"434\",\"446\",\"445\",\"444\",\"443\",\"449\",\"448\",\"447\",\"454\",\"453\",\"452\",\"475\",\"474\",\"473\",\"472\",\"479\",\"478\",\"477\",\"476\",\"482\",\"481\",\"480\",\"485\",\"484\",\"483\"]', '[\"system:menus:add\",\"user:examine:add\",\"user:calendar:add\",\"user:daily:my:add\",\"user:daily:my:check\",\"user:daily:department:check\",\"user:duty:analyse:check\",\"user:duty:analyse:edit\",\"user:assessment:department:add\",\"user:examine:approval:agree\",\"user:examine:approval:refuse\",\"user:examine:approval:details\",\"user:examine:mine:details\",\"user:assessment:department:check\",\"user:assessment:department:copy\",\"user:assessment:department:delete\",\"user:assessment:department:record\",\"customer:list:add\",\"customer:list:setLabel\",\"customer:list:transfer\",\"customer:list:check\",\"customer:list:addContract\",\"customer:list:iMResponsible:delete\",\"customer:list:down\",\"customer:list:import\",\"customer:contract:check\",\"customer:contract:transfer\",\"customer:contract:add\",\"customer:contract:delete\",\"customer:invoice:transfer\",\"customer:invoice:check\",\"customer:invoice:remarks\",\"customer:setup:label:add\",\"customer:setup:label:edit\",\"customer:setup:label:delete\",\"fd:enterprise:list:add\",\"fd:enterprise:list:import\",\"fd:enterprise:list:export\",\"fd:enterprise:list:check\",\"fd:enterprise:list:edit\",\"fd:enterprise:list:delete\",\"fd:examine:export\",\"fd:examine:check\",\"fd:examine:edit\",\"fd:examine:delete\",\"fd:invoice:check\",\"fd:invoice:edit\",\"fd:invoice:void\",\"fd:setup:cate:income:add\",\"fd:setup:cate:income:addchild\",\"fd:setup:cate:income:edit\",\"fd:setup:cate:income:delete\",\"fd:setup:cate:expenditure:add\",\"fd:setup:cate:expenditure:addchild\",\"fd:setup:cate:expenditure:edit\",\"fd:setup:cate:expenditure:delete\",\"fd:setup:type:add\",\"fd:setup:type:edit\",\"fd:setup:type:delete\",\"fd:setup:category:add\",\"fd:setup:category:edit\",\"fd:setup:category:delete\",\"hr:enterprise:group:edit\",\"hr:enterprise:job:jobAdministration:add\",\"hr:enterprise:job:jobAdministration:delete\",\"hr:enterprise:job:jobAdministration:edit\",\"hr:enterprise:job:jobAdministration:check\",\"hr:enterprise:job:rankManagement:add\",\"hr:enterprise:job:rankManagement:delete\",\"hr:enterprise:job:rankManagement:edit\",\"hr:enterprise:job:positionSystemChart:add\",\"hr:enterprise:job:positionSystemChart:put\",\"hr:enterprise:analysis:check\",\"hr:enterprise:analysis:edit\",\"hr:assessStaff:assessmentStaff:export\",\"hr:assessStaff:assessmentStaff:edit\",\"hr:assessStaff:assessmentStaff:delete\",\"hr:assessStaff:assessmentStaff:record\",\"hr:assessStaff:deleteRecord:details\",\"hr:assessConfig:assessmentPlan:save\",\"hr:assessConfig:assessmentScore:save\",\"business:examine:index:add\",\"business:examine:index:edit\",\"business:examine:index:delete\",\"business:record:index:export\",\"business:record:index:details\",\"business:record:index:delete\",\"hr:training:companyProfile:save\",\"hr:training:structure:save\",\"hr:training:plan:save\",\"hr:training:promotion:add\",\"hr:training:promotion:edit\",\"hr:training:promotion:delete\",\"hr:training:haishAssessment:add\",\"hr:training:haishAssessment:edit\",\"hr:training:haishAssessment:delete\",\"hr:attendance:team:add\",\"hr:attendance:team:edit\",\"hr:attendance:team:delete\",\"hr:attendance:shift:add\",\"hr:attendance:shift:check\",\"hr:attendance:shift:edit\",\"hr:attendance:shift:delete\",\"hr:attendance:schedul:add\",\"hr:attendance:schedul:edit\",\"hr:attendance:schedul:copy\",\"hr:attendance:white:save\",\"hr:report:export\",\"hr:report:check\",\"administration:notice:add\",\"administration:notice:edit\",\"administration:notice:delete\",\"material:fixed:manage:add\",\"material:fixed:manage:export\",\"material:fixed:manage:take\",\"material:fixed:manage:return\",\"material:fixed:manage:record\",\"material:fixed:manage:edit\",\"material:fixed:list:export\",\"info:basic:save\",\"auth:group:edit\",\"auth:group:delete\",\"auth:admin:add\",\"auth:admin:delete\",\"setting:auth:apply\",\"setting:agreement:save\",\"system:quick:add\",\"system:quick:edit\",\"system:quick:delete\",\"enterprise:news:add\",\"enterprise:news:edit\",\"setting:data:legal:add\",\"setting:data:legal:edit\",\"setting:data:legal:record\",\"setting:data:order:add\",\"fd:enterprise:list:down\",\"hr:archives:add\",\"hr:archives:export\",\"hr:archives:down\",\"hr:archives:import\",\"hr:archives:check\",\"hr:training:promotion:details\",\"data:order:add\",\"user:cloudfile:add\",\"user:cloudfile:use\",\"user:cloudfile:move\",\"user:cloudfile:delete\",\"user:cloudfile:recycle\"]', 1);
INSERT INTO `eb_enterprise_role_user` (`id`, `entid`, `role_id`, `user_id`, `status`) VALUES (1, 1, 1, 1, 1);
INSERT INTO `eb_enterprise_user_role` (`id`, `user_id`, `rules`, `apis`) VALUES (1, 1, '[1]', '[]');
-- #协议设置
INSERT INTO `eb_agreement` (`id`, `ident`, `title`, `content`, `created_at`, `updated_at`) VALUES
(1, 'service_agreement', '服务协议', '&lt;p&gt;更新日期：2023年01月16日&lt;/p&gt;&lt;p&gt;生效日期：2023年01月16日&lt;/p&gt;&lt;p&gt;1.前言 &lt;/p&gt;&lt;p&gt;1.1 欢迎使用由西安众邦网络科技有限公司（以下简称“我们”）合法拥有并运营的陀螺匠·企业助手产品及服务。&lt;/p&gt;&lt;p&gt;1.2 陀螺匠·企业助手是帮助中小型企业尽快实现“慧”管理，迅速成长为“专精特新”企业的管理、运营系统，包括各版本客户端应用程序以及域名为tuoluojiang.com的网站。陀螺匠·企业助手相关网站、服务、产品、应用程序与内容，在《陀螺匠·企业助手用户服务协议》（以下简称“本协议”）中统称为“本服务”。个人用户、授权用户统称为“您”。&lt;/p&gt;&lt;p&gt;1.3 本协议为您与我们之间的有效协议，规定了您下载、安装、注册、登录、使用（统称“使用”）本服务时须遵循的条款与条件。您使用本服务即表示您确认，您具备履行本协议的完整的民事权利能力和民事行为能力；否则，您不应使用本服务。&lt;/p&gt;&lt;p&gt;1.4 请您在使用本服务之前，仔细阅读并充分理解本协议。本协议的免除或者限制责任条款等重要内容将以加粗形式提示您注意，您应重点阅读。若您是未满18周岁的自然人，请您在法定监护人陪同下仔细阅读并充分理解本协议，并征得法定监护人的同意后使用本服务。&lt;/p&gt;&lt;p&gt;2.个人用户、授权用户与客户 &lt;/p&gt;&lt;p&gt;2.1 您使用本服务时，可能有两种不同身份，包括个人用户及授权用户。相关定义如下：&lt;/p&gt;&lt;p&gt;（1）个人用户，以个人身份注册和使用本服务的自然人。&lt;/p&gt;&lt;p&gt;（2）授权用户，指被客户邀请加入，并使用本服务的自然人，包括团队创建人、企业管理员。经客户指定，代客户配置本服务、行使后台管理权限的自然人称为企业管理员；最初代表客户创建团队的，称为团队创建人。&lt;/p&gt;&lt;p&gt;（3）客户，指通过授权自然人注册本服务帐号，搭建组织架构并享有管理权限的法人或其他组织，客户可以邀请个人加入其组织成为其授权用户。&lt;/p&gt;&lt;p&gt;2.2 个人用户可于注册个人身份帐号后，为个人用途使用本服务。个人用户登录后，可于法律与本协议允许范围内，自行决定上传、查阅或删除用户内容或个人信息。&lt;/p&gt;&lt;p&gt;2.3 客户可通过发送（或指示我们发送）二维码、邀请链接，或其他方式邀请授权用户。您同意，除了邀请您使用本服务的客户的工作人员之外，您不会与任何人分享该二维码、邀请链接或其他授权方式下提供的信息。您亦同意，为使您及客户的其他授权用户能够享受本服务的部分功能，该客户可能向我们及客户的其他授权用户提供您的信息。该客户收集、使用、共享您信息的行为应遵守相关法律法规要求，我们仅根据客户要求处理您的信息，且不对该客户的相关行为承担法律责任。授权用户的个人信息及用户内容的相关处理请您详细查阅《陀螺匠·企业助手隐私政策》。&lt;/p&gt;&lt;p&gt;2.4 作为授权用户，客户将对您的授权用户身份及基于该身份的相关权益进行管理，包括但不限于加入、删除以及调整权限和限制服务内容等，您保证在遵守本服务相关规范的同时，按照该客户的授权范围和规范使用本服务，如您丧失授权用户身份，我们有权根据客户的指示将基于该身份的服务内容一并删除或转移。请您知悉，客户应独自负责将所有与您使用本服务有关的客户政策和惯例，以及可能影响、限制您使用本服务或访问客户数据的设置向您进行充分说明与告知，我们不就此承担任何责任。&lt;/p&gt;&lt;p&gt;2.5 针对授权用户使用本服务的情况，若本协议与我们与客户所订立的其他协议规定有所冲突，则以其他协议为准。若您是以授权用户或外包厂商身份使用本服务的，您理解本服务为客户使用的职场工具性质，并非个人消费使用性质。&lt;/p&gt;&lt;p&gt;2.6 如果您代表客户注册本服务，您承诺已获得客户的充分授权，授权您代表其接受、履行本协议的全部内容。在此情况下，客户将对您使用本服务产生的各项行为在法律和财务方面承担责任。若客户就使用本服务与陀螺匠·企业助手另行达成其他协议，且本协议与其他协议内容有冲突的，相关内容以另行达成的其他协议为准。本协议未提及的内容，以其他协议约定为准。&lt;/p&gt;&lt;p&gt;3.关于帐号 &lt;/p&gt;&lt;p&gt;3.1 帐号注册与开通&lt;/p&gt;&lt;p&gt;3.1.1 您可以通过本服务提供的注册界面或我们提供的其他软件注册帐号使用本服务。您有权选择合法且符合本服务要求的字符组合作为自己帐号的名称，并可对帐号自行设置符合安全要求的密码。您设置的帐号、密码是您登录并以注册用户身份使用本服务及我们提供的其他软件及相关服务的凭证。请务必维护并按时更新您的个人信息以及其他提供给我们的数据，确保数据完整且符合现况。&lt;/p&gt;&lt;p&gt;3.1.2 客户通过授权自然人（即创建人）开通本服务后，可以设置不同后台管理系统管理权限的企业管理员，企业管理员可以有一人或多人，具体可由客户及已有的管理员自行设定。企业管理员可在本服务上传、管理及维护授权用户的通讯录信息或其他相关信息，并可以邀请成员加入，实现企业管理、协同办公、组织管理、架构调整等各类功能。客户获取前述信息的行为应由客户自行向授权用户告知并获得授权用户同意，我们不就客户行为承担责任。&lt;/p&gt;&lt;p&gt;3.1.3 您理解并承诺，您设置的帐号不得违反国家法律法规及本服务相关规则，您的帐号名称、头像和简介等用于使用本服务的信息及其他向我们提供的信息中不得出现违法或不良信息，未经他人许可不得使用他人名义（包括但不限于通过冒用他人姓名、名称、字号、头像等足以让人引起混淆的方式）注册帐号，不得恶意注册帐号。您在帐号使用过程中需遵守相关法律法规，不得实施任何侵害国家利益、损害其他公民合法权益或者有害社会良好道德风尚的行为。我们有权对您提交的注册信息进行审核，对于违反本条款约定的注册信息，我们有权视情况采取不予注册、屏蔽或删除违法违规内容、不经通知暂停使用、冻结帐号、注销或收回帐号等措施，您应自行承担因此导致不能使用帐号或与之相关的服务与功能所造成的损失。&lt;/p&gt;&lt;p&gt;3.1.4 部分服务无需帐号即可访问，您同意使用此类服务时，亦遵守本协议约定。&lt;/p&gt;&lt;p&gt;3.2 帐号使用与安全&lt;/p&gt;&lt;p&gt;3.2.1 您了解并同意，本服务帐号所有权及有关权益均归我们所有，完成首次登录后您将获得该帐号的使用权。您的帐号仅限本人使用，未经我们书面同意，禁止以任何形式赠与、借用、出租、转让、售卖或以其他方式许可他人使用。&lt;/p&gt;&lt;p&gt;3.2.2 您有责任维护帐号、密码的安全性与保密性，在任何情况下不向他人透露，若发现他人未经许可使用您的帐号或发生其他任何安全漏洞问题时，您应当立即通知我们。在丢失帐号或遗忘密码时，您可遵照我们提供的申诉途径及时申诉请求找回帐号或密码。您理解并认可，密码找回机制仅识别申诉单上所填资料与系统记录资料是否一致，而无法识别申诉人是否为帐号真正有权使用者。如有涉嫌借款、投融资、理财或其他涉及财产的网络信息、账户密码、广告或推广等信息的，请您谨慎对待并自行进行判断。&lt;/p&gt;&lt;p&gt;3.2.3 您充分了解并同意，您应为自己帐号下的一切行为负责，包括该帐号所发表的任何内容以及由此产生的任何后果。您应对使用本服务时接触到的内容自行加以判断，并承担因使用内容而引起的所有风险，包括因对内容的正确性、完整性或实用性的依赖而产生的风险。我们无法且不会对您因前述风险而导致的任何损失或损害承担责任。&lt;/p&gt;&lt;p&gt;3.2.4 在您完成帐号的注册、登录并进行合理和必要的身份验证后，如您是个人用户，您可随时浏览、修改自己提交的个人身份信息；如您是授权用户，您需要通过客户的管理员修改已经提交的身份信息。您理解并同意，出于安全性和身份识别（如帐号或密码找回申诉服务等）的考虑，您可能无法修改注册时提供的初始注册信息及其他验证信息。&lt;/p&gt;&lt;p&gt;3.3 帐号冻结&lt;/p&gt;&lt;p&gt;您的帐号在如下情况可能被冻结或被限制全部或部分权限、功能：&lt;/p&gt;&lt;p&gt;（1）违反国家法律、法规、政策、法律文书的规定的；&lt;/p&gt;&lt;p&gt;（2） 国家有权机关（包括但不限于法院、检察机关、公安机关等）要求进行冻结的；&lt;/p&gt;&lt;p&gt;（3）基于本服务运行和交易安全的需要，如您发生或可能发生破坏或试图破坏我们及关联公司公平交易环境或正常交易秩序的，或任何使用含有我们及关联公司名称、品牌且对他人有误导嫌疑或任何使用某种中英文(全称或简称)、数字、域名等意图表示或映射与我们及关联公司具有某种关联的；&lt;/p&gt;&lt;p&gt;（4）您遭到他人投诉，且对方已经提供了相关证据，而您未按照我们的要求提供相反证据的；&lt;/p&gt;&lt;p&gt;（5）我们根据合理分析判断您的帐号操作、收益、兑换等存在异常的；&lt;/p&gt;&lt;p&gt;（6）帐号归属存在争议的；&lt;/p&gt;&lt;p&gt;（7）违反本协议、规则以及其他相关协议的；&lt;/p&gt;&lt;p&gt;（8）我们合理判断，您发生与如上行为性质相同或产生如上类似风险的其他情况的。&lt;/p&gt;&lt;p&gt;3.4 帐号注销&lt;/p&gt;&lt;p&gt;3.4.1 在需要终止使用本服务时，根据您的不同身份，您可以通过下述方式申请注销您的帐号，但您仍应对您在注销帐号前使用本服务期间的行为承担相应责任：&lt;/p&gt;&lt;p&gt;若您是授权用户，该帐号即成为企业用户办公工具的一部分，您可以向您所在的企业或组织提交退出团队申请并注销帐号，由管理员处理。除此之外，您所在企业或组织的管理员若在本服务中将您设置为离职状态的，您使用的该帐号将会被注销。&lt;/p&gt;&lt;p&gt;3.4.2 在您的帐号被注销前，我们将验证您的个人身份、安全状态、设备信息等信息，并在确认您的帐号钱包无余额后帮助您完成注销。您知悉并理解，注销帐号的行为是不可逆的行为，在您的帐号被注销后，我们将删除有关您的相关信息或进行匿名化处理，但法律法规另有规定或根据客户需要就企业控制的数据另行处理的除外。&lt;/p&gt;&lt;p&gt;3.4.3 我们保留在您违反适用法律法规规定或违反本协议的情况下冻结、注销您的帐号并删除或匿名化处理您所存储的数据、文件的权利，且无需为此向您承担任何责任，由此带来的因您使用本服务产生的全部数据、信息等被清空、丢失等的损失，您应自行承担。&lt;/p&gt;&lt;p&gt;4.您访问与使用本服务之权利 &lt;/p&gt;&lt;p&gt;4.1 在本协议约定的条款与条件范围内，我们授予您访问、使用本服务，并访问陀螺匠·企业管理内容（详见第9条定义）的权利，陀螺匠·企业助手内容仅可通过使用本服务访问。此授权为非独家、有限、不可转让、不可分许可且可撤销的授权。陀螺匠·企业助手保留一切与本服务、陀螺匠·企业助手内容相关的权利。若未事先取得我们（或我们的授权方）书面同意，您不得为任何目的以任何形式对本服务及陀螺匠·企业助手内容进行包括但不限于复制、改编、重制、分发、传送、广播、展示、销售、授权，垂直搜索、镜像或其他未经授权的访问与使用。&lt;/p&gt;&lt;p&gt;4.2 我们可能不时提供试用服务或功能，并向不特定客户或受邀请客户提供。您理解并同意，试用服务将按“现状”和“当前可用”的形式提供。对试用服务在法律允许范围内我们可能仅提供有限的或在一些情形下不会提供技术支持，我们也可能在不另行通知的情况下随时更改或者停止提供试用服务；您理解我们没有义务最终发布或发售任何试用产品、服务或将其与现有产品组合为您提供服务。&lt;/p&gt;&lt;p&gt;4.3 您理解并认可，本协议中所描述的功能可能仅对部分用户提供，或以特定的方式（如有偿付费）提供，您在访问和使用本服务时能够实际享受的服务以我们实际向您提供的内容为准。&lt;/p&gt;&lt;p&gt;4.4 为提升用户体验、满足用户新需求、保证产品及服务的安全性和稳定性，或基于法律和监管要求，我们将不定期进行软件更新或改变（包括但不限于修改、升级、迁移、开发新功能、变更、暂停或取消某种功能），对本服务、系统、软件等进行检修、维护，本服务可能因前述原因在合理时间内中断或暂停，您同意，我们无需为此向您承担责任。在可能的情况下，我们将尽可能以合理的方式就前述事宜通知您。若因不可抗力、基础运营商等原因导致的非常规维护，我们会在该等事件发生后尽可能以合理方式通知您。&lt;/p&gt;&lt;p&gt;4.5 我们可能在您使用本服务的过程中向您发送、展示广告或其他信息（包括商业或非商业信息），您应当谨慎判断广告等信息的真实性、可靠性。&lt;/p&gt;&lt;p&gt;5.用户使用规范 &lt;/p&gt;&lt;p&gt;5.1 行为要求&lt;/p&gt;&lt;p&gt;您应正确配置和使用本服务，并自行采取一定的安全性措施，对您的内容进行保护和备份。您声明并保证您接入本服务的算法、模型、数据、产品、服务的安全性、稳定性、有效性，不包含任何其他软件程序，不存在病毒、蠕虫、木马和其他有害的计算机的代码、文件、脚本和程序，也不存在任何一项恶意软件特征，不会对我们和/或其关联方的相关系统造成损害，亦不会对我们和/或其关联方或其他第三方数据造成损害。由于您的内容引起的安全漏洞，包括但不限于病毒、木马、蠕虫或其他有害程序，或由于您未按照本协议约定使用服务而引起的安全漏洞，由您自行负责并承担责任。&lt;/p&gt;&lt;p&gt;您使用本服务不得：&lt;/p&gt;&lt;p&gt;5.1.1 使用未经我们授权或许可的任何插件、外挂、系统、程序或第三方工具对本服务的正常运行进行干扰、破坏、修改或施加其他影响，包括但不限于使用自动化脚本等方式收集来自本服务的信息或与本服务互动、大量占用本服务系统或者网络带宽资源，给本服务系统或者使用本服务的其他用户的网络、服务器、产品或应用带来严重负荷，影响系统通畅。&lt;/p&gt;&lt;p&gt;5.1.2 利用或针对本服务进行任何危害计算机网络安全的行为，包括但不限于：&lt;/p&gt;&lt;p&gt;（1）非法侵入网络、干扰网络正常功能、窃取网络数据等危害网络安全的活动；&lt;/p&gt;&lt;p&gt;（2）提供专门用于从事侵入网络、干扰网络正常功能及防护措施、窃取网络数据等危害网络安全活动的程序、工具；&lt;/p&gt;&lt;p&gt;（3）明知他人从事危害网络安全的活动的，为其提供技术支持、广告推广、支付结算等帮助；&lt;/p&gt;&lt;p&gt;（4）使用未经许可的数据或进入未经许可的服务器/帐号；&lt;/p&gt;&lt;p&gt;（5）未经允许进入公众计算机网络或者他人计算机系统并删除、修改、增加存储信息；&lt;/p&gt;&lt;p&gt;（6）未经许可，企图探查、扫描、测试本服务系统或网络的弱点或其它实施破坏网络安全的行为；&lt;/p&gt;&lt;p&gt;（7）企图干涉、破坏本服务系统或网站的正常运行，故意传播恶意程序或病毒以及其他破坏干扰正常网络信息服务的行为；&lt;/p&gt;&lt;p&gt;（8）伪造TCP/IP数据包名称或部分名称；&lt;/p&gt;&lt;p&gt;（9）复制、模仿、修改、翻译、改编、出借、出售、转许可、在信息网络上传播或转让相关服务，或对本服务及相关服务进行反向工程、反向汇编、编译或者以其他方式尝试发现本服务的源代码；&lt;/p&gt;&lt;p&gt;（10）恶意注册陀螺匠·企业助手帐号，包括但不限于频繁、批量注册帐号；&lt;/p&gt;&lt;p&gt;（11）违反法律、法规、协议、我们的相关规则及侵犯他人合法权益的其他行为。&lt;/p&gt;&lt;p&gt;5.1.3 将本服务用于广告目的或进行任何商业推销或复制、经销、许可、转让、租赁或出售本服务的全部或部分。&lt;/p&gt;&lt;p&gt;5.1.4 绕过我们可能用于阻止或限制访问服务的任何措施。&lt;/p&gt;&lt;p&gt;5.1.5 将本服务或其任何部分纳入任何其他程序或产品。&lt;/p&gt;&lt;p&gt;5.1.6 冒充他人或其他组织机构，或对您自己的身份或您与他人或其他组织机构的关系作出虚假或不当的陈述，包括给人以您上传、发布、传播、散布或提供的任何内容是出自本服务的印象。&lt;/p&gt;&lt;p&gt;5.1.7 未经我们授权而使用或试图使用他人的帐号、服务或系统，或在本服务创建一个虚假身份。&lt;/p&gt;&lt;p&gt;5.1.8 超出正常好友或用户之间信息沟通、交流等目的（包括但不限于为发送广告、垃圾、骚扰或违法违规等信息的目的），通过自己添加或诱导他人添加等任何方式使自己与其他用户形成好友关系。&lt;/p&gt;&lt;p&gt;5.1.9 将本服务用于操作核设施、飞机导航和通讯系统、空中交通管制、生命支持系统、武器系统等类似的高风险场景或某些特定目的。如果您将本服务用于高风险场景而导致人员伤亡、财产损失或环境破坏，陀螺匠·企业助手不承担责任。&lt;/p&gt;&lt;p&gt;5.1.10 进行违反法律法规、本规范、陀螺匠·企业助手的相关规则及侵犯他人合法权益的其他行为。&lt;/p&gt;&lt;p&gt;5.2 信息内容规范&lt;/p&gt;&lt;p&gt;5.2.1 您使用本服务开发、制作、利用、上传、评论、发布、传播、存储、分享的内容（包括但不限于上传至本服务的未公开分享的内容）应自觉遵守相关法律法规，否则我们有权立即采取相应处理措施。您不得利用本服务制作、复制、存储、发表、传播下列信息：&lt;/p&gt;&lt;p&gt;（1）反对宪法确定的基本原则的；&lt;/p&gt;&lt;p&gt;（2）危害国家安全，泄露国家秘密的；&lt;/p&gt;&lt;p&gt;（3）颠覆国家政权，推翻社会主义制度，煽动分裂国家，破坏国家统一的；&lt;/p&gt;&lt;p&gt;（4）损害国家荣誉和利益的；&lt;/p&gt;&lt;p&gt;（5）宣扬恐怖主义、极端主义的；&lt;/p&gt;&lt;p&gt;（6）宣扬民族仇恨、民族歧视，破坏民族团结的；&lt;/p&gt;&lt;p&gt;（7）煽动地域歧视、地域仇恨的；&lt;/p&gt;&lt;p&gt;（8）破坏国家宗教政策，宣扬邪教和封建迷信的；&lt;/p&gt;&lt;p&gt;（9）编造、散布谣言、虚假信息，扰乱经济秩序和社会秩序、破坏社会稳定的；&lt;/p&gt;&lt;p&gt;（10）散布、传播淫秽、色情、赌博、暴力、凶杀、恐怖或者教唆犯罪的；&lt;/p&gt;&lt;p&gt;（11）危害网络安全、利用网络从事危害国家安全、荣誉和利益的；&lt;/p&gt;&lt;p&gt;（12）侮辱或者诽谤他人，侵害他人合法权益的；&lt;/p&gt;&lt;p&gt;（13）对他人进行暴力恐吓、威胁，实施人肉搜索的；&lt;/p&gt;&lt;p&gt;（14）歪曲、丑化、亵渎、否定英雄烈士事迹和精神，以侮辱、诽谤或者其他方式侵害英雄烈士的姓名、肖像、名誉、荣誉的；&lt;/p&gt;&lt;p&gt;（15）散布污言秽语，损害社会公序良俗的；&lt;/p&gt;&lt;p&gt;（16）侵犯他人隐私权、名誉权、肖像权、知识产权等合法权益内容的；&lt;/p&gt;&lt;p&gt;（17）任何未经我们或接收方同意的广告、招揽推广材料、“垃圾邮件”、“垃圾短信”、“连锁信”、“传销”或任何其它被禁止的招揽形式内容；&lt;/p&gt;&lt;p&gt;（18）侵害未成年人合法权益或者损害未成年人身心健康的；&lt;/p&gt;&lt;p&gt;（19）其他违反法律法规、公共政策、社会治安及公序良俗、干扰本服务正常运营或侵犯其他用户或第三方合法权益内容的其他信息。&lt;/p&gt;&lt;p&gt;5.3 如果我们发现或收到他人举报或投诉用户违反本协议约定的，我们有权不经通知随时对相关内容进行删除、屏蔽，并视行为情节对违规帐号处以包括但不限于警告、限制或禁止使用部分或全部功能、帐号封禁直至注销的处罚，并公告处理结果。&lt;/p&gt;&lt;p&gt;6.用户内容 &lt;/p&gt;&lt;p&gt;6.1 本服务允许您上传、创作或发送数字信息或材料（简称“用户内容”）。您亦可在用户内容上覆盖或增加我们提供的图案、贴纸、虚拟头像等其他元素。您承诺并保证，您拥有您上传、存储到本服务或通过本服务共享的您的内容的所有必要权利或已经获得合法授权，我们使用、展示和保留您的内容不会违反任何法律和他人的合法权利。我们不对您的内容及他人使用本服务上传、存储或共享的您的内容承担任何责任。&lt;/p&gt;&lt;p&gt;6.2 如果您与本服务的其他用户分享您的用户内容，即表示您同意向这些用户授予不受限制且免费使用您用户内容的权利（包括任何知识产权等相关权益），除非您明确地向对方说明了该等限制，但该等说明及限制仅能约束您与对方。您承诺仅向本服务或通过本服务上传、传播、提供及分享您愿意并能够授予上述权利的用户内容。&lt;/p&gt;&lt;p&gt;6.3 我们不会对您的用户内容主张任何所有权权利。请您注意，如果您以授权用户的身份使用本服务，我们会就您用户内容的使用方式向客户提供控制、限制、管理等诸多选择。例如，客户可启用或禁用其授权用户对本服务的访问权限，启用或禁用第三方服务，管理许可、保留和外传的设置等。企业用户的选择和决定可能会使您的部分或全部用户内容被访问、使用、披露、修改、限制使用或删除。如果您代表客户使用本服务，您确认客户将事先向其授权用户就此情况进行充分说明，并取得授权用户的明确同意。&lt;/p&gt;&lt;p&gt;6.4 本服务并非存储服务，针对您的内容，或其他用户向本服务或通过本服务上传、传播或提供的任何其他内容，我们不能亦不会提供备份。请注意，即使在您的用户内容从本服务中删除后，其他用户仍可能独立地继续使用及允许他人使用您的用户内容（例如，该用户可能已将您的用户内容的副本保存在其帐号中）。&lt;/p&gt;&lt;p&gt;6.5 对于您的用户内容，以及向本服务或通过本服务发布、递交或传送该内容之后果，您须自行负全责。您亦同意不会向本服务递交任何违反适用法律与规定的内容或其他材料。&lt;/p&gt;&lt;p&gt;6.6 您知悉并理解我们并无义务预审、监控、审查或编辑您和其他用户在本服务上撰写或发布的任何内容。我们建立了投诉举报渠道，您可以通过我们公示的投诉举报渠道或通过发送邮件至zhenglu@crmeb.com向我们投诉、举报各类违法违规行为、违法传播活动、违法有害信息等内容。在您进行投诉举报时，请您同时提供您相关权利或证明违法违规行为与内容的初步证据，我们会根据适用的法律法规及时受理和处理您的投诉举报。如果您发布的内容被相关权利人投诉举报，您也可以通过提交相反权利证明材料的方式向我们申诉，我们同样将会根据适用法律法规及时处理。&lt;/p&gt;&lt;p&gt;6.7 您理解并同意，您查看他人在本服务提供的内容时，应自行判断并承担相关风险。未经相关权利人的明示同意，您不得为任何目的使用、复制、转载、传播、播放、展示、出售、许可或其他未明示允许的方式使用该等内容。&lt;/p&gt;&lt;p&gt;7.数据隐私与安全 &lt;/p&gt;&lt;p&gt;7.1 本服务之使用，受《陀螺匠·企业助手隐私政策》规范。您使用本服务，即代表您已阅读、理解并接受该隐私政策全部条款。如果您未满18周岁，在使用本服务前，应在您的父母或其他监护人监护、指导下共同阅读并同意该隐私政策。&lt;/p&gt;&lt;p&gt;7.2 《陀螺匠·企业助手隐私政策》可能会不时更新，以反映适用法律、法规、标准、行业规范等文件的更改，或反映本服务的更改、更新或新功能。《陀螺匠·企业助手隐私政策》有任何更新后，若您继续访问或使用本服务即代表您已阅读、理解并接受了这些更新。&lt;/p&gt;&lt;p&gt;7.3 我们与您一同致力于您个人信息的保护，我们会在符合商业常理之范围内，尽力采取与本服务相匹配的技术措施或其他安全措施保护您的个人信息安全。尽管如此，我们无法保证您在网络上或通过网络进行信息传输的安全性或保密性。&lt;/p&gt;&lt;p&gt;8.知识产权 &lt;/p&gt;&lt;p&gt;8.1 您了解并同意，除非我们另有说明或相关权利人依照法律规定享有权利，否则本服务包含的产品、技术、软件、程序、数据及其他所有信息内容，包括但不限于文字、图片、音频、视频、图表、界面设计、版面框架、有关数据或电子文档等（简称“陀螺匠·企业助手内容”）的所有知识产权（包括但不限于版权、商标权、专利权、商业秘密等）及相关权利均归我们或我们的关联公司所有。未经我们或相关权利人书面同意，您不得为任何商业或非商业目的自行或许可任何第三方使用（包括但不限于通过任何机器人、蜘蛛等程序或设备监视、复制、转载、散布、传播、播放、展示、出售、许可、镜像、上载、下载本服务中的内容）。&lt;/p&gt;&lt;p&gt;8.2 您应当和我们同样尊重知识产权。作为使用本服务的先决条件，您同意不会在使用本服务的过程中侵犯任何主体的知识产权（包括但不限于未经同意即擅自上传或分享他人受著作权法保护的材料）。&lt;/p&gt;&lt;p&gt;9.违约与赔偿 &lt;/p&gt;&lt;p&gt;9.1 如果您违反本协议和/或其他您应遵守的服务条款与规则，我们有权根据独立判断，视情况在不经事先通知您的情况下采取合理的处置措施，包括但不限于预先警示、限制、暂停、终止您使用本服务的部分或全部功能，屏蔽或删除您上传、传播或提供的内容、限制帐号部分或者全部功能、冻结或永久关闭帐号等，您需自行承担由此导致的后果及损失。我们有权公告处理结果并有权根据实际情况决定是否恢复相关帐号的使用，对已删除内容我们有权不予恢复或返还。对涉嫌违反法律法规、涉嫌违法犯罪的行为，我们将保存有关记录，并有权依法向有关主管部门报告、配合有关主管部门调查、向公安机关报案等。&lt;/p&gt;&lt;p&gt;9.2 如果您违反本协议和/或其他您应遵守的服务条款与规则，引起第三方投诉、诉讼索赔等情况的，您应当自行处理并承担全部法律责任。若因您的违法或违约行为导致我们及我们的关联方、合作方等主体遭受任何损失（包括但不限于律师费用与支出）或行政处罚的，您应足额赔偿。&lt;/p&gt;&lt;p&gt;10.有限担保 &lt;/p&gt;&lt;p&gt;10.1 您理解并同意，本服务是按照现有技术和条件所能达到的现状提供的。我们会尽最大努力向您提供连贯和安全的服务，但鉴于相关服务可能会受多种因素的影响或干扰，我们无法对包括但不限于下述内容进行保证：&lt;/p&gt;&lt;p&gt;（1）您使用本服务将完全满足您的需求；&lt;/p&gt;&lt;p&gt;（2）本服务连续不中断、即时、安全、无错误；&lt;/p&gt;&lt;p&gt;（3）本服务中任何错误都将能得到更正；&lt;/p&gt;&lt;p&gt;（4）本服务将与您的内容或我们未提供的任何其他硬件、软件、系统、服务或数据兼容。&lt;/p&gt;&lt;p&gt;10.2 在法律允许范围内，除本协议明文约定外，我们无法向您进行任何保证、担保或承诺。我们可能在不通知您的情况下，随时为商业或营运需要，改变、中止、撤回或限制本服务的全部或部分功能。&lt;/p&gt;&lt;p&gt;10.3 我们将尽最大努力使本服务安全、稳定，但是您理解，我们不能随时预见和防范所有的技术或其他风险，包括但不限于不可抗力、病毒、木马、黑客攻击、系统不稳定、基础运营商原因、电力供应故障、通讯网络故障、第三方服务瑕疵、系统更新与升级、政府部门调查、司法行政命令、第三方网站等原因可能导致的服务中断、数据丢失、不能正常使用以及其他类似情况。出现相应情况时，在条件允许的情况下，我们将努力在第一时间及时修复，但您同意，因上述原因产生的损失我们将免责，发生前述情况及基于该等原因取消或终止任何订单或服务的（如有且适用），不免除您在本协议下就我们已提供的服务部分履行相应付款义务。同时，您需要配置您自己的计算机设备、网络设置、计算机程序等，以使用本服务，您应为您的设备自行配置防毒程序。&lt;/p&gt;&lt;p&gt;10.4 针对授权用户，在我方与客户间，您同意以下为客户之责任：&lt;/p&gt;&lt;p&gt;（1）告知您可能会影响您使用本服务的相关客户政策；&lt;/p&gt;&lt;p&gt;（2）在必要时，向您获取与客户权益及您使用本服务相关的授权；&lt;/p&gt;&lt;p&gt;（3）基于客户组织管理需要，针对特定用户内容的转移与处理；&lt;/p&gt;&lt;p&gt;（4）回复并解决任何与您或任何授权用户有关或源于与客户有关的用户信息，或是客户无法履行其义务所产生的争议或纠纷。&lt;/p&gt;&lt;p&gt;11.责任限制 &lt;/p&gt;&lt;p&gt;11.1 在法律允许的范围内，针对下述情形，不论我们是否被告知或应察觉此类损害发生的可能，我们不会向您负有任何责任：&lt;/p&gt;&lt;p&gt;11.1.1 任何间接性、偶然性、后果性、惩罚性、特殊性或刑罚性的损害和损失承担责任，包括但不限于预期利益、商誉及信誉、机会、数据资料损失、第三方费用。除法律另有明确规定外，任何情况下，我们向您承担损失赔偿责任的金额上限为您发生损失或我们违约的月份，您已经向我们支付的服务费。在法律允许的最大范围内，这些限制和条款适用于与本协议相关的任何事项或任何索赔。&lt;/p&gt;&lt;p&gt;11.1.2 任何因为以下原因对您造成的损失或损害：&lt;/p&gt;&lt;p&gt;（1）您使用任何第三方产品或服务造成的损害；&lt;/p&gt;&lt;p&gt;（2）我们以任何方式修改、暂停提供本服务或者本服务内任何功能；&lt;/p&gt;&lt;p&gt;（3）您未向我们提供准确的帐号信息，或者您未按照本协议要求保护您的帐号密码安全；&lt;/p&gt;&lt;p&gt;（4）其他因为您违反本协议约定的行为导致的损失。&lt;/p&gt;&lt;p&gt;11.2 在法律允许的最大范围内，您与任何第三方（包括但不限于例如任何移动网络服务商、权利所有者或其他用户）之间因您使用本服务而引起的任何争议都直接与您和该第三方相关，您必须排除我们对所有由此类争议引发的任何种类和性质的责任及损失（不论实际或间接）。&lt;/p&gt;&lt;p&gt;12.费用 &lt;/p&gt;&lt;p&gt;12.1 在移动应用上使用本服务时可能会产生数据流量费、通讯费、信息费等，在国际漫游的情况下可能会使费用增加，这些费用均由您自行承担。若您不确定这些费用，您应在使用本服务前咨询您的服务提供商。&lt;/p&gt;&lt;p&gt;12.2 您知悉并理解，针对试用或其他暂不收费服务不应被视为我们放弃后续向您收费的权利。我们有权根据实际运营情况通过官方网站、公告或其他适当的方式通知您收费标准、方式或相关变更。如果您不同意上述修改、变更或付费内容，您可以选择停止使用该产品或服务。&lt;/p&gt;&lt;p&gt;13.其他条款 &lt;/p&gt;&lt;p&gt;13.1 协议内容与修订：本协议内容包括本协议正文及所有我们已经发布或将来可能发布的隐私政策、各项规则、通知。前述内容均为本协议不可分割的组成部分，与本协议具有同等法律效力。为给您提供更好的服务或因国家法律法规、政策调整、技术条件、产品功能等变化需要，我们会适时对本协议进行修订，修订内容构成本协议的组成部分。本协议更新后，我们会以适当的方式提醒您更新的内容，以便您及时了解本协议的最新版本，您也可以在网站首页或软件设置页面查阅最新版本的协议条款。如您对修订后的协议内容存有异议，您有权立即停止使用本服务。如您在修订协议生效日后继续使用本服务，即表示您已同意接受修订后的本协议内容。&lt;/p&gt;&lt;p&gt;13.2 适用法律与管辖：本协议的成立、生效、履行、解释及争议解决均应适用中华人民共和国大陆地区法律。如果本协议的任何约定被判决或裁定无效，则这些条款应在不违反法律的前提下，按照尽可能接近本协议原条款目的的原则进行重新解释和适用，且不影响本协议中其他条款的效力。&lt;/p&gt;&lt;p&gt;13.3 本协议的签订地为中华人民共和国北京市海淀区，因本协议所引发的争议双方应尽量友好协商解决，协商不成的，您同意将争议提交至本协议签订地有管辖权的人民法院解决。&lt;/p&gt;&lt;p&gt;13.4 未经我们事先书面同意，您不得向任何第三方转让您在本条款项下的任何权利或义务。您理解并同意，我们有权自主决定经营策略并根据业务调整情况将本协议项下的全部权利义务一并转移给我们的关联公司或其他法律主体，您认可在上述情况下，我们无须征得您的同意，我们将尽量以合理的方式向您通知。&lt;/p&gt;&lt;p&gt;13.5 我们暂时未主张或强制执行本协议的任何约定，不应被视为我们豁免该等约定或放弃该等权利。&lt;/p&gt;', '2023-01-13 10:18:48', '2023-01-17 14:52:08'),
(2, 'privacy_agreement', '隐私协议', '&lt;p&gt;更新日期：2023年01月16日&lt;/p&gt;&lt;p&gt;生效日期：2023年01月16日&lt;/p&gt;&lt;p&gt;西安众邦网络科技有限公司及其关联方（以下简称“我们”）作为陀螺匠·企业助手产品及服务的运营者，深知个人信息对你的重要性，我们将按照法律法规的规定，保护你的个人信息及隐私安全。我们制定本隐私政策并希望提示你了解下述内容，以便作出适当选择：&lt;/p&gt;&lt;ul&gt;&lt;/ul&gt;&lt;p&gt;&lt;span style=&quot;font-size:16px&quot;&gt;本隐私政策写明了在不同场景下我们处理你的个人信息的方式，为了帮助你更加直观、简明地了解我们如何收集、使用以及保护你的个人信息，我们也为你提供了内容更加简洁的《陀螺匠·企业助手隐私政策简明版》，该指引为本隐私政策的一部分。&lt;/span&gt;&lt;br/&gt;&lt;/p&gt;&lt;p&gt;&lt;span style=&quot;font-size:16px&quot;&gt;当你使用或开启相关功能、使用服务或基于满足客户组织管理需要时，为实现功能、服务所必需或满足组织管理需要，我们会收集、使用相关信息。除非是为实现业务功能或根据法律法规要求所必需的必要信息，你均可以拒绝提供且不影响其他功能或服务。陀螺匠·企业助手个人信息收集清单&lt;/span&gt;为实现业务功能或根据法律法规要求所必需，我们会在你使用特定功能或服务时收集、使用你的敏感个人信息，具体的收集场景、目的和范围请见陀螺匠·企业助手敏感个人信息清单。&lt;/p&gt;&lt;p&gt;&lt;span style=&quot;font-size:16px&quot;&gt;通讯录、精确地理位置、摄像头（相机）、麦克风、相册（存储）、日历权限等均不会默认开启，只有经过你的明示授权才会在实现特定功能或服务时使用，你也可以撤回授权。特别需要指出的是，即使经过了你的授权，我们获得了这些敏感权限，也不会在相关功能或服务不需要时收集这些信息。应用权限申请与使用情况说明&lt;/span&gt;&lt;br/&gt;&lt;/p&gt;&lt;p&gt;&lt;span style=&quot;font-size:16px&quot;&gt;本隐私政策适用于陀螺匠·企业助手产品及服务，包括陀螺匠·企业助手各版本客户端应用程序、小程序、官方网站、供第三方网站和应用程序使用的陀螺匠·企业助手软件开发工具包（SDK）和应用程序编程接口（API）以及其他由我们提供且使用本隐私政策的所有产品及服务（在本隐私政策中统称为“本服务”或“陀螺匠·企业助手”）。本隐私政策不适用于其他第三方向你提供的服务，你在选择使用第三方服务前应充分了解第三方服务的产品功能及隐私保护政策，再选择是否使用相应功能或服务。&lt;/span&gt;&lt;br/&gt;&lt;/p&gt;&lt;p&gt;&lt;span style=&quot;font-size:16px&quot;&gt;除本隐私政策外，在特定场景下，我们还会通过即时告知（含弹窗、页面提示等）、功能更新说明等方式，向你说明对应的信息收集目的、范围及使用方式，这些即时告知及功能更新说明等构成本隐私政策的一部分，并与本隐私政策具有同等效力。&lt;/span&gt;&lt;/p&gt;&lt;p&gt;&lt;span style=&quot;font-size:16px&quot;&gt;本服务下相关身份的定义如下：&lt;/span&gt;&lt;/p&gt;&lt;p&gt;&lt;span style=&quot;font-size:16px&quot;&gt;客户，指通过授权自然人注册本服务帐号，搭建组织架构并享有管理权限的法人或其他组织，客户可以邀请个人加入其组织成为其授权用户。&lt;/span&gt;&lt;br/&gt;&lt;/p&gt;&lt;p&gt;&lt;span style=&quot;font-size:16px&quot;&gt;授权用户，指被客户授权或邀请加入客户在陀螺匠·企业助手搭建的组织架构，并使用本服务的自然人，包括团队创建人、管理员。其中，经客户指定，代客户配置本服务、行使后台管理权限的自然人称为管理员（为免歧义，本隐私政策中称为“客户管理员”）；最初代表客户创建团队的，称为团队创建人。&lt;/span&gt;&lt;br/&gt;&lt;/p&gt;&lt;p&gt;&lt;span style=&quot;font-size:16px&quot;&gt;个人用户，指相对授权用户，以个人身份注册和使用本服务的自然人。个人用户与授权用户统称为“你”。&lt;/span&gt;&lt;br/&gt;&lt;/p&gt;&lt;p&gt;下文将帮你详细了解我们如何收集、使用、存储、转移（如适用）与保护你的个人信息。并且帮你了解查询、复制、删除、更正、撤回授权个人信息的方式。本政策与你使用我们的服务关系密切，我们建议你仔细阅读并理解本政策全部内容，作出你认为适当的选择，其中，有关你个人信息权益的重要内容我们已用加粗形式提示，请特别关注。&lt;/p&gt;&lt;p&gt;1.本服务如何收集和使用个人信息&lt;/p&gt;&lt;p&gt;2.我们如何使用Cookie和同类技术&lt;/p&gt;&lt;p&gt;3.数据使用过程中涉及的合作方以及转移、公开个人信息&lt;/p&gt;&lt;p&gt;4.我们如何存储个人信息&lt;/p&gt;&lt;p&gt;5.我们如何保护个人信息的安全&lt;/p&gt;&lt;p&gt;6.管理你的个人信息&lt;/p&gt;&lt;p&gt;7.未成年人条款&lt;/p&gt;&lt;p&gt;8.隐私政策的修订和通知&lt;/p&gt;&lt;p&gt;9.联系我们&lt;/p&gt;&lt;p&gt;10.其他&lt;/p&gt;&lt;p&gt;1.本服务如何收集和使用个人信息&lt;/p&gt;&lt;p&gt;为了向你及客户提供本服务、维护本服务的正常安全运行、优化本服务的功能体验，陀螺匠·企业助手会按照如下目的与方式，收集你在注册、使用本服务时主动提供、授权提供的个人信息，以及你使用本服务时产生的个人信息：&lt;/p&gt;&lt;p&gt;1.1 帐号服务&lt;/p&gt;&lt;p&gt;1.1.1 注册、登录&lt;/p&gt;&lt;p&gt;a.使用本服务需要创建陀螺匠·企业助手帐号，你可以通过创建个人身份、创建企业、组织或加入组织的方式，分别创建个人身份帐号或组织身份帐号（均称为“陀螺匠·企业助手帐号”）。&lt;/p&gt;&lt;p&gt;b.你需要通过手机号创建陀螺匠·企业助手帐号，手机号码是履行国家法律法规关于网络实名制要求的必要信息，如果你不提供手机号码用于注册、登录，我们可能无法为你提供本服务。如果你仅浏览陀螺匠·企业助手官网，你不需要注册陀螺匠·企业助手帐号并提供前述信息。&lt;/p&gt;&lt;p&gt;c.若你是授权用户，你可以通过客户发送的邀请码、邀请链接或二维码等加入该组织，你需知悉，客户在向你发送邀请时可能已经向陀螺匠·企业助手提供了你的手机号，但当且仅当你确认接受邀请并登录你在该组织项下的帐号身份后才会被激活；若你主动申请加入某个组织，在你的加入申请被通过时，你在该组织下的帐号身份即被创建，待你登录后该帐号身份则被激活。&lt;/p&gt;&lt;p&gt;d.当你代表客户注册本服务时，你还需提供企业/组织名称、主体证照、所在地区等相关信息。以便我们帮助客户完成认证。你确认已获得这类客户的充分授权签署并同意本隐私政策的全部内容。&lt;/p&gt;&lt;p&gt;e.基于我们与通信运营商的合作，当你使用“一键登录”功能时，经过你的明示同意，运营商会将你的手机号发送给我们，便于我们为你提供快捷的登录服务。手机号属于个人敏感信息，如果拒绝提供将无法使用“一键登录”方式注册登录本服务，但不影响你通过其他方式注册登录。&lt;/p&gt;&lt;p&gt;1.1.2 帐号公开信息&lt;/p&gt;&lt;p&gt;你可以根据自己的需求，自主填写或设置头像、别名，这些你主动填写或设置的个人资料将用于向其他用户展示。不填写或设置这些信息不影响你使用陀螺匠·企业助手帐号及服务。&lt;/p&gt;&lt;p&gt;1.2 日历日程&lt;/p&gt;&lt;p&gt;1.2.1 你可以通过陀螺匠·企业助手的日历功能添加工作状态、事件提醒和其他日历安排信息。&lt;/p&gt;&lt;p&gt;1.3 云文档&lt;/p&gt;&lt;p&gt;云文档功能支持多人同时查看和编辑存储在云盘中的文档。为了使参与文档协作编辑的用户清晰明确知晓文档被编辑信息。此外，你可以根据需求设置文档权限。&lt;/p&gt;&lt;p&gt;1.4 内容发布与互动&lt;/p&gt;&lt;p&gt;1.4.1 你可以通过云文档、公告、知识社区及陀螺匠·企业助手提供的其他内容发布功能与场景发布信息，陀螺匠·企业助手将展示你的姓名、头像、发布的内容和信息。&lt;/p&gt;&lt;p&gt;1.4.2 为了帮助你发布图片，你需要开启相机、照片权限，如果你拒绝授权提供，将无法使用相关功能，但不影响你正常使用本服务的其他功能。&lt;/p&gt;&lt;p&gt;1.4.3 当你进行内容点击、浏览、收藏、内容下载、被点赞或分享内容时，陀螺匠·企业助手会记录前述信息，并向你展示。&lt;/p&gt;&lt;p&gt;1.4.4 请注意，你发布的信息中可能会涉及你或他人的个人信息甚至个人敏感信息，如你在发布时选择上传包含个人信息的内容。请你更加谨慎地考虑，是否在使用我们的服务时共享甚至公开分享相关信息。&lt;/p&gt;&lt;p&gt;1.4.5 当你开通、选购部分应用时，陀螺匠·企业助手会获取你的交易及订单信息，以便向你展示相关记录，并进行订单管理。&lt;/p&gt;&lt;p&gt;1.5 搜索&lt;/p&gt;&lt;p&gt;你使用搜索功能时，我们会收集你的搜索关键字信息、日志记录，以便向你展示搜索结果内容、搜索历史记录。&lt;/p&gt;&lt;p&gt;1.6 打卡（暂无）&lt;/p&gt;&lt;p&gt;1.6.1 若客户管理员开启GPS或WI-FI打卡模式，在你打卡时，陀螺匠·企业助手需要根据你的GPS位置信息及WI-FI接入点帮助你完成考勤打卡。&lt;/p&gt;&lt;p&gt;1.7 消息通知&lt;/p&gt;&lt;p&gt;1.7.1 你知悉并同意，对于你在使用本服务过程中提供的你的联系方式（例如：联系电话），我们在运营中可能会向其中的一种或多种发送多类通知，用于用户消息告知、身份验证、安全验证、用户使用体验调研等用途；此外，我们也可能会以短信、电话的方式，为你提供相关服务、功能或活动等，但请你放心，如你不愿接受这些信息，你可以通过消息中提供的退订方式进行退订，也可以直接与我们联系进行退订。&lt;/p&gt;&lt;p&gt;1.7.2 你可以自由选择是否参加我们举办的营销活动，若你选择参与，根据活动需要，可能需要你提供姓名、联系地址、联系方式、收款银行账号等信息。这些信息中包含个人敏感信息，是你收到转账或者礼品所必要的信息，你可以拒绝提供这些信息，但我们将无法向你转账或发放礼品。&lt;/p&gt;&lt;p&gt;1.8 安全运行&lt;/p&gt;&lt;p&gt;1.8.1 运营与安全保障&lt;/p&gt;&lt;p&gt;我们致力于为你提供安全、可信的产品与使用环境，提供优质而可靠的服务与信息是我们的核心目标。为了维护我们服务的正常运行，保护你或其他用户或公众的合法利益免受损失，我们会收集用于维护产品或服务安全稳定运行的必要信息。&lt;/p&gt;&lt;p&gt;1.8.2 设备信息与日志信息&lt;/p&gt;&lt;p&gt;a.为了保障软件与服务的安全运行、运营的质量及效率，我们会收集你的：硬件型号、操作系统版本号、设备标识符（如IMEI、AndroidID、OAID、IMSI、ICCID、GAID、MEID，不同的标识符在有效期、是否可由用户重置以及获取方式方面会有所不同）、网络设备硬件地址（MAC地址）、硬件序列号、IP地址、WLAN接入点（如SSID，BSSID）、蓝牙（Bluetooth）、基站、软件版本号、网络接入方式、类型、状态、网络质量数据、操作、使用、服务日志、设备时区。&lt;/p&gt;&lt;p&gt;b.为了预防恶意程序、保障运营质量及效率，我们会收集你安装的陀螺匠·企业助手应用信息（如版本、语言、来源等）、进程信息、总体运行、使用情况与频率、应用崩溃情况、性能数据。&lt;/p&gt;&lt;p&gt;c.我们可能使用你的帐号信息、设备信息、服务日志信息以及我们关联方、合作方在获得你授权或依法可以提供的信息，用于判断账户及交易安全、进行身份验证、识别违法违规情况、检测及防范安全事件，并依法采取必要的记录、分析、处置措施。&lt;/p&gt;&lt;p&gt;1.9 复制与分享&lt;/p&gt;&lt;p&gt;在你分享、复制信息时，我们需要访问你的剪切板，读取其中包含的口令、分享码、链接及其他内容信息，以实现跳转、复制、分享等功能或服务。&lt;/p&gt;&lt;p&gt;1.10 用户反馈&lt;/p&gt;&lt;p&gt;在使用本服务过程中，你可以对使用过程中遇到的问题及服务体验进行问题反馈，帮助我们更好地了解你使用我们产品或服务的体验和需求，在帮你解决问题的同时，帮助我们改善产品和服务，为此我们会记录你的联系信息、反馈的问题或建议、你与我们的通信/通话记录及相关内容（包括帐号信息、工单信息、你为了证明相关事实提供的其他信息，或你留下的其他联系方式），以便我们进一步联系你，向你反馈我们的处理进度。&lt;/p&gt;&lt;p&gt;1.11 收集、使用个人信息目的变更&lt;/p&gt;&lt;p&gt;请你了解，随着我们业务的发展，可能会对陀螺匠·企业助手的功能和提供的服务有所调整变化。原则上，当新功能或服务与我们当前提供的功能或服务相关时，收集与使用的个人信息将与原处理目的具有直接或合理关联。在与原处理目的无直接或合理关联的场景下，我们收集、使用你的个人信息，会再次按照法律法规及国家标准的要求以页面提示、交互流程、协议确认等合理的方式另行向你进行告知说明，并征得你的同意。&lt;/p&gt;&lt;p&gt;1.12 征得授权同意的例外&lt;/p&gt;&lt;p&gt;请你理解，在下列情形中，根据法律法规及相关国家标准，我们收集和使用你的个人信息无需征得你的授权同意：&lt;/p&gt;&lt;p&gt;a.与我们履行法律法规规定的义务相关的；&lt;/p&gt;&lt;p&gt;b.与国家安全、国防安全直接相关的；&lt;/p&gt;&lt;p&gt;c.与公共安全、公共卫生、重大公共利益直接相关的；&lt;/p&gt;&lt;p&gt;d.与犯罪侦查、起诉、审判和判决执行等直接相关的；&lt;/p&gt;&lt;p&gt;e.出于维护个人信息主体或其他个人的生命、财产等重大合法权益但又很难得到本人同意的；&lt;/p&gt;&lt;p&gt;f.所收集的你的个人信息是你自行向社会公众公开的；&lt;/p&gt;&lt;p&gt;g.从合法公开披露的信息中收集的你的个人信息的，如合法的新闻报道、政府信息公开等渠道；&lt;/p&gt;&lt;p&gt;h.根据你的要求签订或履行合同所必需的；&lt;/p&gt;&lt;p&gt;i.用于维护软件及相关服务的安全稳定运行所必需的，例如发现、处置软件及相关服务的故障；&lt;/p&gt;&lt;p&gt;j.为合法的新闻报道所必需的；&lt;/p&gt;&lt;p&gt;k.学术研究机构基于公共利益开展统计或学术研究所必要，且对外提供学术研究或描述的结果时，对结果中所包含的个人信息进行去标识化处理的；&lt;/p&gt;&lt;p&gt;l.法律法规规定的其他情形。&lt;/p&gt;&lt;p&gt;1.13 客户作为个人信息处理者的情形&lt;/p&gt;&lt;p&gt;1.13.1 如果你是授权用户，在你使用本服务过程中，除了通过系统收集及你主动提交的信息外，为了让你更便捷地使用本服务，客户会向我们提供与实现本服务功能和服务所需要的个人信息，包括但不限于你的帐号名称、姓名、企业邮箱、工作电话、工作地点、职务、职级、组织关系等信息，并且客户会根据实际情况不时更新这些信息。根据客户的陈述和保证，客户向我们提供你的上述个人信息之前，已经事先获得你的明确授权并且已经充分告知你收集、使用你的个人信息的目的、范围、使用方式。如你无法确认上述内容，我们建议你立即停止访问或使用本服务，并与客户就前述事项进行确认。同时你也可以通过本隐私政策提供的联系方式与我们联系，我们将在我们的能力范围内配合你处理相关事宜。&lt;/p&gt;&lt;p&gt;1.13.2 如果你作为授权用户使用本服务，客户将基于用工管理需求等场景处理你的个人信息。你知悉，下述个人信息将由客户收集、使用并决定处理目的和方式，我们仅根据客户的指示及我们与客户之间的协议，为向你提供相关服务与功能之目的处理这些信息（简称“客户使用数据”）：&lt;/p&gt;&lt;p&gt;a.你在所属组织的姓名、头像、别名、职位、联系信息（电子邮箱、手机号等）、工作地点、职务、职级、组织架构关系等信息；&lt;/p&gt;&lt;p&gt;b.你在使用本服务过程中产生的本企业内成员的评论、文档、邮件及其他基于使用本服务产生的内容类信息；&lt;/p&gt;&lt;p&gt;c.若客户为实现日常经营管理、办公安全之需要，开通打卡、审批、招聘、人事等产品或功能，为实现相关功能，你可能需要按照客户的要求提供你的基础个人信息（如联系信息、性别、社交帐号）、身份信息（如相关证件信息）、任职信息（部门、职位、职级等）、工作教育信息、工资及发放银行卡信息、人脸信息、地理位置、日程信息、打卡记录、审批记录信息等客户录入、分配或要求你提供的个人信息；&lt;/p&gt;&lt;p&gt;f.为网络和数据安全之目的，客户还会收集你的操作系统版本号、IP地址、网络接入方式、类型、状态、设备信息、网络设备硬件地址（MAC地址）、服务日志；&lt;/p&gt;&lt;p&gt;g.在跨组织协作场景中，为了方便你和跨组织成员交流协作，你所在组织可能会主动开启外部协作相关功能，向外部协作组织提供你的个人信息（如头像、姓名、邮箱、手机号、所在部门等）。&lt;/p&gt;&lt;p&gt;h.其他基于客户进行组织管理与运营、实现协同办公或特定团体团队管理目的提交的，以及需要你提交的信息。&lt;/p&gt;&lt;p&gt;1.13.3 对于客户使用数据，由客户负责向授权用户告知个人信息收集、使用的目的、方式和范围，如你对相关内容有疑问或主张相关的个人信息权益，你知悉并理解你可以联系客户或客户管理员处理。&lt;/p&gt;&lt;p&gt;特别提示你注意，如信息无法单独或结合其他信息识别到你的个人身份，其不属于法律意义上你的个人信息；当你的信息可以单独或结合其他信息识别到你的个人身份时或我们将无法与任何特定个人信息建立联系的数据与其他你的个人信息结合使用时，这些信息在结合使用期间，将作为你的个人信息按照本隐私政策处理与保护。&lt;/p&gt;&lt;p&gt;2.我们如何使用Cookie和同类技术&lt;/p&gt;&lt;p&gt;2.1 我们使用Cookie和其他类似技术，以提升你使用本服务的体验。当你使用本服务时，我们可能会使用相关技术向你的设备发送一个或多个Cookie或匿名标识符，以收集和存储你访问、使用本服务时的信息。我们承诺，不会将Cookie用于本隐私政策所述目的之外的任何其他用途。我们使用Cookie和同类技术主要为了实现以下功能或服务：&lt;/p&gt;&lt;p&gt;a.保障产品与服务的安全、高效运转：我们可能会设置认证与保障安全性的Cookie 或匿名标识符，使我们确认你是否安全登录服务，或者是否遇到盗用、欺诈及其他不法行为。这些技术还会帮助我们改进服务效率，提升登录和响应速度；&lt;/p&gt;&lt;p&gt;b.帮助你获得更轻松的访问体验：使用此类技术可以帮助你省去重复你填写个人信息、输入搜索内容的步骤和流程（示例：记录搜索、表单填写）。&lt;/p&gt;&lt;p&gt;2.2 大多数浏览器均为用户提供了清除浏览器缓存数据的功能，你可以在浏览器设置功能中进行相应的数据清除操作。如你进行清除，你可能无法使用由我们提供的、依赖于Cookie的服务或相应功能。&lt;/p&gt;&lt;p&gt;3.数据处理过程中涉及的合作方以及转移、公开个人信息 &lt;/p&gt;&lt;p&gt;3.1 数据处理过程中涉及的合作方&lt;/p&gt;&lt;p&gt;3.1.1 原则&lt;/p&gt;&lt;p&gt;a.合法原则：与合作方合作过程中涉及数据使用活动的，必须具有合法目的、符合法定的合法性基础。如果合作方使用信息不再符合合法原则，则其不应再使用你的个人信息，或在获得相应合法性基础后再行使用。&lt;/p&gt;&lt;p&gt;b.正当与最小必要原则：数据使用必须具有正当目的，且应以达成目的必要为限。&lt;/p&gt;&lt;p&gt;c. 安全审慎原则：我们将审慎评估合作方使用数据的目的，对这些合作方的安全保障能力进行综合评估，并要求其遵循合作法律协议。我们会对合作方获取信息的软件工具开发包（SDK）、应用程序接口（API）进行严格的安全监测，以保护数据安全。接入合作方目录 &lt;/p&gt;&lt;p&gt;3.1.2 委托处理&lt;/p&gt;&lt;p&gt;对于委托处理个人信息的场景，我们会与受托合作方根据法律规定签署相关处理协议，并对其个人信息使用活动进行监督。&lt;/p&gt;&lt;p&gt;3.1.3 共同处理&lt;/p&gt;&lt;p&gt;对于共同处理个人信息的场景，我们会与合作方根据法律规定签署相关协议并约定各自的权利和义务，确保在使用相关个人信息的过程中遵守法律的相关规定、保护数据安全。&lt;/p&gt;&lt;p&gt;3.1.4 合作方的范围&lt;/p&gt;&lt;p&gt;若具体功能和场景中涉及由我们的关联方、第三方提供服务，则合作方范围包括我们的关联方与第三方。&lt;/p&gt;&lt;p&gt;3.1.5 实现功能或服务的数据使用&lt;/p&gt;&lt;p&gt;a. 当你使用陀螺匠·企业助手产品与服务或其他第三方的产品与服务时，这些产品与服务可能会使用你授权的相关系统权限，或根据这些产品与服务的功能可能需要你提交个人信息，我们将根据你的授权将该服务所必要信息提供给为你服务的产品，你可参考这些产品与服务的相关协议或隐私政策，你也可以在这些产品与服务中撤回授权。如果你是授权用户，客户管理员可能会为了让你使用这些产品或服务将部分客户使用数据提供给这些服务提供方。&lt;/p&gt;&lt;p&gt;d.地理位置服务：当你使用地理位置相关服务时，位置服务提供商可能会通过SDK或相关技术使用你的GPS信息、设备信息，以便向你返回位置结果。位置信息是个人敏感信息，拒绝提供仅会影响地理位置服务功能，但不影响其他功能的正常使用。&lt;/p&gt;&lt;p&gt;g. 客户服务：为及时处理你的投诉、建议以及其他诉求，客户服务提供商需要使用你的帐号及所涉及事件的相关信息，以及时了解、处理和响应相关问题。&lt;/p&gt;&lt;p&gt;3.2  转移&lt;/p&gt;&lt;p&gt;随着我们业务的持续发展，我们将有可能进行合并、收购、资产转让，你的个人信息有可能因此而被转移。在发生前述变更时，我们将按照法律法规及不低于本隐私政策所要求的安全标准继续保护或要求个人信息的继受方继续保护你的个人信息，否则我们将要求继受方重新征得你的授权同意。&lt;/p&gt;&lt;p&gt;3.3 公开&lt;/p&gt;&lt;p&gt;a. 我们不会公开你的信息，除非遵循国家法律法规规定或者获得你的同意。我们公开你的个人信息会采用符合行业内标准的安全保护措施。&lt;/p&gt;&lt;p&gt;3.4 依法豁免征得同意提供、公开的个人信息&lt;/p&gt;&lt;p&gt;请你理解，在下列情形中，根据法律法规及国家标准，我们向合作方或第三方提供、公开你的个人信息无需征得你的授权同意：&lt;/p&gt;&lt;p&gt;a. 为订立、履行你作为一方当事人的合同所必需，或者按照依法制定的劳动规章制度和依法签订的集体合同实施人力资源管理所必需；&lt;/p&gt;&lt;p&gt;b.为履行法定职责或者法定义务所必需；&lt;/p&gt;&lt;p&gt;c.与国家安全、国防安全直接相关的；&lt;/p&gt;&lt;p&gt;d.为应对突发公共卫生事件，或者紧急情况下为保护自然人的生命健康和财产安全所必需；&lt;/p&gt;&lt;p&gt;e.与犯罪侦查、起诉、审判和判决执行等直接相关的；&lt;/p&gt;&lt;p&gt;f.为公共利益实施新闻报道、舆论监督等行为，在合理的范围内处理个人信息；&lt;/p&gt;&lt;p&gt;g.你自行向社会公众公开的个人信息；&lt;/p&gt;&lt;p&gt;h.从合法公开披露的信息中收集个人信息的，如合法的新闻报道、政府信息公开等渠道；&lt;/p&gt;&lt;p&gt;i.法律、行政法规规定的其他情形。&lt;/p&gt;&lt;p&gt;4.我们如何存储个人信息&lt;/p&gt;&lt;p&gt;4.1 存储地点&lt;/p&gt;&lt;p&gt;我们依照法律法规的规定，将在境内运营过程中收集和产生的你的个人信息存储于中华人民共和国境内。目前，我们不会将你的个人信息传输至境外，如果我们向境外传输，我们将会遵循相关国家规定或者征求你的同意。&lt;/p&gt;&lt;p&gt;4.2 存储期限&lt;/p&gt;&lt;p&gt;4.2.1 你在使用本服务期间，我们将持续保存你的个人信息，保存期限将以不超过为你提供服务所必须的期间为原则。如我们停止运营本服务，我们将在合理期限内依照所适用的法律对所持有的你的个人信息进行删除或匿名化处理。在你终止使用本服务或关闭相应授权后，我们会对你的信息进行删除或做匿名化处理，但以下情况除外：&lt;/p&gt;&lt;p&gt;a.遵从法律法规有关信息留存的要求（例如：《网络安全法》规定：采取监测、记录网络运行状态、网络安全事件的技术措施，并按照规定留存相关的网络日志不少于六个月）。&lt;/p&gt;&lt;p&gt;b.出于财务、审计、争议解决等目的需要合理延长期限的。&lt;/p&gt;&lt;p&gt;4.2.2 若你是授权用户，你知悉并理解，如你对我们根据客户指示，作为受委托方处理个人信息有任何疑问或主张相关个人信息权益的，你应当联系客户或客户管理员处理。&lt;/p&gt;&lt;p&gt;5.我们如何保护个人信息的安全 &lt;/p&gt;&lt;p&gt;5.1 我们非常重视你个人信息的安全。建立了数据安全制度规范和实施了安全技术措施，防止你的个人信息遭到未经授权的访问、修改，避免数据的损坏或丢失。我们的网络服务采取了传输层安全协议等加密技术，确保你的数据在网络传输过程的安全。&lt;/p&gt;&lt;p&gt;5.2 我们采用严格的数据处理权限控制，避免数据被违规使用。我们采用打码屏蔽等去标识化技术的多种数据脱敏方式增强个人信息在使用中的安全性。同时，我们采用行业广泛应用的加密技术对你的个人信息进行加密保存，并通过数据隔离技术进行隔离。我们始终落实该等技术措施和组织管理方式，并可能不时加以修订完善以提升系统的整体安全性。&lt;/p&gt;&lt;p&gt;5.3 尽管已经采取了上述合理有效措施，并已经遵守了相关法律规定要求的标准，但请你理解，由于技术的限制以及可能存在的各种恶意手段，在互联网行业，即便竭尽所能加强安全措施，也不可能始终保证信息百分之百的安全，我们将尽力确保你提供给我们的个人信息的安全性。请你知悉并理解，你接入我们的服务所用的系统和通讯网络，有可能因我们可控范围外的因素而出现问题。因此，我们强烈建议你采取积极措施保护个人信息的安全，包括但不限于使用复杂密码、定期修改密码、不将自己的帐号密码等个人信息透露给他人。&lt;/p&gt;&lt;p&gt;5.4 在发生危害网络安全的事件时，我们会按照网络安全事件应急预案，及时采取相应的补救措施。如果我们的物理设施或技术防护措施遭到破坏，导致你的个人信息被泄露、非法提供或滥用，造成你的合法权益受损，我们将严格依照法律的规定承担相应的责任。&lt;/p&gt;&lt;p&gt;5.5 在我们获悉发生了你的个人信息不幸被泄露、非法提供或滥用的个人信息安全事件后，我们将按照法律法规的要求及时向你告知：安全事件的基本情况和可能的影响、我们已采取或将要采取的处置措施、你可自主防范和降低风险的建议、对你的补救措施等。事件相关情况我们将以推送通知的方式告知你，难以逐一告知个人信息主体时，我们会采取合理、有效的方式发布公告。同时，我们还将按照监管部门要求，上报个人信息安全事件的处置情况。&lt;/p&gt;&lt;p&gt;5.6 你一旦浏览或使用其他网站、服务及内容资源，我们将没有能力和直接义务保护你在使用第三方产品过程中提交的任何个人信息，无论你登录、浏览或使用上述软件、网站是否基于本服务的链接或引导。&lt;/p&gt;&lt;p&gt;6.管理你的个人信息 &lt;/p&gt;&lt;p&gt;我们非常重视你对个人信息的管理，并尽全力保护你对于你个人信息的查阅、复制、更正、补充、删除、撤回同意授权、注销帐号、投诉举报以及设置隐私功能等权利，以使你有能力保障你的隐私和信息安全。&lt;/p&gt;&lt;p&gt;我们在不同的版本或操作系统中提供的管理方式的路径可能会有差异，请以实际为准。&lt;/p&gt;&lt;p&gt;6.1 改变或撤回授权范围&lt;/p&gt;&lt;p&gt;6.1.1 你可以在设备本身操作系统中关闭相关权限，改变同意范围或撤回你的授权。撤回授权后我们将不再收集与该权限相关信息。&lt;/p&gt;&lt;p&gt;6.1.2 你使用陀螺匠·企业助手的产品与服务后，你可以在这些产品与服务中撤回权限授权。&lt;/p&gt;&lt;p&gt;6.1.3 特定的业务功能和服务将需要你的信息才能得以完成，当你撤回同意或授权后，我们无法继续为你提供撤回同意或授权所对应的功能和服务，也不再处理你相应的个人信息。但你撤回同意或授权的决定，不会影响我们此前基于你的授权而开展的个人信息处理。&lt;/p&gt;&lt;p&gt;6.2 你的个人信息权利&lt;/p&gt;&lt;p&gt;6.2.1 查询、更正帐号信息&lt;/p&gt;&lt;p&gt;a. 如果你是个人用户，你可以点击左上角个人头像，查询、修改你的头像、别名、签名。&lt;/p&gt;&lt;p&gt;b. 如果你是授权用户，你可以点击个人头像查询你的头像、姓名、别名、部门、直属上级、人员类型、邮箱、工作城市等信息。相关信息由客户为你配置，若你希望修改某些信息，你可以向其提交更正信息申请，由客户管理员处理。&lt;/p&gt;&lt;p&gt;6.2.2 查询、更正、删除其他信息&lt;/p&gt;&lt;p&gt;a. 进入“个人中心”-帐号安全中心可以查询、修改你的手机号、电子邮箱，设置、修改你的登录密码。为了帮助你实现帐号安全管理，你也可以进入帐号安全中心查询、管理你的登录设备；&lt;/p&gt;&lt;p&gt;b. 进入“通讯录”查询、添加、删除联系人。若你是授权用户，你所在组织的内部联系人为管理员设置，你无法进行删除；&lt;/p&gt;&lt;p&gt;c. 点击搜索框可以查询、删除搜索历史；&lt;/p&gt;&lt;p&gt;d. 你可以在使用本服务过程中根据你的需要及我们提供的具体产品与功能，在相应功能界面进行操作与调整（例如你可以直接在客户中取消收藏或收藏等）；&lt;/p&gt;&lt;p&gt;特别提示你注意，出于安全性和身份识别（如帐号找回服务）的考虑，你可能无法自主修改注册时提交的某些初始注册信息。如你确有需要修改该类注册信息，请根据本隐私政策载明的联系方式联系我们。&lt;/p&gt;&lt;p&gt;除上述外，如果你或其他有权主体对相关法律法规赋予的个人信息权利的行使，有任何主张、要求或者疑问，你可以通过在线客服系统或发送邮件至本隐私政策载明的联系方式与我们联系，我们将尽快审核所涉问题，并在验证你的用户身份后的十五个工作日内回复。&lt;/p&gt;&lt;p&gt;6.3 若你主动申请注销陀螺匠·企业助手帐号，在你的帐号被注销前，我们将验证你的个人身份、安全状态、设备信息等信息后帮助你完成注销。你知悉并理解，注销帐号的行为是不可逆的行为，在你的帐号被注销后，我们将删除有关你的相关信息或进行匿名化处理，但法律法规另有规定或根据客户需要就客户使用的数据另行处理的除外。陀螺匠·企业助手帐号注销须知&lt;/p&gt;&lt;p&gt;6.4 意见反馈和投诉举报&lt;/p&gt;&lt;p&gt;如果你有任何意见或你认为你的个人信息权利可能受到侵害，或者发现侵害个人信息权利的线索，你可以进入“头像”-“帮助与客服”，通过在线客服界面或通过本隐私政策公布的联系方式与我们联系，当你使用客服中语音功能时，我们会申请麦克风权限，以便你与客服联系。&lt;/p&gt;&lt;p&gt;6.5 访问隐私政策&lt;/p&gt;&lt;p&gt;6.5.1 你可以在登录页面，查看本隐私政策的全部内容。&lt;/p&gt;&lt;p&gt;6.5.2 请你了解，本隐私政策中所述的本服务的相关功能可能会根据你所使用的设备型号、系统版本、软件应用程序版本等因素而有所不同。最终的产品和服务以你所使用的软件及相关服务为准。&lt;/p&gt;&lt;p&gt;6.6 停止运营并向你公告&lt;/p&gt;&lt;p&gt;如我们停止运营，我们将及时停止收集你个人信息的活动，将停止运营的通知以逐一送达或公告的形式通知你，并对所持有的你的个人信息进行删除或匿名化处理。&lt;/p&gt;&lt;p&gt;7.未成年人条款 &lt;/p&gt;&lt;p&gt;7.1 陀螺匠·企业助手主要面向成年人，若你是未满18周岁的未成年人，在使用本服务前，应在你的父母或其他监护人监护、指导下共同阅读并同意本隐私政策。&lt;/p&gt;&lt;p&gt;7.2 若你是未成年人的监护人，当你对你所监护的未成年人的个人信息有相关疑问时，请通过本隐私政策公示的联系方式与我们联系。&lt;/p&gt;&lt;p&gt;8.隐私政策的修订和通知&lt;/p&gt;&lt;p&gt;8.1 为了给你提供更好的服务，本服务将不时更新与变化，我们会适时对本隐私政策进行修订，这些修订构成本隐私政策的一部分并具有等同于本隐私政策的效力，未经你明确同意，我们不会削减你依据当前生效的本隐私政策所应享受的权利。&lt;/p&gt;&lt;p&gt;8.2 本隐私政策更新后，我们会发出更新版本，并在更新后的条款生效前通过适当的方式提醒你更新的内容，以便你及时了解本隐私政策的最新版本。如果你在本隐私政策更新之后继续使用本服务，即视为你接受更新后的隐私政策。&lt;/p&gt;&lt;p&gt;9.联系我们&lt;/p&gt;&lt;p&gt;9.1 与本隐私政策相关的任何疑问、意见或请求，你可以通过官方网站（tuoluojiang.com）首页客服入口与我们联系，也可以将相关问题发送至zhenglu@crmeb.com或邮寄至下列地址：陕西省西安市西咸新区创新大厦4C座。一般情况下，我们会在收到你相关联系信息并核实你身份后的十五个工作日内回复。&lt;/p&gt;&lt;p&gt;9.2 对于你合理的请求，我们原则上不收取费用，但对重复、超出合理限度的请求，我们将酌情收取一定费用。对于与你的身份不直接关联的信息、无端重复信息，或者需要过多技术手段（例如需要开发新系统或从根本上改变现行惯例）、给他人合法权益带来风险或者不切实际的请求，我们可能会予以拒绝。&lt;/p&gt;&lt;p&gt;10.其他&lt;/p&gt;&lt;p&gt;10.1 本隐私政策仅适用于你在中国大陆（仅为本条款之目的，不含中国香港、澳门、台湾地区）使用本服务的情形。&lt;/p&gt;&lt;p&gt;10.2 本隐私政策中的标题仅为方便及阅读而设，并不影响本隐私政策中任何规定的含义或解释。&lt;/p&gt;', '2023-01-13 10:18:48', '2023-01-16 10:23:38');

-- #默认班次
INSERT INTO `eb_attendance_shift` (`id`, `name`, `number`, `rest_time`, `rest_start`, `rest_end`, `rest_start_after`, `rest_end_after`, `overtime`, `work_time`, `color`, `sort`, `uid`, `created_at`, `updated_at`, `deleted_at`) VALUES
(1, '休息', 0, 0, '00:00', '00:00', 0, 0, 0, '', '#CCCCCC', 100, 0, '2023-06-29 06:27:02', '2023-06-29 10:14:47', NULL),
(2, '默认班次', 1, 1, '12:00', '13:00', 0, 0, 1800, '8小时0分钟', '#409EFF', 100, 1, '2023-07-11 02:13:21', '2023-07-13 02:17:32', NULL);

-- #班次规则
INSERT INTO `eb_attendance_shift_rule` (`id`, `shift_id`, `number`, `first_day_after`, `second_day_after`, `work_hours`, `late`, `extreme_late`, `late_lack_card`, `early_card`, `off_hours`, `early_leave`, `early_lack_card`, `delay_card`, `free_clock`, `created_at`, `updated_at`, `deleted_at`) VALUES
(1, 2, 0, 0, 0, '9:00', 180, 1800, 9000, 7200, '18:00', 0, 9000, 36000, 1, '2023-07-13 02:17:32', '2023-07-13 02:17:32', NULL);

-- #日历配置
INSERT INTO `eb_calendar_config` (`id`, `day`, `is_rest`, `created_at`, `updated_at`) VALUES
(1, '2023-11-25', 0, '2023-11-23 07:31:54', '2023-11-23 07:31:54');

INSERT INTO `eb_category` (`id`, `pid`, `cate_name`, `path`, `sort`, `pic`, `is_show`, `level`, `type`, `keyword`, `entid`) VALUES
(6, 0, '个人办公', '', 2, '', 1, 0, 'quickConfig', '', 1),
(7, 0, '客户管理', '', 22, '', 1, 0, 'quickConfig', '', 1),
(8, 0, '办公工具', '', 1, '', 1, 0, 'quickConfig', '', 1),
(13, 0, '财务管理', '', 0, '', 1, 0, 'quickConfig', '', 1);

-- #表单类型
INSERT INTO `eb_form_cate` (`id`, `title`, `sort`, `types`, `status`, `created_at`, `updated_at`, `deleted_at`) VALUES
(1, '基本信息', 10, 1, 1, NULL, '2024-01-11 19:59:18', NULL),
(2, '备注信息', 5, 1, 1, NULL, '2024-01-09 19:33:33', '2024-01-09 19:33:33'),
(3, '基本信息', 2, 2, 1, '2023-11-23 00:22:36', '2024-01-08 23:43:36', NULL),
(4, '备注信息', 0, 2, 1, NULL, NULL, NULL),
(5, '联系人信息', 0, 3, 1, '2023-12-08 19:21:35', '2024-01-10 18:33:18', NULL),
(6, '备注字段', 0, 3, 1, '2023-12-08 19:23:15', '2024-01-08 23:11:50', NULL),
(7, '备注信息', 0, 1, 1, '2023-12-11 20:03:42', '2024-01-11 19:55:49', '2024-01-11 19:55:49'),
(8, '附件信息', 0, 1, 1, '2024-01-04 17:55:44', '2024-01-09 19:35:20', '2024-01-09 19:35:20'),
(9, '客户附件', 2, 1, 1, '2024-01-04 17:59:53', '2024-01-09 19:35:31', '2024-01-09 19:35:31'),
(10, '备注', 0, 1, 1, '2024-01-08 01:08:31', '2024-01-09 17:26:41', '2024-01-09 17:26:41'),
(11, '附件', 0, 3, 1, '2024-01-08 23:12:10', '2024-01-25 17:35:52', '2024-01-25 17:35:52');

-- #表单数据
INSERT INTO `eb_form_data` (`id`, `key`, `key_name`, `type`, `input_type`, `cate_id`, `param`, `decimal_place`, `upload_type`, `required`, `placeholder`, `max`, `min`, `dict_ident`, `value`, `uniqued`, `desc`, `sort`, `status`, `created_at`, `updated_at`, `deleted_at`) VALUES
(1, 'customer_name', '客户名称', 'text', 'input', 1, '', 0, 0, '0', '请输入客户名称', 30, 1, '', '', 1, 'desc', 8, 1, NULL, '2024-02-05 06:44:14', NULL),
(6, 'b37a3f36', '备注', 'textarea', 'input', 2, '', 0, 69, '0', '备注的提示信息', 50, 19, '', '', 1, '', 4, 1, NULL, '2024-01-09 19:33:33', '2024-01-09 19:33:33'),
(7, 'customer_way', '客户来源', 'single', 'select', 1, '', 0, 0, '0', '客户来源的提示信息', 1, 1, 'customer_way', '', 0, '', 6, 1, NULL, '2024-02-05 06:44:14', NULL),
(8, 'customer_label', '客户标签', 'checked', 'checked', 1, '', 0, 0, '0', '请选择客户标签', 50, 1, '', '', 0, '', 7, 1, NULL, '2024-02-05 06:44:14', NULL),
(9, 'b37a3f16', '企业电话', 'text', 'input', 1, '', 0, 0, '0', '请输入手机号码', 20, 1, '', '', 0, '', 5, 1, NULL, '2024-02-05 06:44:14', NULL),
(10, 'area_cascade', '省市区', 'single', 'select', 1, '', 0, 0, '0', '请选择省市区', 50, 1, 'area_cascade', '', 0, '', 4, 1, NULL, '2024-02-05 06:44:14', NULL),
(11, '9bfe77e4', '详细地址', 'text', 'input', 1, '', 0, 0, '0', '详细地址的提示信息', 50, 1, '', '', 0, '', 3, 1, NULL, '2024-02-05 06:44:14', NULL),
(12, 'customer_followed', '是否关注', 'radio', 'radio', 1, '', 0, 0, '0', '是否关注的提示信息', 5, 1, 'follow_status', '\"1\"', 0, '', 1, 1, NULL, '2024-02-05 06:44:14', NULL),
(13, 'contract_status', '合同状态', 'radio', 'radio', 3, '', 0, 0, '0', '请选择合同状态', 5, 1, 'contract_status', '', 0, '', 8, 1, NULL, '2024-02-04 04:37:13', NULL),
(14, 'b3733f36', '备注', 'textarea', 'input', 4, '', 0, 69, '0', '备注的提示信息', 200, 1, '', '', 0, '', 1, 1, NULL, '2024-02-04 04:37:13', NULL),
(15, 'contract_followed', '是否关注', 'radio', 'radio', 3, '', 0, 0, '0', '是否关注的提示信息', 5, 1, 'follow_status', '\"1\"', 0, '', 7, 1, NULL, '2024-02-04 04:37:13', NULL),
(16, 'contract_no', '合同编号', 'text', 'input', 3, '', 0, 0, '0', '请输入合同编号', 30, 1, '', '', 0, 'desc', 9, 1, NULL, '2024-02-04 04:37:13', NULL),
(17, 'contract_category', '合同分类', 'single', 'select', 3, '', 0, 0, '0', '', 1, 1, 'contract_type', '', 0, '', 6, 1, NULL, '2024-02-04 04:37:13', NULL),
(18, 'contract_price', '合同金额(元)', 'number', 'input', 3, '', 2, 0, '0', '', 999999, 1, '', '', 0, '', 5, 1, NULL, '2024-02-04 04:37:13', NULL),
(19, 'contract_customer', '客户名称', 'single', 'select', 3, '', 0, 0, '0', '', 1, 1, '', '', 0, '', 4, 1, NULL, '2024-02-04 04:37:13', NULL),
(20, 'start_date', '开始时间', 'date', 'date', 3, '', 0, 0, '0', '请选择开始时间', 0, 0, '', '', 0, '', 3, 1, NULL, '2024-02-04 04:37:13', NULL),
(21, 'end_date', '结束时间', 'date', 'date', 3, '', 0, 0, '0', '结束时间为空代表永久', 0, 0, '', '', 0, '', 2, 1, NULL, '2024-02-04 04:37:13', NULL),
(22, 'signing_status', '签约状态', 'radio', 'radio', 3, '', 0, 0, '0', '', 1, 1, 'signing_status', '', 0, '', 1, 1, NULL, '2024-02-04 04:37:13', NULL),
(23, 'contract_name', '合同名称', 'text', 'input', 3, '', 0, 0, '0', '', 30, 1, '', '', 0, '', 10, 1, NULL, '2024-02-04 04:37:13', NULL),
(24, 'liaison_name', '联系人姓名', 'text', 'input', 5, '', 0, 0, '0', '', 50, 1, '', '', 0, '', 6, 1, NULL, '2024-02-04 10:24:55', NULL),
(25, 'liaison_job', '联系人职位', 'text', 'input', 5, '', 0, 0, '0', '', 50, 1, '', '\"\\u516c\\u53f8\\u804c\\u5458\"', 0, '', 7, 1, NULL, '2024-02-04 10:24:55', NULL),
(26, 'liaison_tel', '联系电话', 'text', 'input', 5, '', 0, 0, '0', '', 11, 1, '', '', 0, '', 5, 1, NULL, '2024-02-04 10:24:55', NULL),
(27, 'e06d7153', '性别', 'radio', 'radio', 5, '', 0, 0, '0', '', 1, 1, 'gender', '', 0, '', 4, 1, NULL, '2024-02-04 10:24:55', NULL),
(28, 'e06d7152', '联系人邮箱', 'text', 'input', 5, '', 0, 0, '0', '', 50, 1, '', '', 0, '', 3, 1, NULL, '2024-02-04 10:24:55', NULL),
(29, 'e06d7159', '联系人微信', 'text', 'input', 5, '', 0, 0, '0', '', 50, 1, '', '', 0, '', 2, 1, NULL, '2024-02-04 10:24:55', NULL),
(30, 'l753bf282', '备注', 'textarea', 'input', 6, '', 0, 0, '0', '', 200, 1, '', '', 0, '', 1, 1, NULL, '2024-02-04 10:24:55', NULL),
(31, 'b7de5623', '附件', 'file', 'file', 2, '', 0, 0, '1', '', 3, 1, '', '', 0, '', 3, 0, NULL, '2024-01-09 19:33:33', '2024-01-09 19:33:33'),
(32, '9e8a5a92', '附件', 'file', 'file', 2, '', 0, 0, '0', '', 3, 1, '', '', 0, '', 2, 0, NULL, '2024-01-09 19:33:33', '2024-01-09 19:33:33'),
(33, 'b8d341e6', '富文本', 'oaWangeditor', 'oaWangeditor', 2, '', 0, 0, '0', '请输入内容', 1, 1, '', '', 0, '', 1, 0, NULL, '2024-01-09 19:33:33', '2024-01-09 19:33:33'),
(34, 'd1d4d0fa', '附件', 'file', 'file', 7, '', 0, 0, '0', '', 3, 1, '', '', 0, '', 2, 0, NULL, '2024-01-11 19:55:49', '2024-01-11 19:55:49'),
(35, 'ab76ab3a', '备注', 'textarea', 'input', 7, '', 0, 0, '1', '', 1, 1, '', '', 0, '', 2, 0, NULL, '2024-01-09 19:35:54', '2024-01-09 19:35:54'),
(36, '8082c9c8', '备注', 'textarea', 'input', 7, '', 0, 0, '1', '', 1, 1, '', '', 0, '', 1, 0, NULL, '2024-01-09 19:35:54', '2024-01-09 19:35:54'),
(37, 'fd6ae39e', '备注', 'textarea', 'input', 7, '', 0, 0, '0', '请输入备注信息', 255, 1, '', '', 0, '', 1, 1, NULL, '2024-01-11 19:55:49', '2024-01-11 19:55:49'),
(38, '37a412c1', '客户附件', 'file', 'file', 1, '', 0, 0, '0', '', 1, 1, '', '', 0, '', 1, 0, NULL, '2024-01-09 19:34:58', '2024-01-09 19:34:58'),
(39, 'f8da75b5', '客户附件', 'file', 'file', 1, '', 0, 0, '0', '', 3, 1, '', '', 0, '', 5, 1, NULL, '2024-01-09 19:34:52', '2024-01-09 19:34:52'),
(40, '455f0f9e', '时间', 'date', 'date', 1, '', 0, 0, '0', '请选择时间', 0, 0, '', '', 0, '', 4, 1, NULL, '2024-02-01 00:16:19', '2024-02-12 04:32:56'),
(41, 'fb9ddfaf', '富文本', 'oaWangeditor', 'oaWangeditor', 7, '', 0, 0, '0', '侵', 1, 1, '', '', 0, '', 1, 0, NULL, '2024-01-10 23:46:11', '2024-01-10 23:46:11'),
(42, 'b221d90c', '文件附件', 'file', 'file', 1, '', 0, 0, '0', '', 5, 1, '', '', 0, '', 4, 1, NULL, '2024-01-09 19:34:52', '2024-01-09 19:34:52'),
(43, 'customer_status', '客户状态', 'single', 'select', 1, '', 0, 0, '0', '请选择客户状态', 1, 1, 'customer_status', '[\"0\"]', 0, '', 2, 1, NULL, '2024-02-05 06:44:14', NULL),
(44, 'f3ea9ec8', '客户附件', 'file', 'file', 8, '', 0, 0, '0', '', 1, 1, '', '', 0, '', 1, 0, NULL, '2024-01-09 19:35:20', '2024-01-09 19:35:20'),
(45, '17d6191c', '附件', 'file', 'file', 9, '', 0, 0, '0', '', 1, 1, '', '', 0, '', 3, 1, NULL, '2024-01-09 19:35:31', '2024-01-09 19:35:31'),
(46, 'cd86fb05', '附件', 'file', 'file', 9, '', 0, 0, '0', '', 3, 1, '', '', 0, '', 2, 1, NULL, '2024-01-09 19:35:31', '2024-01-09 19:35:31'),
(47, '34386cd7', '附件', 'file', 'file', 9, '', 0, 0, '0', '', 2, 1, '', '', 0, '', 4, 1, NULL, '2024-01-09 19:35:31', '2024-01-09 19:35:31'),
(48, 'a11e70bd', '图片', 'images', 'images', 9, '', 0, 0, '0', '', 2, 1, '', '', 0, '', 1, 1, NULL, '2024-01-09 19:35:31', '2024-01-09 19:35:31'),
(49, 'c0b946e8', '备注', 'text', 'input', 10, '', 0, 0, '0', '', 200, 1, '', '', 0, '', 1, 0, NULL, '2024-01-09 17:26:41', '2024-01-09 17:26:41'),
(50, 'c28b1d12', '图片', 'images', 'images', 9, '', 0, 0, '0', '', 3, 1, '', '', 0, '', 2, 0, NULL, '2024-01-09 19:34:25', '2024-01-09 19:34:25'),
(51, 'c09a50e5', '图片', 'images', 'images', 9, '', 0, 0, '0', '', 3, 1, '', '', 0, '', 1, 0, NULL, '2024-01-09 19:34:25', '2024-01-09 19:34:25'),
(52, 'cd796338', '附件', 'file', 'file', 11, '', 0, 0, '0', '', 50, 1, '', '', 0, '', 1, 1, NULL, '2024-01-25 17:35:52', '2024-01-25 17:35:52'),
(53, 'ced1563a', '干系人类型', 'single', 'select', 5, '', 0, 0, '0', '这个根据项目进行选择', 1, 1, 'leixing', '', 0, '', 2, 1, NULL, '2024-01-22 23:08:42', '2024-01-22 23:08:42'),
(54, 'cdc4d06a', '联系人QQ', 'text', 'input', 5, '', 0, 0, '0', '', 12, 1, '', '', 0, '', 1, 1, NULL, '2024-02-04 10:24:55', NULL),
(55, 'c602d68e', '阿瑟东现场', 'file', 'file', 3, '', 0, 0, '0', '', 1, 1, '', '', 0, '', 2, 0, NULL, '2024-02-04 04:37:13', '2024-02-04 04:37:13'),
(56, 'c45aa76a', '优先级', 'radio', 'radio', 1, '', 0, 0, '0', '请问', 3, 1, 'youxianji', '', 0, '', 1, 1, NULL, '2024-02-01 00:16:19', '2024-02-04 04:32:49'),
(57, 'c8a03485', '店铺地址', 'text', 'input', 1, '', 0, 0, '0', '', 1, 1, '', '', 0, '', 2, 1, NULL, '2024-01-14 17:48:43', '2024-01-14 17:48:43'),
(58, 'ce20ed9a', '测试', 'multiple', 'select', 1, '', 0, 0, '1', '测试', 1, 1, 'customer_statusf', '', 0, '', 1, 1, NULL, '2024-01-14 17:48:43', '2024-01-14 17:48:43'),
(59, 'cee34391', '备注', 'oaWangeditor', 'oaWangeditor', 13, '', 0, 0, '0', '', 0, 0, '', '', 0, '', 1, 1, NULL, '2024-01-11 23:49:59', '2024-01-11 23:49:59'),
(60, 'c1e15f33', '备注', 'oaWangeditor', 'oaWangeditor', 13, '', 0, 0, '0', '', 1, 1, '', '', 0, '', 1, 1, NULL, '2024-01-25 17:16:53', '2024-01-25 17:16:53'),
(61, 'c39fbe6a', '备注2', 'text', 'input', 13, '', 0, 0, '0', '', 0, 0, '', '', 0, '', 1, 1, NULL, '2024-01-11 23:51:20', '2024-01-11 23:51:20'),
(62, 'ce99fdb8', '备注', 'textarea', 'input', 13, '', 0, 0, '0', '请输入备注信息', 300, 1, '', '', 0, '', 1, 1, NULL, '2024-02-01 00:16:19', NULL),
(63, 'c3e2adbb', '附件', 'file', 'file', 14, '', 0, 0, '0', '', 4, 1, '', '', 0, '', 1, 1, NULL, '2024-02-01 00:16:19', NULL);


INSERT INTO `eb_approve` (`id`,`card_id`, `entid`, `name`, `icon`, `color`, `info`, `types`, `examine`, `config`, `status`, `created_at`, `updated_at`, `deleted_at`) VALUES
(9, 1, 1, '添加回款记录', 'iconjine', '#00C050', '', 6, 0, '', 1, '2024-02-04 10:24:46', '2024-02-04 10:24:46', NULL),
(10, 1, 1, '添加续费记录', 'iconjine', '#00C050', '', 7, 0, '', 1, '2024-02-04 10:25:04', '2024-02-04 10:25:04', NULL),
(11, 1, 1, '添加支出记录', 'iconjine', '#00C050', '', 8, 0, '', 1, '2024-02-04 10:25:20', '2024-02-04 10:25:20', NULL),
(12, 1, 1, '添加发票记录', 'iconjine', '#00C050', '', 9, 0, '', 1, '2024-02-04 10:25:36', '2024-02-04 10:25:36', NULL),
(13, 1, 1, '申请作废发票', 'iconjine', '#00C050', '', 10, 0, '', 1, '2024-02-04 10:27:40', '2024-02-04 10:27:40', NULL);

INSERT INTO `eb_approve_form` (`id`, `card_id`, `approve_id`, `title`, `info`, `value`, `required`, `types`, `content`, `props`, `options`, `config`, `uniqued`, `sort`) VALUES
(null, 1, 9, '', '', '', 0, 'contractPayment', '{\"type\":\"contractPayment\",\"field\":\"Fcx11oib47c87l\",\"children\":[{\"checkType\":\"0\",\"display\":true,\"effect\":{\"fetch\":\"\",\"required\":true},\"field\":\"Fqrn1oib47c87m\",\"hidden\":false,\"info\":\"\",\"input\":false,\"title\":\"\\u5408\\u540c\\u540d\\u79f0\",\"type\":\"select\",\"props\":{\"disabled\":false,\"placeholder\":\"\\u8bf7\\u9009\\u62e9\\u5408\\u540c\\u540d\\u79f0\"},\"symbol\":\"contractList\",\"_fc_drag_tag\":\"select\"},{\"checkType\":\"0\",\"display\":true,\"effect\":{\"fetch\":\"\",\"required\":true},\"field\":\"Fnda1oib47c87n\",\"hidden\":false,\"info\":\"\",\"input\":false,\"title\":\"\\u8d22\\u52a1\\u6536\\u5165\\u79d1\\u76ee\",\"symbol\":\"incomeCategories\",\"type\":\"cascader\",\"_fc_drag_tag\":\"cascader\",\"props\":{\"filterable\":true,\"expandTrigger\":\"hover\",\"options\":[]}},{\"checkType\":\"0\",\"display\":true,\"effect\":{\"fetch\":\"\",\"required\":true},\"field\":\"Fp3u1oib47c87o\",\"hidden\":false,\"info\":\"\",\"input\":false,\"title\":\"\\u652f\\u4ed8\\u65b9\\u5f0f\",\"type\":\"select\",\"symbol\":\"payType\",\"_fc_drag_tag\":\"select\"},{\"effect\":{\"fetch\":\"\",\"required\":true},\"field\":\"F0ar1oib47c87p\",\"props\":{\"type\":\"moneyFrom\"},\"title\":\"\\u56de\\u6b3e\\u91d1\\u989d\\uff08\\u5143\\uff09\",\"symbol\":\"collectionAmount\",\"type\":\"moneyFrom\",\"_fc_drag_tag\":\"moneyFrom\",\"hidden\":false,\"display\":true},{\"checkType\":\"0\",\"display\":true,\"effect\":{\"fetch\":\"\",\"required\":true},\"field\":\"Fnmf1oib47c87q\",\"hidden\":false,\"info\":\"\",\"props\":{\"type\":\"datetime\",\"placeholder\":\"\\u8bf7\\u9009\\u62e9\\u65f6\\u95f4\"},\"title\":\"\\u4ed8\\u6b3e\\u65f6\\u95f4\",\"symbol\":\"payTime\",\"type\":\"datePicker\",\"_fc_drag_tag\":\"datetimerange\"},{\"effect\":{\"fetch\":\"\",\"required\":false},\"field\":\"Fihi1oib47c87r\",\"props\":{\"type\":\"uploadFrom\"},\"title\":\"\\u4ed8\\u6b3e\\u51ed\\u8bc1\",\"symbol\":\"paymentVoucher\",\"type\":\"uploadFrom\",\"_fc_drag_tag\":\"uploadFrom\",\"hidden\":false,\"display\":true},{\"type\":\"input\",\"field\":\"F22e1oib47c87s\",\"display\":true,\"hidden\":false,\"symbol\":\"remark\",\"info\":\"\",\"props\":{\"type\":\"textarea\",\"placeholder\":\"\\u8bf7\\u8f93\\u5165\"},\"title\":\"\\u5907\\u6ce8\",\"_fc_drag_tag\":\"textarea\"}],\"_fc_drag_tag\":\"contractPayment\",\"hidden\":false,\"display\":true}', '', '', '', '\"Fcx11oib47c87l\"', 0),
(null, 1, 10, '', '', '', 0, 'contractRenewal','{\"type\":\"contractRenewal\",\"field\":\"Fkkb1oib48k78r\",\"children\":[{\"checkType\":\"0\",\"display\":true,\"effect\":{\"fetch\":\"\",\"required\":true},\"field\":\"Fz6l1oib48k7bk\",\"hidden\":false,\"info\":\"\",\"input\":false,\"title\":\"\\u5408\\u540c\\u540d\\u79f0\",\"symbol\":\"contractList\",\"props\":{\"disabled\":false,\"readonly\":true,\"placeholder\":\"\\u8bf7\\u9009\\u62e9\\u5408\\u540c\\u540d\\u79f0\"},\"type\":\"select\",\"_fc_drag_tag\":\"select\"},{\"checkType\":\"0\",\"display\":true,\"effect\":{\"fetch\":\"\",\"required\":true},\"field\":\"Fayh1oib48k7bl\",\"hidden\":false,\"info\":\"\",\"input\":false,\"title\":\"\\u8d22\\u52a1\\u6536\\u5165\\u79d1\\u76ee\",\"symbol\":\"incomeCategories\",\"type\":\"cascader\",\"_fc_drag_tag\":\"cascader\",\"props\":{\"filterable\":true,\"expandTrigger\":\"hover\",\"options\":[]}},{\"checkType\":\"0\",\"display\":true,\"effect\":{\"fetch\":\"\",\"required\":true},\"field\":\"Fden1oib48k7bm\",\"hidden\":false,\"info\":\"\",\"input\":false,\"title\":\"\\u7eed\\u8d39\\u7c7b\\u578b\",\"symbol\":\"renewalType\",\"type\":\"select\",\"_fc_drag_tag\":\"select\"},{\"effect\":{\"fetch\":\"\",\"required\":true},\"field\":\"Faw21oib48k7bn\",\"props\":{\"type\":\"moneyFrom\"},\"title\":\"\\u7eed\\u8d39\\u91d1\\u989d\\uff08\\u5143\\uff09\",\"symbol\":\"renewalAmount\",\"type\":\"moneyFrom\",\"_fc_drag_tag\":\"moneyFrom\",\"hidden\":false,\"display\":true},{\"checkType\":\"0\",\"display\":true,\"effect\":{\"fetch\":\"\",\"required\":true},\"field\":\"Fwkk1oib48k7bo\",\"hidden\":false,\"info\":\"\",\"props\":{\"type\":\"datetime\",\"placeholder\":\"\\u8bf7\\u9009\\u62e9\\u65e5\\u671f\"},\"title\":\"\\u7eed\\u8d39\\u7ed3\\u675f\\u65e5\\u671f\",\"symbol\":\"renewalEndTime\",\"type\":\"datePicker\",\"_fc_drag_tag\":\"datetimerange\"},{\"checkType\":\"0\",\"display\":true,\"effect\":{\"fetch\":\"\",\"required\":true},\"field\":\"Fnbv1oib48k7bp\",\"hidden\":false,\"info\":\"\",\"input\":false,\"title\":\"\\u652f\\u4ed8\\u65b9\\u5f0f\",\"type\":\"select\",\"symbol\":\"payType\",\"_fc_drag_tag\":\"select\"},{\"checkType\":\"0\",\"display\":true,\"effect\":{\"fetch\":\"\",\"required\":true},\"field\":\"Fkef1oib48k7bq\",\"hidden\":false,\"info\":\"\",\"props\":{\"placeholder\":\"\\u8bf7\\u9009\\u62e9\\u65e5\\u671f\"},\"title\":\"\\u4ed8\\u6b3e\\u65f6\\u95f4\",\"symbol\":\"payTime\",\"type\":\"datePicker\",\"_fc_drag_tag\":\"datePicker\"},{\"effect\":{\"fetch\":\"\",\"required\":false},\"field\":\"F9o31oib48k7br\",\"props\":{\"type\":\"uploadFrom\"},\"title\":\"\\u4ed8\\u6b3e\\u51ed\\u8bc1\",\"symbol\":\"paymentVoucher\",\"type\":\"uploadFrom\",\"_fc_drag_tag\":\"uploadFrom\",\"hidden\":false,\"display\":true},{\"type\":\"input\",\"field\":\"Fmho1oib48k7bs\",\"display\":true,\"hidden\":false,\"info\":\"\",\"props\":{\"type\":\"textarea\",\"placeholder\":\"\\u8bf7\\u8f93\\u5165\"},\"title\":\"\\u5907\\u6ce8\",\"symbol\":\"remark\",\"_fc_drag_tag\":\"textarea\"}],\"_fc_drag_tag\":\"contractRenewal\",\"hidden\":false,\"display\":true}', '', '', '', '\"Fkkb1oib48k78r\"', 0),
(null, 1, 11, '', '', '', 0, 'contractExpenditure', '{\"type\":\"contractExpenditure\",\"field\":\"Fvtk1ofcxxrokl\",\"children\":[{\"checkType\":\"0\",\"display\":true,\"effect\":{\"fetch\":\"\",\"required\":true},\"field\":\"Fxvy1ofcxxrokm\",\"hidden\":false,\"info\":\"\",\"input\":false,\"title\":\"\\u5408\\u540c\\u540d\\u79f0\",\"symbol\":\"contractList\",\"type\":\"select\",\"props\":{\"disabled\":true,\"readonly\":true,\"placeholder\":\"\\u8bf7\\u9009\\u62e9\\u5408\\u540c\\u540d\\u79f0\"},\"_fc_drag_tag\":\"select\",\"disabled\":true},{\"checkType\":\"0\",\"display\":true,\"effect\":{\"fetch\":\"\",\"required\":true},\"field\":\"F17v1ofcxxrokn\",\"hidden\":false,\"info\":\"\",\"input\":false,\"title\":\"\\u8d22\\u52a1\\u652f\\u51fa\\u79d1\\u76ee\",\"symbol\":\"expenditureCategories\",\"type\":\"cascader\",\"_fc_drag_tag\":\"cascader\",\"props\":{\"filterable\":true,\"expandTrigger\":\"hover\",\"options\":[]}},{\"checkType\":\"0\",\"display\":true,\"effect\":{\"fetch\":\"\",\"required\":true},\"field\":\"Fom21ofcxxroko\",\"hidden\":false,\"info\":\"\",\"input\":false,\"title\":\"\\u652f\\u4ed8\\u65b9\\u5f0f\",\"symbol\":\"payType\",\"type\":\"select\",\"_fc_drag_tag\":\"select\"},{\"effect\":{\"fetch\":\"\",\"required\":true},\"field\":\"Faxd1ofcxxrokp\",\"props\":{\"type\":\"moneyFrom\"},\"title\":\"\\u652f\\u51fa\\u91d1\\u989d\\uff08\\u5143\\uff09\",\"symbol\":\"expenditureAmount\",\"type\":\"moneyFrom\",\"_fc_drag_tag\":\"moneyFrom\",\"hidden\":false,\"display\":true},{\"checkType\":\"0\",\"display\":true,\"effect\":{\"fetch\":\"\",\"required\":true},\"field\":\"F2vq1ofcxxrokq\",\"hidden\":false,\"info\":\"\",\"props\":{\"type\":\"datetime\",\"placeholder\":\"\\u8bf7\\u9009\\u62e9\\u65f6\\u95f4\"},\"title\":\"\\u652f\\u51fa\\u65f6\\u95f4\",\"symbol\":\"payTime\",\"type\":\"datePicker\",\"_fc_drag_tag\":\"datetimerange\"},{\"effect\":{\"fetch\":\"\",\"required\":false},\"field\":\"Fd9l1ofcxxrokr\",\"props\":{\"type\":\"uploadFrom\"},\"title\":\"\\u4ed8\\u6b3e\\u51ed\\u8bc1\",\"symbol\":\"paymentVoucher\",\"type\":\"uploadFrom\",\"_fc_drag_tag\":\"uploadFrom\",\"hidden\":false,\"display\":true},{\"type\":\"input\",\"field\":\"Fc7i1ofcxxroks\",\"display\":true,\"hidden\":false,\"info\":\"\",\"props\":{\"type\":\"textarea\",\"placeholder\":\"\\u8bf7\\u8f93\\u5165\"},\"title\":\"\\u5907\\u6ce8\",\"symbol\":\"remark\",\"_fc_drag_tag\":\"textarea\"}],\"_fc_drag_tag\":\"contractExpenditure\",\"hidden\":false,\"display\":true}', '', '', '', '\"Fvtk1ofcxxrokl\"', 0),
(null, 1, 12, '', '', '', 0, 'issueInvoice', '{\"type\":\"issueInvoice\",\"field\":\"F8hq1oib4etftp\",\"children\":[{\"checkType\":\"0\",\"display\":true,\"effect\":{\"fetch\":\"\",\"required\":true},\"field\":\"Fbk01oib4etftq\",\"hidden\":false,\"info\":\"\",\"input\":false,\"title\":\"\\u5ba2\\u6237\\u540d\\u79f0\",\"symbol\":\"customerList\",\"type\":\"select\",\"_fc_drag_tag\":\"select\"},{\"checkType\":\"0\",\"display\":true,\"field\":\"Fak11oib4etftr\",\"hidden\":true,\"info\":\"\",\"input\":false,\"title\":\"\\u5173\\u8054\\u4ed8\\u6b3e\\u5355\",\"symbol\":\"billId\",\"type\":\"select\",\"_fc_drag_tag\":\"select\"},{\"checkType\":\"0\",\"display\":true,\"field\":\"Fpsg1oib4etfts\",\"hidden\":false,\"info\":\"\",\"input\":false,\"title\":\"\\u5173\\u8054\\u4ed8\\u6b3e\\u91d1\\u989d\",\"symbol\":\"billAmount\",\"props\":{\"disabled\":true,\"readonly\":true,\"placeholder\":\"\\u8bf7\\u8f93\\u5165\\u5173\\u8054\\u4ed8\\u6b3e\\u5355\"},\"type\":\"input\",\"_fc_drag_tag\":\"input\"},{\"checkType\":\"0\",\"display\":true,\"effect\":{\"fetch\":\"\",\"required\":true},\"field\":\"Fe0k1oib4etftt\",\"hidden\":false,\"info\":\"\",\"props\":{\"placeholder\":\"\\u8bf7\\u9009\\u62e9\\u671f\\u671b\\u5f00\\u7968\\u65e5\\u671f\"},\"title\":\"\\u671f\\u671b\\u5f00\\u7968\\u65e5\\u671f\",\"symbol\":\"desireDate\",\"type\":\"datePicker\",\"_fc_drag_tag\":\"datePicker\"},{\"effect\":{\"fetch\":\"\",\"required\":true},\"field\":\"Feb31oib4etftu\",\"props\":{\"type\":\"radio\"},\"title\":\"\\u5f00\\u7968\\u8981\\u6c42\",\"symbol\":\"invoicingMethod\",\"value\":\"mail\",\"type\":\"radio\",\"_fc_drag_tag\":\"radio\",\"options\":[{\"value\":\"mail\",\"label\":\"\\u7535\\u5b50\"},{\"value\":\"express\",\"label\":\"\\u7eb8\\u8d28\"}],\"hidden\":false,\"display\":true},{\"display\":true,\"effect\":{\"required\":false},\"field\":\"F41l1oib4etftv\",\"hidden\":false,\"info\":\"\",\"input\":false,\"props\":{\"type\":\"input\",\"placeholder\":\"\\u8bf7\\u8f93\\u5165\\u90ae\\u7bb1\\u5730\\u5740\"},\"title\":\"\\u90ae\\u7bb1\\u5730\\u5740\",\"symbol\":\"invoicingEmail\",\"type\":\"input\",\"_fc_drag_tag\":\"input\"},{\"display\":true,\"effect\":{\"required\":false},\"field\":\"F22o1oib4etftw\",\"hidden\":true,\"info\":\"\",\"input\":false,\"props\":{\"type\":\"input\",\"placeholder\":\"\\u8bf7\\u8f93\\u5165\\u8054\\u7cfb\\u4eba\"},\"title\":\"\\u8054\\u7cfb\\u4eba\",\"symbol\":\"liaisonMan\",\"type\":\"input\",\"_fc_drag_tag\":\"input\"},{\"display\":true,\"effect\":{\"required\":false},\"field\":\"Fr2u1oib4etftx\",\"hidden\":true,\"info\":\"\",\"input\":false,\"props\":{\"type\":\"input\",\"placeholder\":\"\\u8bf7\\u8f93\\u5165\\u8054\\u7cfb\\u7535\\u8bdd\"},\"title\":\"\\u8054\\u7cfb\\u7535\\u8bdd\",\"symbol\":\"telephone\",\"type\":\"input\",\"_fc_drag_tag\":\"input\"},{\"display\":true,\"effect\":{\"required\":false},\"field\":\"Ftwj1oib4etfty\",\"hidden\":true,\"info\":\"\",\"input\":false,\"props\":{\"type\":\"input\",\"placeholder\":\"\\u8bf7\\u8f93\\u5165\\u90ae\\u5bc4\\u8be6\\u7ec6\\u5730\\u5740\"},\"title\":\"\\u90ae\\u5bc4\\u5730\\u5740\",\"symbol\":\"mailingAddress\",\"type\":\"input\",\"_fc_drag_tag\":\"input\"},{\"checkType\":\"0\",\"display\":true,\"effect\":{\"fetch\":\"\",\"required\":true},\"field\":\"Fjp51oib4etftz\",\"hidden\":false,\"info\":\"\",\"input\":false,\"title\":\"\\u53d1\\u7968\\u7c7b\\u578b\",\"symbol\":\"invoiceType\",\"type\":\"select\",\"_fc_drag_tag\":\"select\"},{\"effect\":{\"fetch\":\"\",\"required\":true},\"field\":\"Fffk1oib4etfu0\",\"props\":{\"type\":\"moneyFrom\",\"placeholder\":\"\\u8bf7\\u8f93\\u5165\\u5f00\\u7968\\u91d1\\u989d\"},\"title\":\"\\u5f00\\u7968\\u91d1\\u989d\\uff08\\u5143\\uff09\",\"symbol\":\"invoiceAmount\",\"type\":\"moneyFrom\",\"_fc_drag_tag\":\"moneyFrom\",\"hidden\":false,\"display\":true},{\"display\":true,\"effect\":{\"required\":true},\"field\":\"Fhro1oib4etfu1\",\"hidden\":false,\"info\":\"\",\"input\":false,\"props\":{\"type\":\"input\",\"placeholder\":\"\\u8bf7\\u8f93\\u5165\\u62ac\\u5934\\u4fe1\\u606f\"},\"title\":\"\\u53d1\\u7968\\u62ac\\u5934\",\"symbol\":\"invoiceHeader\",\"type\":\"input\",\"_fc_drag_tag\":\"input\"},{\"display\":true,\"effect\":{\"required\":false},\"field\":\"Fyu41oib4etfu2\",\"hidden\":false,\"info\":\"\",\"input\":false,\"props\":{\"type\":\"input\",\"placeholder\":\"\\u8bf7\\u8f93\\u5165\\u7eb3\\u7a0e\\u4eba\\u8bc6\\u522b\\u53f7\"},\"title\":\"\\u7eb3\\u7a0e\\u4eba\\u8bc6\\u522b\\u53f7\",\"symbol\":\"dutyParagraph\",\"type\":\"input\",\"_fc_drag_tag\":\"input\"},{\"type\":\"input\",\"field\":\"Fot51oib4etfu3\",\"display\":true,\"hidden\":false,\"info\":\"\",\"props\":{\"type\":\"textarea\",\"placeholder\":\"\\u8bf7\\u586b\\u5199\\u5907\\u6ce8\\u4fe1\\u606f\"},\"title\":\"\\u5907\\u6ce8\",\"symbol\":\"remark\",\"_fc_drag_tag\":\"textarea\"}],\"_fc_drag_tag\":\"issueInvoice\",\"hidden\":false,\"display\":true}', '', '', '', '\"F8hq1oib4etftp\"', 0),
(null, 1, 13, '', '', '', 0, 'voidedInvoice', '{\"type\":\"voidedInvoice\",\"field\":\"Faxf1oib4h9cvu\",\"children\":[{\"checkType\":\"0\",\"display\":true,\"effect\":{\"fetch\":\"\",\"required\":true},\"field\":\"Fqat1oib4h9cvv\",\"hidden\":false,\"info\":\"\",\"input\":false,\"title\":\"\\u53d1\\u7968\\u62ac\\u5934\",\"symbol\":\"invoiceList\",\"type\":\"select\",\"_fc_drag_tag\":\"select\"},{\"type\":\"input\",\"field\":\"Fjuh1oib4h9cvw\",\"display\":true,\"hidden\":false,\"info\":\"\",\"props\":{\"type\":\"textarea\",\"placeholder\":\"\\u8bf7\\u8f93\\u5165\"},\"title\":\"\\u5907\\u6ce8\",\"symbol\":\"remark\",\"_fc_drag_tag\":\"textarea\"}],\"_fc_drag_tag\":\"voidedInvoice\",\"hidden\":false,\"display\":true}', '', '', '', '\"Faxf1oib4h9cvu\"', 0);
