-- #审批
INSERT INTO `eb_approve` (`id`, `card_id`, `entid`, `name`, `icon`, `color`, `info`, `types`, `config`, `status`, `created_at`, `updated_at`, `deleted_at`) VALUES
(1, 1, 1, '请假', 'iconqingjia', '#1890FF', '适用于事假、年假、产假、陪产假、婚假、例假、丧假。', 1, '[]', 1, '2022-08-18 11:03:56', '2023-11-24 04:06:57', NULL),
(2, 1, 1, '小时假', 'iconqingjia', '#1890FF', '适用于事假、调休、病假、哺乳假。', 0, '[]', 1, '2022-08-18 11:03:56', '2023-11-24 04:07:00', '2023-11-24 04:07:00'),
(3, 1, 1, '出差', 'iconfeiji', '#1890FF', '适用于出差申请。', 5, '[]', 1, '2022-08-18 11:03:56', '2023-11-24 04:07:20', NULL),
(4, 1, 1, '外出', 'iconjiaoche', '#FF9900', '适用于外出申请。', 4, '[]', 1, '2022-08-18 11:03:56', '2023-11-24 04:07:28', NULL),
(5, 1, 1, '加班', 'iconwendang11', '#FF9900', '适用于加班申请。', 3, '[]', 1, '2022-08-18 11:03:56', '2023-11-24 04:07:37', NULL),
(6, 1, 1, '补卡', 'icondizhi', '#00C050', '适用于补卡申请', 2, '[]', 1, '2022-08-18 11:03:56', '2023-11-24 04:08:27', NULL),
(7, 1, 1, '日常报销', 'iconjine', '#00C050', '适用于日常报销申请。', 0, '[]', 1, '2022-08-18 11:03:56', '2023-11-23 10:08:26', NULL),
(8, 1, 1, '差旅报销', 'iconzhuanqian', '#1890FF', '适用于出差费用报销。', 0, '[]', 1, '2022-08-18 11:03:56', '2023-11-23 10:08:10', NULL);

-- #审批申请
INSERT INTO `eb_approve_apply` (`id`, `entid`, `card_id`, `approve_id`, `node_id`, `status`, `info`, `number`, `created_at`, `updated_at`, `deleted_at`) VALUES
(1, 1, 1, 8, '98c858444198de927', 0, '', '18733978', '2023-11-23 10:06:18', '2023-11-23 10:06:18', NULL);

-- #审批内容
INSERT INTO `eb_approve_content` (`id`, `card_id`, `approve_id`, `apply_id`, `title`, `info`, `value`, `required`, `types`, `content`, `props`, `options`, `config`, `uniqued`, `sort`) VALUES
(1, 1, 8, 1, '报销人员', '', '[{\"id\":\"1\",\"name\":\"\\u9640\\u87ba\\u5320\"}]', 0, 'departmentTree', '{\"type\":\"departmentTree\",\"field\":\"4lugb0qjiq6c2\",\"title\":\"\\u62a5\\u9500\\u4eba\\u5458\",\"info\":\"\",\"props\":{\"member\":true,\"range\":[\"many\",\"oneself\"]},\"effect\":{\"required\":true},\"_fc_drag_tag\":\"memberTree\",\"hidden\":false,\"display\":true}', '{\"member\":true,\"range\":[\"many\",\"oneself\"]}', '', '', '4lugb0qjiq6c2', 0),
(2, 1, 8, 1, '部门', '', '[{\"id\":\"5\",\"name\":\"\\u9500\\u552e\\u90e8\",\"is_mastart\":false}]', 0, 'departmentTree', '{\"type\":\"departmentTree\",\"field\":\"vgsgb0qjrorrh\",\"title\":\"\\u90e8\\u95e8\",\"info\":\"\",\"props\":{\"departType\":\"oneself\"},\"effect\":{\"required\":true},\"_fc_drag_tag\":\"departmentTree\",\"hidden\":false,\"display\":true}', '{\"departType\":\"oneself\"}', '', '', 'vgsgb0qjrorrh', 1),
(3, 1, 8, 1, '报销金额', '', '\"1800\"', 0, 'moneyFrom', '{\"type\":\"moneyFrom\",\"field\":\"577gb0qk0myj4\",\"title\":\"\\u62a5\\u9500\\u91d1\\u989d\",\"info\":\"\",\"props\":{\"precision\":\"2\"},\"effect\":{\"required\":true},\"_fc_drag_tag\":\"moneyFrom\",\"hidden\":false,\"display\":true}', '{\"precision\":\"2\"}', '', '', '577gb0qk0myj4', 2),
(4, 1, 8, 1, '费用发生日期', '', '\"2023-11-22\"', 0, 'datePicker', '{\"type\":\"datePicker\",\"field\":\"nttgb0qkauisb\",\"title\":\"\\u8d39\\u7528\\u53d1\\u751f\\u65e5\\u671f\",\"info\":\"\",\"effect\":{\"required\":true},\"_fc_drag_tag\":\"datePicker\",\"hidden\":false,\"display\":true}', '', '', '', 'nttgb0qkauisb', 3),
(5, 1, 8, 1, '费用说明', '', '\"\\u51fa\\u5dee\\u8def\\u8d39\\u3001\\u9152\\u5e97\\u3001\\u5403\\u996d\\u8d39\\u7528\"', 0, 'input', '{\"type\":\"input\",\"field\":\"lcngb0qkm79am\",\"title\":\"\\u8d39\\u7528\\u8bf4\\u660e\",\"info\":\"\",\"props\":{\"type\":\"textarea\"},\"effect\":{\"required\":true},\"_fc_drag_tag\":\"textarea\",\"hidden\":false,\"display\":true}', '{\"type\":\"textarea\"}', '', '', 'lcngb0qkm79am', 4),
(6, 1, 8, 1, '归属人', '', '[{\"id\":\"1\",\"name\":\"\\u9640\\u87ba\\u5320\"}]', 0, 'departmentTree', '{\"type\":\"departmentTree\",\"field\":\"pnvgb0ql1pwep\",\"title\":\"\\u5f52\\u5c5e\\u4eba\",\"info\":\"\",\"props\":{\"member\":true,\"range\":[\"oneself\"]},\"effect\":{\"required\":true},\"_fc_drag_tag\":\"memberTree\",\"hidden\":false,\"display\":true}', '{\"member\":true,\"range\":[\"oneself\"]}', '', '', 'pnvgb0ql1pwep', 5),
(7, 1, 8, 1, '备注', '', '\"\\u89c1\\u4f17\\u90a6\\u5ba2\\u6237\"', 0, 'input', '{\"type\":\"input\",\"field\":\"ldlgb0ql9jgzg\",\"title\":\"\\u5907\\u6ce8\",\"info\":\"\",\"props\":{\"type\":\"textarea\"},\"_fc_drag_tag\":\"textarea\",\"hidden\":false,\"display\":true}', '{\"type\":\"textarea\"}', '', '', 'ldlgb0ql9jgzg', 6),
(8, 1, 8, 1, '附件', '', '', 0, 'uploadFrom', '{\"type\":\"uploadFrom\",\"field\":\"yxngb0qlfkpz3\",\"title\":\"\\u9644\\u4ef6\",\"info\":\"\",\"_fc_drag_tag\":\"uploadFrom\",\"hidden\":false,\"display\":true}', '', '', '', 'yxngb0qlfkpz3', 7);

-- 审批表单
INSERT INTO `eb_approve_form` (`id`, `card_id`, `approve_id`, `title`, `info`, `value`, `required`, `types`, `content`, `props`, `options`, `config`, `uniqued`, `sort`) VALUES
(6, 1, 2, '部门', '', '', 0, 'departmentTree', '{\"type\":\"departmentTree\",\"field\":\"03i1mp9tka5zk\",\"title\":\"\\u90e8\\u95e8\",\"info\":\"\",\"props\":{\"departType\":\"oneself\"},\"effect\":{\"required\":true},\"_fc_drag_tag\":\"departmentTree\",\"hidden\":false,\"display\":true}', '{\"departType\":\"oneself\"}', '[]', '[]', '03i1mp9tka5zk', 0),
(7, 1, 2, '请假类型', '', '', 0, 'select', '{\"type\":\"select\",\"field\":\"8nr1mp9tkqsg3\",\"title\":\"\\u8bf7\\u5047\\u7c7b\\u578b\",\"info\":\"\",\"effect\":{\"fetch\":\"\",\"required\":true},\"options\":[{\"value\":\"\\u4e8b\\u5047\",\"label\":\"\\u4e8b\\u5047\"},{\"value\":\"\\u8c03\\u4f11\",\"label\":\"\\u8c03\\u4f11\"},{\"label\":\"\\u75c5\\u5047\",\"value\":\"\\u75c5\\u5047\"},{\"label\":\"\\u54fa\\u4e73\\u5047\",\"value\":\"\\u54fa\\u4e73\\u5047\"}],\"checkType\":\"0\",\"_fc_drag_tag\":\"select\",\"hidden\":false,\"display\":true}', '[]', '[{\"value\":\"\\u4e8b\\u5047\",\"label\":\"\\u4e8b\\u5047\"},{\"value\":\"\\u8c03\\u4f11\",\"label\":\"\\u8c03\\u4f11\"},{\"label\":\"\\u75c5\\u5047\",\"value\":\"\\u75c5\\u5047\"},{\"label\":\"\\u54fa\\u4e73\\u5047\",\"value\":\"\\u54fa\\u4e73\\u5047\"}]', '[]', '8nr1mp9tkqsg3', 1),
(8, 1, 2, '', '', '', 0, 'timeFrom', '{\"type\":\"timeFrom\",\"field\":\"iox1mp9tmz3t2\",\"props\":{\"timeType\":\"time\",\"titleIpt\":\"\\u65f6\\u957f\"},\"title\":\"\",\"input\":false,\"info\":\"\",\"effect\":{\"required\":true},\"_fc_drag_tag\":\"timeFrom\",\"hidden\":false,\"display\":true}', '{\"timeType\":\"time\",\"titleIpt\":\"\\u65f6\\u957f\"}', '[]', '[]', 'iox1mp9tmz3t2', 2),
(9, 1, 2, '附件', '', '', 0, 'uploadFrom', '{\"type\":\"uploadFrom\",\"field\":\"m451mp9tobfpc\",\"title\":\"\\u9644\\u4ef6\",\"info\":\"\",\"_fc_drag_tag\":\"uploadFrom\",\"hidden\":false,\"display\":true}', '[]', '[]', '[]', 'm451mp9tobfpc', 3),
(10, 1, 2, '请假事由', '', '', 0, 'input', '{\"type\":\"input\",\"field\":\"iao1mp9tnl4pl\",\"title\":\"\\u8bf7\\u5047\\u4e8b\\u7531\",\"info\":\"\",\"props\":{\"type\":\"textarea\"},\"effect\":{\"required\":true},\"_fc_drag_tag\":\"textarea\",\"hidden\":false,\"display\":true}', '{\"type\":\"textarea\"}', '[]', '[]', 'iao1mp9tnl4pl', 4),
(44, 1, 8, '报销人员', '', '', 0, 'departmentTree', '{\"type\":\"departmentTree\",\"field\":\"4lugb0qjiq6c2\",\"title\":\"\\u62a5\\u9500\\u4eba\\u5458\",\"info\":\"\",\"props\":{\"member\":true,\"range\":[\"many\",\"oneself\"]},\"effect\":{\"required\":true},\"_fc_drag_tag\":\"memberTree\",\"hidden\":false,\"display\":true}', '{\"member\":true,\"range\":[\"many\",\"oneself\"]}', '', '', '\"4lugb0qjiq6c2\"', 0),
(45, 1, 8, '部门', '', '', 0, 'departmentTree', '{\"type\":\"departmentTree\",\"field\":\"vgsgb0qjrorrh\",\"title\":\"\\u90e8\\u95e8\",\"info\":\"\",\"props\":{\"departType\":\"oneself\"},\"effect\":{\"required\":true},\"_fc_drag_tag\":\"departmentTree\",\"hidden\":false,\"display\":true}', '{\"departType\":\"oneself\"}', '', '', '\"vgsgb0qjrorrh\"', 1),
(46, 1, 8, '报销金额', '', '', 0, 'moneyFrom', '{\"type\":\"moneyFrom\",\"field\":\"577gb0qk0myj4\",\"title\":\"\\u62a5\\u9500\\u91d1\\u989d\",\"info\":\"\",\"props\":{\"precision\":\"2\"},\"effect\":{\"required\":true},\"_fc_drag_tag\":\"moneyFrom\",\"hidden\":false,\"display\":true}', '{\"precision\":\"2\"}', '', '', '\"577gb0qk0myj4\"', 2),
(47, 1, 8, '发生日期', '', '', 0, 'datePicker', '{\"type\":\"datePicker\",\"field\":\"nttgb0qkauisb\",\"title\":\"\\u53d1\\u751f\\u65e5\\u671f\",\"info\":\"\",\"effect\":{\"required\":true},\"_fc_drag_tag\":\"datePicker\",\"hidden\":false,\"display\":true}', '', '', '', '\"nttgb0qkauisb\"', 3),
(48, 1, 8, '费用说明', '', '', 0, 'input', '{\"type\":\"input\",\"field\":\"lcngb0qkm79am\",\"title\":\"\\u8d39\\u7528\\u8bf4\\u660e\",\"info\":\"\",\"props\":{\"type\":\"textarea\"},\"effect\":{\"required\":true},\"_fc_drag_tag\":\"textarea\",\"hidden\":false,\"display\":true}', '{\"type\":\"textarea\"}', '', '', '\"lcngb0qkm79am\"', 4),
(49, 1, 8, '给谁报销', '', '', 0, 'departmentTree', '{\"type\":\"departmentTree\",\"field\":\"pnvgb0ql1pwep\",\"title\":\"\\u7ed9\\u8c01\\u62a5\\u9500\",\"info\":\"\",\"props\":{\"member\":true,\"range\":[\"oneself\"]},\"effect\":{\"required\":true},\"_fc_drag_tag\":\"memberTree\",\"hidden\":false,\"display\":true}', '{\"member\":true,\"range\":[\"oneself\"]}', '', '', '\"pnvgb0ql1pwep\"', 5),
(50, 1, 8, '备注', '', '', 0, 'input', '{\"type\":\"input\",\"field\":\"ldlgb0ql9jgzg\",\"title\":\"\\u5907\\u6ce8\",\"info\":\"\",\"props\":{\"type\":\"textarea\"},\"_fc_drag_tag\":\"textarea\",\"hidden\":false,\"display\":true}', '{\"type\":\"textarea\"}', '', '', '\"ldlgb0ql9jgzg\"', 6),
(51, 1, 8, '附件', '', '', 0, 'uploadFrom', '{\"type\":\"uploadFrom\",\"field\":\"yxngb0qlfkpz3\",\"title\":\"\\u9644\\u4ef6\",\"info\":\"\",\"_fc_drag_tag\":\"uploadFrom\",\"hidden\":false,\"display\":true}', '', '', '', '\"yxngb0qlfkpz3\"', 7),
(52, 1, 7, '部门', '', '', 0, 'departmentTree', '{\"type\":\"departmentTree\",\"field\":\"m5o1mp9ujkv6k\",\"title\":\"\\u90e8\\u95e8\",\"info\":\"\",\"props\":{\"departType\":\"oneself\"},\"effect\":{\"required\":true},\"_fc_drag_tag\":\"departmentTree\",\"hidden\":false,\"display\":true}', '{\"departType\":\"oneself\"}', '', '', '\"m5o1mp9ujkv6k\"', 0),
(53, 1, 7, '报销金额', '', '', 0, 'moneyFrom', '{\"type\":\"moneyFrom\",\"field\":\"s1d1mp9ukbb43\",\"title\":\"\\u62a5\\u9500\\u91d1\\u989d\",\"info\":\"\",\"props\":{\"precision\":\"2\"},\"effect\":{\"required\":true},\"_fc_drag_tag\":\"moneyFrom\",\"hidden\":false,\"display\":true}', '{\"precision\":\"2\"}', '', '', '\"s1d1mp9ukbb43\"', 1),
(54, 1, 7, '发生日期', '', '', 0, 'datePicker', '{\"type\":\"datePicker\",\"field\":\"rz61mp9ulwwkm\",\"title\":\"\\u53d1\\u751f\\u65e5\\u671f\",\"info\":\"\",\"effect\":{\"required\":true},\"_fc_drag_tag\":\"datePicker\",\"hidden\":false,\"display\":true}', '', '', '', '\"rz61mp9ulwwkm\"', 2),
(55, 1, 7, '费用说明', '', '', 0, 'input', '{\"type\":\"input\",\"field\":\"gix1mp9umpx69\",\"title\":\"\\u8d39\\u7528\\u8bf4\\u660e\",\"info\":\"\",\"props\":{\"type\":\"textarea\"},\"effect\":{\"required\":true},\"_fc_drag_tag\":\"textarea\",\"hidden\":false,\"display\":true}', '{\"type\":\"textarea\"}', '', '', '\"gix1mp9umpx69\"', 3),
(56, 1, 7, '备注', '', '', 0, 'input', '{\"type\":\"input\",\"field\":\"3rlgb0qijp6hw\",\"title\":\"\\u5907\\u6ce8\",\"info\":\"\",\"props\":{\"type\":\"textarea\"},\"_fc_drag_tag\":\"textarea\",\"hidden\":false,\"display\":true}', '{\"type\":\"textarea\"}', '', '', '\"3rlgb0qijp6hw\"', 4),
(57, 1, 7, '附件', '', '', 0, 'uploadFrom', '{\"type\":\"uploadFrom\",\"field\":\"7iwgb0qire4en\",\"title\":\"\\u9644\\u4ef6\",\"info\":\"\",\"_fc_drag_tag\":\"uploadFrom\",\"hidden\":false,\"display\":true}', '', '', '', '\"7iwgb0qire4en\"', 5),
(58, 1, 1, '', '', '', 0, 'leaveFrom', '{\"type\":\"leaveFrom\",\"field\":\"Ftap1oadm9on4l\",\"children\":[{\"checkType\":\"0\",\"display\":true,\"effect\":{\"fetch\":\"\",\"required\":true},\"field\":\"Fkvs1oadm9on4m\",\"hidden\":false,\"info\":\"\",\"input\":false,\"title\":\"\\u5047\\u671f\\u7c7b\\u578b\",\"type\":\"select\",\"_fc_drag_tag\":\"select\"},{\"display\":true,\"effect\":{\"required\":\"timeFrom\"},\"field\":\"Fwo71oadm9on4n\",\"hidden\":false,\"info\":\"\",\"input\":false,\"props\":{\"timeType\":\"day\",\"titleIpt\":\"\\u8bf7\\u5047\\u65f6\\u957f\"},\"title\":\"\",\"type\":\"timeFrom\",\"_fc_drag_tag\":\"timeFrom\"},{\"type\":\"input\",\"effect\":{\"required\":true},\"field\":\"Fvzz1oadm9on4o\",\"display\":true,\"hidden\":false,\"info\":\"\",\"props\":{\"type\":\"textarea\",\"placeholder\":\"\\u8bf7\\u8f93\\u5165\\u8bf7\\u5047\\u4e8b\\u7531\"},\"title\":\"\\u8bf7\\u5047\\u4e8b\\u7531\",\"_fc_drag_tag\":\"textarea\"}],\"_fc_drag_tag\":\"leaveFrom\",\"hidden\":false,\"display\":true}', '', '', '', '\"Ftap1oadm9on4l\"', 0),
(59, 1, 3, '', '', '', 0, 'tripFrom', '{\"type\":\"tripFrom\",\"field\":\"F0wo1oadmb9y3t\",\"children\":[{\"display\":true,\"effect\":{\"required\":\"timeFrom\"},\"field\":\"Frr71oadmb9y3u\",\"hidden\":false,\"info\":\"\\u8bf7\\u8f93\\u5165\\u51fa\\u5dee\\u65f6\\u957f\",\"input\":false,\"props\":{\"timeType\":\"day\",\"titleIpt\":\"\\u51fa\\u5dee\\u65f6\\u957f\"},\"title\":\"\",\"type\":\"timeFrom\",\"_fc_drag_tag\":\"timeFrom\"},{\"display\":true,\"effect\":{\"required\":true},\"field\":\"Fwrj1oadmb9y3v\",\"hidden\":false,\"info\":\"\",\"input\":false,\"props\":{\"type\":\"input\",\"placeholder\":\"\\u8bf7\\u8f93\\u5165\\u51fa\\u53d1\\u57ce\\u5e02\"},\"title\":\"\\u51fa\\u53d1\\u57ce\\u5e02\",\"type\":\"input\",\"_fc_drag_tag\":\"input\"},{\"display\":true,\"effect\":{\"required\":true},\"field\":\"Fkgy1oadmb9y3w\",\"hidden\":false,\"info\":\"\",\"input\":false,\"props\":{\"type\":\"input\",\"placeholder\":\"\\u8bf7\\u8f93\\u5165\\u76ee\\u7684\\u57ce\\u5e02\"},\"title\":\"\\u76ee\\u7684\\u57ce\\u5e02\",\"type\":\"input\",\"_fc_drag_tag\":\"input\"},{\"checkType\":\"0\",\"display\":true,\"effect\":{\"fetch\":\"\",\"required\":true},\"field\":\"Fyn31oadmb9y3x\",\"hidden\":false,\"info\":\"\",\"input\":false,\"title\":\"\\u4ea4\\u901a\\u5de5\\u5177\",\"type\":\"select\",\"_fc_drag_tag\":\"select\",\"options\":[{\"value\":\"\\u98de\\u673a\",\"label\":\"\\u98de\\u673a\"},{\"value\":\"\\u706b\\u8f66\",\"label\":\"\\u706b\\u8f66\"},{\"value\":\"\\u9ad8\\u94c1\\/\\u52a8\\u8f66\",\"label\":\"\\u9ad8\\u94c1\\/\\u52a8\\u8f66\"},{\"value\":\"\\u6c7d\\u8f66\",\"label\":\"\\u6c7d\\u8f66\"},{\"value\":\"\\u8239\",\"label\":\"\\u8239\"},{\"value\":\"\\u5176\\u4ed6\",\"label\":\"\\u5176\\u4ed6\"}]},{\"checkType\":\"0\",\"display\":true,\"effect\":{\"fetch\":\"\",\"required\":true},\"field\":\"F36o1oadmb9y3y\",\"hidden\":false,\"info\":\"\",\"input\":false,\"title\":\"\\u5355\\u7a0b\\u5f80\\u8fd4\",\"type\":\"select\",\"_fc_drag_tag\":\"select\",\"options\":[{\"value\":\"\\u5355\\u7a0b\",\"label\":\"\\u5355\\u7a0b\"},{\"value\":\"\\u5f80\\u8fd4\",\"label\":\"\\u5f80\\u8fd4\"}]},{\"display\":true,\"effect\":{\"required\":true},\"field\":\"Fesy1oadmb9y3z\",\"hidden\":false,\"info\":\"\",\"input\":false,\"props\":{\"type\":\"textarea\",\"titleIpt\":\"\\u51fa\\u5dee\\u4e8b\\u7531\",\"placeholder\":\"\\u8bf7\\u8f93\\u5165\\u51fa\\u5dee\\u4e8b\\u7531\"},\"title\":\"\\u51fa\\u5dee\\u4e8b\\u7531\",\"type\":\"input\",\"_fc_drag_tag\":\"textarea\"}],\"_fc_drag_tag\":\"tripFrom\",\"hidden\":false,\"display\":true}', '', '', '', '\"F0wo1oadmb9y3t\"', 0),
(60, 1, 4, '', '', '', 0, 'outFrom', '{\"type\":\"outFrom\",\"field\":\"Fijf1oadmbz3d4\",\"children\":[{\"display\":true,\"effect\":{\"required\":\"timeFrom\"},\"field\":\"F8a21oadmbz3d5\",\"hidden\":false,\"info\":\"\",\"input\":false,\"props\":{\"timeType\":\"day\",\"titleIpt\":\"\\u5916\\u51fa\\u65f6\\u957f\"},\"title\":\"\",\"type\":\"timeFrom\",\"_fc_drag_tag\":\"timeFrom\"},{\"type\":\"input\",\"effect\":{\"required\":true},\"field\":\"F0n51oadmbz3d6\",\"display\":true,\"hidden\":false,\"info\":\"\",\"props\":{\"type\":\"textarea\",\"placeholder\":\"\\u8bf7\\u8f93\\u5165\\u5916\\u51fa\\u4e8b\\u7531\"},\"title\":\"\\u5916\\u51fa\\u4e8b\\u7531\",\"_fc_drag_tag\":\"textarea\"}],\"_fc_drag_tag\":\"outFrom\",\"hidden\":false,\"display\":true}', '', '', '', '\"Fijf1oadmbz3d4\"', 0),
(61, 1, 5, '', '', '', 0, 'overtimeFrom', '{\"type\":\"overtimeFrom\",\"field\":\"F9e91oadmcivkd\",\"children\":[{\"display\":true,\"effect\":{\"required\":\"timeFrom\"},\"field\":\"Fv0x1oadmcivke\",\"hidden\":false,\"info\":\"\",\"input\":false,\"props\":{\"timeType\":\"day\",\"titleIpt\":\"\\u52a0\\u73ed\\u65f6\\u957f\"},\"title\":\"\",\"type\":\"timeFrom\",\"_fc_drag_tag\":\"timeFrom\"},{\"checkType\":\"0\",\"display\":true,\"effect\":{\"fetch\":\"\",\"required\":true},\"field\":\"F1761oadmcivkf\",\"hidden\":false,\"info\":\"\",\"input\":false,\"title\":\"\\u52a0\\u73ed\\u8865\\u8d34\",\"type\":\"select\",\"_fc_drag_tag\":\"select\",\"options\":[{\"value\":\"\\u52a0\\u73ed\\u8865\\u8d34\",\"label\":\"\\u52a0\\u73ed\\u8865\\u8d34\"},{\"value\":\"\\u8c03\\u4f11\",\"label\":\"\\u8c03\\u4f11\"}]},{\"display\":true,\"effect\":{\"required\":true},\"field\":\"F5of1oadmcivkg\",\"hidden\":false,\"info\":\"\",\"input\":false,\"props\":{\"type\":\"textarea\",\"placeholder\":\"\\u8bf7\\u8f93\\u5165\\u52a0\\u73ed\\u4e8b\\u7531\"},\"title\":\"\\u52a0\\u73ed\\u4e8b\\u7531\",\"type\":\"input\",\"_fc_drag_tag\":\"textarea\"}],\"_fc_drag_tag\":\"overtimeFrom\",\"hidden\":false,\"display\":true}', '', '', '', '\"F9e91oadmcivkd\"', 0),
(62, 1, 6, '', '', '', 0, 'refillFrom', '{\"type\":\"refillFrom\",\"field\":\"Fez51oadmdlkpl\",\"loadChildren\":false,\"children\":[{\"checkType\":\"0\",\"display\":true,\"effect\":{\"fetch\":\"\",\"required\":true},\"field\":\"Ftsj1oadmdlkpm\",\"hidden\":false,\"info\":\"\",\"input\":false,\"title\":\"\\u5f02\\u5e38\\u65e5\\u671f\",\"type\":\"select\",\"_fc_drag_tag\":\"select\"},{\"checkType\":\"0\",\"display\":true,\"effect\":{\"fetch\":\"\",\"required\":true},\"field\":\"Fu1s1oadmdlkpn\",\"hidden\":false,\"info\":\"\",\"input\":false,\"title\":\"\\u5f02\\u5e38\\u8bb0\\u5f55\",\"type\":\"select\",\"_fc_drag_tag\":\"select\"},{\"type\":\"input\",\"effect\":{\"required\":true},\"field\":\"F3xt1oadmdlkpo\",\"display\":true,\"hidden\":false,\"info\":\"\",\"props\":{\"type\":\"textarea\",\"placeholder\":\"\\u8bf7\\u8f93\\u5165\\u8865\\u5361\\u4e8b\\u7531\"},\"title\":\"\\u8865\\u5361\\u4e8b\\u7531\",\"_fc_drag_tag\":\"textarea\"}],\"_fc_drag_tag\":\"refillFrom\",\"hidden\":false,\"display\":true}', '', '', '', '\"Fez51oadmdlkpl\"', 0);

-- #假期类型
INSERT INTO `eb_approve_holiday_type` (`id`, `name`, `new_employee_limit`, `new_employee_limit_month`, `duration_type`, `duration_calc_type`, `created_at`, `updated_at`, `deleted_at`) VALUES
(1, '事假', 0, 1, 1, 0, '2023-11-24 04:10:40', '2023-11-24 04:10:40', NULL),
(2, '年假', 1, 12, 0, 0, '2023-11-24 04:10:54', '2023-11-24 04:10:54', NULL),
(3, '陪产假', 0, 1, 0, 0, '2023-11-24 04:11:01', '2023-11-24 04:11:01', NULL),
(4, '调休', 0, 1, 1, 0, '2023-11-24 04:11:11', '2023-11-24 04:11:11', NULL),
(5, '产假', 0, 1, 0, 0, '2023-11-24 04:11:29', '2023-11-24 04:11:29', NULL),
(6, '丧假', 0, 1, 0, 0, '2023-11-24 04:11:50', '2023-11-24 04:11:50', NULL);

-- #审批流程
INSERT INTO `eb_approve_process` (`id`, `entid`, `card_id`, `approve_id`, `level`, `groups`, `name`, `types`, `uniqued`, `settype`, `director_order`, `director_level`, `no_hander`, `dep_head`, `self_select`, `select_range`, `user_list`, `select_mode`, `examine_mode`, `priority`, `parent`, `is_child`, `is_condition`, `condition_list`, `is_initial`, `info`) VALUES
(1, 1, 1, 1, 0, 0, '申请人', 0, '1f510804af28198af', 0, -1, 0, 0, '', 0, 0, '{\"depList\":[],\"userList\":[]}', 0, 0, 0, '', 1, 0, '', 1, '{\"nodeName\":\"\\u7533\\u8bf7\\u4eba\",\"type\":\"0\",\"onlyValue\":\"1f510804af28198af\",\"priorityLevel\":\"\",\"settype\":\"\",\"selectMode\":\"\",\"selectRange\":\"\",\"directorLevel\":\"\",\"examineMode\":\"\",\"noHanderAction\":\"\",\"examineEndDirectorLevel\":\"\",\"ccSelfSelectFlag\":\"\",\"conditionList\":[],\"nodeUserList\":{\"depList\":[],\"userList\":[]},\"childNode\":{\"nodeName\":\"\\u5ba1\\u6838\\u4eba\",\"error\":false,\"type\":\"1\",\"onlyValue\":\"f3f03124e11a67f47\",\"settype\":\"4\",\"selectMode\":\"2\",\"selectRange\":\"1\",\"directorLevel\":\"1\",\"directorOrder\":\"0\",\"examineMode\":\"3\",\"noHanderAction\":\"2\",\"examineEndDirectorLevel\":\"0\",\"childNode\":{\"nodeName\":\"\\u6284\\u9001\\u4eba\",\"type\":\"2\",\"onlyValue\":\"85f73744d049597fb\",\"ccSelfSelectFlag\":\"1\",\"childNode\":\"\",\"departmentHead\":[],\"nodeUserList\":[],\"error\":false},\"nodeUserList\":[]},\"conditionNodes\":[]}'),
(2, 1, 1, 1, 1, 0, '审核人', 1, 'f3f03124e11a67f47', 4, 0, 1, 2, '', 0, 1, '', 2, 3, 0, '1f510804af28198af', 1, 0, '', 0, ''),
(3, 1, 1, 1, 2, 0, '抄送人', 2, '85f73744d049597fb', 0, -1, 0, 0, '', 1, 0, '', 0, 0, 0, 'f3f03124e11a67f47', 0, 0, '', 0, ''),
(4, 1, 1, 2, 0, 0, '申请人', 0, '184c04c4ef9ad6fa9', 0, -1, 0, 0, '[]', 0, 0, '{\"depList\":[],\"userList\":[]}', 0, 0, 0, '', 1, 0, '[]', 1, '{\"nodeName\":\"\\u7533\\u8bf7\\u4eba\",\"type\":\"0\",\"onlyValue\":\"184c04c4ef9ad6fa9\",\"priorityLevel\":\"\",\"settype\":\"\",\"selectMode\":\"\",\"selectRange\":\"\",\"directorLevel\":\"\",\"examineMode\":\"\",\"noHanderAction\":\"\",\"examineEndDirectorLevel\":\"\",\"ccSelfSelectFlag\":\"\",\"conditionList\":[],\"nodeUserList\":{\"depList\":[],\"userList\":[]},\"childNode\":{\"nodeName\":\"\\u5ba1\\u6838\\u4eba\",\"error\":false,\"type\":\"1\",\"onlyValue\":\"8d3bcf5485985de3a\",\"settype\":\"4\",\"selectMode\":\"2\",\"selectRange\":\"1\",\"directorLevel\":\"1\",\"directorOrder\":\"0\",\"examineMode\":\"3\",\"noHanderAction\":\"2\",\"examineEndDirectorLevel\":\"0\",\"childNode\":{\"nodeName\":\"\\u6284\\u9001\\u4eba\",\"type\":\"2\",\"onlyValue\":\"c4a11204c53ad6794\",\"ccSelfSelectFlag\":\"1\",\"childNode\":\"\",\"departmentHead\":[],\"nodeUserList\":[],\"error\":false},\"nodeUserList\":[]},\"conditionNodes\":[]}'),
(5, 1, 1, 2, 1, 0, '审核人', 1, '8d3bcf5485985de3a', 4, 0, 1, 2, '[]', 0, 1, '[]', 2, 3, 0, '184c04c4ef9ad6fa9', 1, 0, '[]', 0, '[]'),
(6, 1, 1, 2, 2, 0, '抄送人', 2, 'c4a11204c53ad6794', 0, -1, 0, 0, '[]', 1, 0, '[]', 0, 0, 0, '8d3bcf5485985de3a', 0, 0, '[]', 0, '[]'),
(7, 1, 1, 3, 0, 0, '申请人', 0, 'e69ba53467f9a3ef8', 0, -1, 0, 0, '', 0, 0, '{\"depList\":[],\"userList\":[]}', 0, 0, 0, '', 1, 0, '', 1, '{\"nodeName\":\"\\u7533\\u8bf7\\u4eba\",\"type\":\"0\",\"onlyValue\":\"e69ba53467f9a3ef8\",\"priorityLevel\":\"\",\"settype\":\"\",\"selectMode\":\"\",\"selectRange\":\"\",\"directorLevel\":\"\",\"examineMode\":\"\",\"noHanderAction\":\"\",\"examineEndDirectorLevel\":\"\",\"ccSelfSelectFlag\":\"\",\"conditionList\":[],\"nodeUserList\":{\"depList\":[],\"userList\":[]},\"childNode\":{\"nodeName\":\"\\u5ba1\\u6838\\u4eba\",\"error\":false,\"type\":\"1\",\"onlyValue\":\"04d4d2b48aebc8523\",\"settype\":\"4\",\"selectMode\":\"2\",\"selectRange\":\"1\",\"directorLevel\":\"1\",\"directorOrder\":\"0\",\"examineMode\":\"3\",\"noHanderAction\":\"2\",\"examineEndDirectorLevel\":\"0\",\"childNode\":{\"nodeName\":\"\\u6284\\u9001\\u4eba\",\"type\":\"2\",\"onlyValue\":\"d9b290d439791b879\",\"ccSelfSelectFlag\":\"1\",\"childNode\":\"\",\"departmentHead\":[],\"nodeUserList\":[],\"error\":false},\"nodeUserList\":[]},\"conditionNodes\":[]}'),
(8, 1, 1, 3, 1, 0, '审核人', 1, '04d4d2b48aebc8523', 4, 0, 1, 2, '', 0, 1, '', 2, 3, 0, 'e69ba53467f9a3ef8', 1, 0, '', 0, ''),
(9, 1, 1, 3, 2, 0, '抄送人', 2, 'd9b290d439791b879', 0, -1, 0, 0, '', 1, 0, '', 0, 0, 0, '04d4d2b48aebc8523', 0, 0, '', 0, ''),
(10, 1, 1, 4, 0, 0, '申请人', 0, '159a4ad40378b82dc', 0, -1, 0, 0, '', 0, 0, '{\"depList\":[],\"userList\":[]}', 0, 0, 0, '', 1, 0, '', 1, '{\"nodeName\":\"\\u7533\\u8bf7\\u4eba\",\"type\":\"0\",\"onlyValue\":\"159a4ad40378b82dc\",\"priorityLevel\":\"\",\"settype\":\"\",\"selectMode\":\"\",\"selectRange\":\"\",\"directorLevel\":\"\",\"examineMode\":\"\",\"noHanderAction\":\"\",\"examineEndDirectorLevel\":\"\",\"ccSelfSelectFlag\":\"\",\"conditionList\":[],\"nodeUserList\":{\"depList\":[],\"userList\":[]},\"childNode\":{\"nodeName\":\"\\u5ba1\\u6838\\u4eba\",\"error\":false,\"type\":\"1\",\"onlyValue\":\"6102a85499cb96088\",\"settype\":\"4\",\"selectMode\":\"2\",\"selectRange\":\"1\",\"directorLevel\":\"1\",\"directorOrder\":\"0\",\"examineMode\":\"3\",\"noHanderAction\":\"2\",\"examineEndDirectorLevel\":\"0\",\"childNode\":{\"nodeName\":\"\\u6284\\u9001\\u4eba\",\"type\":\"2\",\"onlyValue\":\"c7acdfd4a5c833269\",\"ccSelfSelectFlag\":\"1\",\"childNode\":\"\",\"departmentHead\":[],\"nodeUserList\":[],\"error\":false},\"nodeUserList\":[]},\"conditionNodes\":[]}'),
(11, 1, 1, 4, 1, 0, '审核人', 1, '6102a85499cb96088', 4, 0, 1, 2, '', 0, 1, '', 2, 3, 0, '159a4ad40378b82dc', 1, 0, '', 0, ''),
(12, 1, 1, 4, 2, 0, '抄送人', 2, 'c7acdfd4a5c833269', 0, -1, 0, 0, '', 1, 0, '', 0, 0, 0, '6102a85499cb96088', 0, 0, '', 0, ''),
(13, 1, 1, 5, 0, 0, '申请人', 0, '96771b94c809fe670', 0, -1, 0, 0, '', 0, 0, '{\"depList\":[],\"userList\":[]}', 0, 0, 0, '', 1, 0, '', 1, '{\"nodeName\":\"\\u7533\\u8bf7\\u4eba\",\"type\":\"0\",\"onlyValue\":\"96771b94c809fe670\",\"priorityLevel\":\"\",\"settype\":\"\",\"selectMode\":\"\",\"selectRange\":\"\",\"directorLevel\":\"\",\"examineMode\":\"\",\"noHanderAction\":\"\",\"examineEndDirectorLevel\":\"\",\"ccSelfSelectFlag\":\"\",\"conditionList\":[],\"nodeUserList\":{\"depList\":[],\"userList\":[]},\"childNode\":{\"nodeName\":\"\\u5ba1\\u6838\\u4eba\",\"error\":false,\"type\":\"1\",\"onlyValue\":\"60ace2e4f0a873a8c\",\"settype\":\"4\",\"selectMode\":\"2\",\"selectRange\":\"1\",\"directorLevel\":\"1\",\"directorOrder\":\"0\",\"examineMode\":\"3\",\"noHanderAction\":\"2\",\"examineEndDirectorLevel\":\"0\",\"childNode\":{\"nodeName\":\"\\u6284\\u9001\\u4eba\",\"type\":\"2\",\"onlyValue\":\"93d64cc43e2b4bcaf\",\"ccSelfSelectFlag\":\"1\",\"childNode\":\"\",\"departmentHead\":[],\"nodeUserList\":[],\"error\":false},\"nodeUserList\":[]},\"conditionNodes\":[]}'),
(14, 1, 1, 5, 1, 0, '审核人', 1, '60ace2e4f0a873a8c', 4, 0, 1, 2, '', 0, 1, '', 2, 3, 0, '96771b94c809fe670', 1, 0, '', 0, ''),
(15, 1, 1, 5, 2, 0, '抄送人', 2, '93d64cc43e2b4bcaf', 0, -1, 0, 0, '', 1, 0, '', 0, 0, 0, '60ace2e4f0a873a8c', 0, 0, '', 0, ''),
(19, 1, 1, 7, 0, 0, '申请人', 0, 'b13b9a8442dbc7642', 0, -1, 0, 0, '', 0, 0, '{\"depList\":[],\"userList\":[]}', 0, 0, 0, '', 1, 0, '', 1, '{\"nodeName\":\"\\u7533\\u8bf7\\u4eba\",\"type\":\"0\",\"onlyValue\":\"b13b9a8442dbc7642\",\"priorityLevel\":\"\",\"settype\":\"\",\"selectMode\":\"\",\"selectRange\":\"\",\"directorLevel\":\"\",\"examineMode\":\"\",\"noHanderAction\":\"\",\"examineEndDirectorLevel\":\"\",\"ccSelfSelectFlag\":\"\",\"conditionList\":[],\"nodeUserList\":{\"depList\":[],\"userList\":[]},\"childNode\":{\"nodeName\":\"\\u5ba1\\u6838\\u4eba\",\"error\":false,\"type\":\"1\",\"onlyValue\":\"e2da6454417b9f57d\",\"settype\":\"4\",\"selectMode\":\"2\",\"selectRange\":\"1\",\"directorLevel\":\"1\",\"directorOrder\":\"0\",\"examineMode\":\"3\",\"noHanderAction\":\"2\",\"examineEndDirectorLevel\":\"0\",\"childNode\":{\"nodeName\":\"\\u6284\\u9001\\u4eba\",\"type\":\"2\",\"onlyValue\":\"a06c2a04e1e967205\",\"ccSelfSelectFlag\":\"1\",\"childNode\":\"\",\"departmentHead\":[],\"nodeUserList\":[],\"error\":false},\"nodeUserList\":[]},\"conditionNodes\":[]}'),
(20, 1, 1, 7, 1, 0, '审核人', 1, 'e2da6454417b9f57d', 4, 0, 1, 2, '', 0, 1, '', 2, 3, 0, 'b13b9a8442dbc7642', 1, 0, '', 0, ''),
(21, 1, 1, 7, 2, 0, '抄送人', 2, 'a06c2a04e1e967205', 0, -1, 0, 0, '', 1, 0, '', 0, 0, 0, 'e2da6454417b9f57d', 0, 0, '', 0, ''),
(22, 1, 1, 8, 0, 0, '申请人', 0, 'e123a144f9cbfad0d', 0, -1, 0, 0, '', 0, 0, '{\"depList\":[],\"userList\":[]}', 0, 0, 0, '', 1, 0, '', 1, '{\"nodeName\":\"\\u7533\\u8bf7\\u4eba\",\"type\":\"0\",\"onlyValue\":\"e123a144f9cbfad0d\",\"priorityLevel\":\"\",\"settype\":\"\",\"selectMode\":\"\",\"selectRange\":\"\",\"directorLevel\":\"\",\"examineMode\":\"\",\"noHanderAction\":\"\",\"examineEndDirectorLevel\":\"\",\"ccSelfSelectFlag\":\"\",\"conditionList\":[],\"nodeUserList\":{\"depList\":[],\"userList\":[]},\"childNode\":{\"nodeName\":\"\\u5ba1\\u6838\\u4eba\",\"error\":false,\"type\":\"1\",\"onlyValue\":\"98c858444198de927\",\"settype\":\"4\",\"selectMode\":\"2\",\"selectRange\":\"1\",\"directorLevel\":\"1\",\"directorOrder\":\"0\",\"examineMode\":\"3\",\"noHanderAction\":\"2\",\"examineEndDirectorLevel\":\"0\",\"childNode\":{\"nodeName\":\"\\u6284\\u9001\\u4eba\",\"type\":\"2\",\"onlyValue\":\"bc49c784e55ab919d\",\"ccSelfSelectFlag\":\"1\",\"childNode\":\"\",\"departmentHead\":[],\"nodeUserList\":[],\"error\":false},\"nodeUserList\":[]},\"conditionNodes\":[]}'),
(23, 1, 1, 8, 1, 0, '审核人', 1, '98c858444198de927', 4, 0, 1, 2, '', 0, 1, '', 2, 3, 0, 'e123a144f9cbfad0d', 1, 0, '', 0, ''),
(24, 1, 1, 8, 2, 0, '抄送人', 2, 'bc49c784e55ab919d', 0, -1, 0, 0, '', 1, 0, '', 0, 0, 0, '98c858444198de927', 0, 0, '', 0, ''),
(25, 1, 1, 6, 0, 0, '申请人', 0, 'b4b9bce4d4f87474c', 0, -1, 0, 0, '', 0, 0, '{\"depList\":[],\"userList\":[]}', 0, 0, 0, '', 1, 0, '', 1, '{\"nodeName\":\"\\u7533\\u8bf7\\u4eba\",\"type\":\"0\",\"onlyValue\":\"b4b9bce4d4f87474c\",\"priorityLevel\":\"\",\"settype\":\"\",\"selectMode\":\"\",\"selectRange\":\"\",\"directorLevel\":\"\",\"examineMode\":\"\",\"noHanderAction\":\"\",\"examineEndDirectorLevel\":\"\",\"ccSelfSelectFlag\":\"\",\"conditionList\":[],\"nodeUserList\":{\"depList\":[],\"userList\":[]},\"childNode\":{\"nodeName\":\"\\u5ba1\\u6838\\u4eba\",\"error\":false,\"type\":\"1\",\"onlyValue\":\"0b739644801abbea8\",\"settype\":\"2\",\"selectMode\":\"0\",\"selectRange\":\"0\",\"directorLevel\":\"1\",\"directorOrder\":\"1\",\"examineMode\":\"3\",\"noHanderAction\":\"2\",\"examineEndDirectorLevel\":\"0\",\"childNode\":{\"nodeName\":\"\\u6284\\u9001\\u4eba\",\"type\":\"2\",\"onlyValue\":\"3598f1140f98cfe2c\",\"ccSelfSelectFlag\":\"1\",\"childNode\":\"\",\"departmentHead\":[],\"nodeUserList\":[],\"error\":false},\"nodeUserList\":[]},\"conditionNodes\":[]}'),
(26, 1, 1, 6, 1, 0, '审核人', 1, '0b739644801abbea8', 2, 1, 1, 2, '', 0, 0, '', 0, 3, 0, 'b4b9bce4d4f87474c', 1, 0, '', 0, ''),
(27, 1, 1, 6, 2, 0, '抄送人', 2, '3598f1140f98cfe2c', 0, -1, 0, 0, '', 1, 0, '', 0, 0, 0, '0b739644801abbea8', 0, 0, '', 0, '');

-- #审批规则
INSERT INTO `eb_approve_rule` (`id`, `card_id`, `approve_id`, `range`, `abnormal`, `auto`, `edit`, `recall`, `refuse`) VALUES
(1, 1, 1, '', 0, '1', '[\"1\"]', 0, '0'),
(2, 1, 2, '', 0, '1', '[\"1\"]', 0, '0'),
(3, 1, 3, '', 0, '1', '[\"1\"]', 0, '0'),
(4, 1, 4, '', 0, '1', '[\"1\"]', 0, '0'),
(5, 1, 5, '', 0, '1', '[\"1\"]', 0, '0'),
(6, 1, 6, '', 0, '0', '[\"1\",\"2\"]', 0, '0'),
(7, 1, 7, '', 0, '1', '[\"1\"]', 0, '0'),
(8, 1, 8, '', 0, '1', '[\"1\",\"2\"]', 0, '0');

-- #审批人
INSERT INTO `eb_approve_user` (`id`, `card_id`, `approve_id`, `apply_id`, `node_id`, `level`, `sort`, `verify`, `status`, `types`, `info`, `process_info`, `created_at`, `updated_at`) VALUES
(1, 1, 8, 1, '98c858444198de927', 1, 1, 0, 0, 1, '{\"card_id\":\"1\",\"laravel_through_key\":\"1\",\"card\":{\"id\":\"1\",\"name\":\"\\u9640\\u87ba\\u5320\",\"avatar\":\"https:\\/\\/shmily-album.oss-cn-shenzhen.aliyuncs.com\\/admin_face\\/face10.png\",\"uid\":\"ed1e49e971df489da61f3ba3bf9893cd\",\"position\":\"1\",\"job\":{\"id\":\"1\",\"name\":\"\\u603b\\u7ecf\\u7406\",\"rank_id\":\"1\",\"card_id\":\"1\"}},\"pid\":\"1\",\"value\":\"1-00\",\"label\":\"\\u9640\\u87ba\\u5320\",\"type\":\"1\",\"disabled\":true}', '{\"name\":\"\\u5ba1\\u6838\\u4eba\",\"types\":1,\"settype\":4,\"director_order\":0,\"director_level\":1,\"no_hander\":2,\"dep_head\":[],\"self_select\":0,\"select_range\":1,\"select_mode\":2,\"examine_mode\":3}', '2023-11-23 10:06:18', '2023-11-23 10:06:18'),
(2, 1, 8, 1, 'bc49c784e55ab919d', 2, 1, 0, 0, 2, '{\"card_id\":\"1\",\"laravel_through_key\":\"1\",\"card\":{\"id\":\"1\",\"name\":\"\\u9640\\u87ba\\u5320\",\"avatar\":\"https:\\/\\/shmily-album.oss-cn-shenzhen.aliyuncs.com\\/admin_face\\/face10.png\",\"uid\":\"ed1e49e971df489da61f3ba3bf9893cd\",\"position\":\"1\",\"job\":{\"id\":\"1\",\"name\":\"\\u603b\\u7ecf\\u7406\",\"rank_id\":\"1\",\"card_id\":\"1\"}},\"pid\":\"1\",\"value\":\"1-00\",\"label\":\"\\u9640\\u87ba\\u5320\",\"type\":\"1\",\"disabled\":true}', '{\"name\":\"\\u6284\\u9001\\u4eba\",\"types\":2,\"settype\":0,\"director_order\":-1,\"director_level\":0,\"no_hander\":0,\"dep_head\":[],\"self_select\":1,\"select_range\":0,\"select_mode\":0,\"examine_mode\":0}', '2023-11-23 10:06:18', '2023-11-23 10:06:18');

-- #考核计划
INSERT INTO `eb_assess_plan` (`id`, `entid`, `create_time`, `create_month`, `assess_type`, `period`, `make_type`, `make_day`, `eval_type`, `eval_day`, `verify_type`, `verify_day`, `status`, `uniqued`, `created_at`, `updated_at`) VALUES
(1, 1, 1, 0, 0, 2, 'before', 3, 'before', 2, 'after', 7, 1, '', '2023-11-23 07:37:26', '2023-11-23 07:37:26');

-- #绩效系数
INSERT INTO `eb_assess_score` (`id`, `entid`, `user_id`, `name`, `min`, `max`, `level`, `mark`) VALUES
(7, 1, 0, 'F', 0, 60, 1, '绩效系数：0.3'),
(8, 1, 0, 'E', 60, 65, 2, '绩效系数：0.75'),
(9, 1, 0, 'D', 65, 75, 3, '绩效系数：0.8'),
(10, 1, 0, 'C', 75, 80, 4, '绩效系数：0.85'),
(11, 1, 0, 'B', 80, 90, 5, '绩效系数：0.95'),
(12, 1, 0, 'A', 90, 100, 6, '绩效系数：1.05');

-- # 财务分类
INSERT INTO `eb_bill_category` (`id`, `entid`, `path`, `level`, `name`, `cate_no`, `sort`, `pid`, `types`) VALUES
(1, 1, '', 1, '软件定制', '01', 0, 0, 1),
(2, 1, '', 1, '软件销售', '02', 0, 0, 1),
(3, 1, '', 1, '其它收入', '03', 0, 0, 1),
(4, 1, '/1/', 2, '定制服务', '0101', 0, 1, 1),
(5, 1, '/1/', 2, '维护费用', '0102', 0, 1, 1),
(6, 1, '/3/', 2, '存款利息', '0301', 0, 3, 1),
(7, 1, '/3/', 2, '政府补贴', '0302', 0, 3, 1),
(8, 1, '', 1, '人员成本', '04', 0, 0, 0),
(9, 1, '', 1, '营销费用', '05', 0, 0, 0),
(10, 1, '', 1, '管理费用', '06', 0, 0, 0),
(11, 1, '', 1, '财务费用', '07', 0, 0, 0),
(12, 1, '', 1, '第三方服务费', '08', 0, 0, 0),
(13, 1, '/8/', 2, '人员工资', '0401', 0, 8, 0),
(14, 1, '/8/', 2, '社保', '0402', 0, 8, 0),
(15, 1, '/8/', 2, '个税', '0403', 0, 8, 0),
(16, 1, '/9/', 2, '广告费用', '0501', 0, 9, 0),
(17, 1, '/9/', 2, '介绍费', '0502', 0, 9, 0),
(18, 1, '/9/', 2, '营销活动', '0503', 0, 9, 0),
(19, 1, '/12/', 2, '服务器费用', '0803', 0, 12, 0),
(20, 1, '/12/', 2, '快递费', '0804', 0, 12, 0),
(21, 1, '/10/', 2, '办公费用', '0603', 0, 10, 0),
(22, 1, '/10/21/', 3, '物业费', '060302', 0, 21, 0),
(23, 1, '/10/', 2, '电话费', '0605', 0, 10, 0),
(24, 1, '/10/', 2, '招待费', '0606', 0, 10, 0),
(25, 1, '/10/21/', 3, '宽带费', '060304', 0, 21, 0),
(26, 1, '/10/', 2, '培训费', '0608', 0, 10, 0),
(27, 1, '/10/21/', 3, '房租', '060301', 0, 21, 0),
(28, 1, '/10/21/', 3, '水电费', '060303', 0, 21, 0),
(29, 1, '/10/', 2, '办公用品', '0611', 0, 10, 0),
(30, 1, '', 1, '其它支出', '09', 0, 0, 0),
(31, 1, '/12/', 2, '微信认证费', '0801', 0, 12, 0),
(32, 1, '/12/', 2, '软著申请', '0802', 0, 12, 0),
(33, 1, '/11/', 2, '手续费', '0701', 0, 11, 0),
(34, 1, '/11/', 2, '增值税及附加税、印花税', '0702', 0, 11, 0),
(35, 1, '/11/', 2, '企业所得税', '0703', 0, 11, 0),
(36, 1, '/11/', 2, '残保金', '0704', 0, 11, 0);

-- #客户标签
INSERT INTO `eb_client_label` (`id`, `entid`, `name`, `sort`, `pid`, `created_at`, `updated_at`) VALUES
(1, 1, '瘦小客户', 0, 0, '2022-08-18 11:03:56', '2022-08-18 11:03:56'),
(2, 1, '小客户', 0, 1, '2022-08-18 11:03:56', '2022-08-18 11:03:56'),
(3, 1, '一次性客户', 0, 1, '2022-08-18 11:03:56', '2022-08-18 11:03:56'),
(4, 1, '问题客户', 0, 0, '2022-08-18 11:03:56', '2022-08-18 11:03:56'),
(5, 1, '危险客户', 0, 4, '2022-08-18 11:03:56', '2022-08-18 11:03:56'),
(6, 1, '提醒客户', 0, 4, '2022-08-18 11:03:56', '2022-08-18 11:03:56'),
(7, 1, '金牛客户', 0, 0, '2022-08-18 11:03:56', '2022-08-18 11:03:56'),
(8, 1, '老客户', 0, 7, '2022-08-18 11:03:56', '2022-08-18 11:03:56'),
(9, 1, '重点客户', 0, 7, '2022-08-18 11:03:56', '2022-08-18 11:03:56'),
(10, 1, '忠实客户', 0, 7, '2022-08-18 11:03:56', '2022-08-18 11:03:56'),
(11, 1, '明星客户', 0, 0, '2022-08-18 11:03:56', '2022-08-18 11:03:56'),
(12, 1, '重要客户', 0, 11, '2022-08-18 11:03:56', '2022-08-18 11:03:56'),
(13, 1, '意向客户', 0, 11, '2022-08-18 11:03:56', '2022-08-18 11:03:56'),
(14, 1, '大金额客户', 0, 11, '2022-08-18 11:03:56', '2022-08-18 11:03:56');

-- #客户所属标签
INSERT INTO `eb_client_labels` (`id`, `eid`, `label_id`, `created_at`, `updated_at`) VALUES
(1, 1, 9, '2023-11-23 09:34:04', '2023-11-23 09:34:04'),
(2, 1, 12, '2023-11-23 09:34:04', '2023-11-23 09:34:04');

-- #日报汇报人
INSERT INTO `eb_daily_report_member` (`id`, `daily_id`, `member`, `created_at`, `updated_at`) VALUES
(1, 1, 1, '2023-11-23 10:01:57', '2023-11-23 10:01:57');

-- #员工培训
INSERT INTO `eb_employee_train` (`id`, `type`, `content`, `created_at`, `updated_at`) VALUES
(1, 'company_profile', '&lt;p style=&quot;line-height:2;&quot;&gt;&amp;nbsp;&amp;nbsp;&amp;nbsp;&amp;nbsp;西安众邦网络科技有限公司是一家致力于互联网软件设计、研发、销售为一体的高新技术企业。自2014年成立以来，众邦科技将客户关系管理与电子商务应用场景进行深度集成，围绕新零售、智慧商业、企业数字化经营等课题进行探索创新，打造出中国私有化独立应用电商软件知名品牌——CRMEB。&lt;/p&gt;&lt;p style=&quot;line-height:2;&quot;&gt;&amp;nbsp;&amp;nbsp;&amp;nbsp;&amp;nbsp;CRMEB通过“去中心化”的新零售解决方案，助力企业实现公域流量向私域流量的转化；以性能稳定、高并发、云部署的核心技术赋能开发者，提速企业数字化；通过开源核心产品、核心技术，吸引第三方开发者加入并打造出CRMEB产品生态，为广大商家提供更多应用选择与更优质的服务。&lt;/p&gt;&lt;p style=&quot;line-height:2;&quot;&gt;&amp;nbsp;&amp;nbsp;&amp;nbsp;&amp;nbsp;经过9年时间的高速发展，众邦科技现已拥有60余人的核心技术研发团队，获得50余项自主知识产权，发展出500余家技术服务商，累计服务超40余万家企业，其自主研发的“CRMEB开源版”GVP开源项目在PHP语言开源领域长期排名前三，各项成绩的取得，让众邦科技一跃成长为中国领军的企业数字化经营软件提供商。&lt;/p&gt;', NULL, NULL),
(2, 'strategic_plan', '&lt;p&gt;以下是一个公司八大目标，您可以根据实际情况进行调整和修改：&lt;/p&gt;&lt;ol&gt;&lt;li&gt;战略目标：明确公司的战略方向和目标，包括市场定位、产品定位、销售目标等。&lt;/li&gt;&lt;li&gt;财务目标：制定公司的财务目标，包括收入、利润、投资回报率等指标。&lt;/li&gt;&lt;li&gt;市场份额目标：确定公司在市场中的份额目标，包括总体市场份额、主要产品市场份额等。&lt;/li&gt;&lt;li&gt;客户满意度目标：制定客户满意度目标，包括客户满意度调查、投诉处理等指标。&lt;/li&gt;&lt;li&gt;团队建设目标：加强团队建设，包括员工培训、团队文化、员工福利等指标。&lt;/li&gt;&lt;li&gt;组织结构优化目标：优化组织结构，提高管理效率和执行力，包括部门重组、流程再造等指标。&lt;/li&gt;&lt;li&gt;风险控制目标：制定风险控制目标，包括风险管理计划、风险预警机制等指标。&lt;/li&gt;&lt;li&gt;企业文化与品牌形象目标：塑造企业文化和品牌形象，包括品牌知名度、企业文化建设等指标。&lt;/li&gt;&lt;/ol&gt;&lt;p&gt;在制定公司八大目标时，需要注意以下几点：&lt;/p&gt;&lt;ol&gt;&lt;li&gt;目标要明确具体：目标应该明确具体，可衡量和可实现，避免模糊和抽象。&lt;/li&gt;&lt;li&gt;考虑利益相关者：目标应该考虑企业利益相关者的利益，包括股东、员工、客户、供应商等。&lt;/li&gt;&lt;li&gt;与战略一致：目标应该与公司的战略规划一致，以保证战略的有效实施。&lt;/li&gt;&lt;li&gt;资源配置：目标的实现需要合理的资源配置，包括人力、物力、财力等方面。&lt;/li&gt;&lt;li&gt;监控与评估：对目标的实施过程进行监控和评估，及时调整目标方向和计划，确保目标的实现。&lt;/li&gt;&lt;/ol&gt;&lt;p&gt;总之，公司八大目标是公司战略规划的重要组成部分，需要全面考虑外部环境和内部条件，制定具体明确的目标和实施计划，并注意与战略一致、资源配置、监控与评估等方面的问题。&lt;/p&gt;', NULL, NULL),
(3, 'organization_chart', '&lt;p&gt;&lt;img src=&quot;http://crmebent.oss-cn-hangzhou.aliyuncs.com/files/87fbb177ef4d6f142a475228e62e4a4e.jpg&quot; style=&quot;max-width:100%;&quot;/&gt;&lt;br/&gt;&lt;/p&gt;', NULL, NULL);

-- #企业动态
INSERT INTO `eb_enterprise_notice` (`id`, `cate_id`, `card_id`, `entid`, `title`, `cover`, `info`, `content`, `is_top`, `push_type`, `push_time`, `status`, `sort`, `visit`, `created_at`, `updated_at`, `deleted_at`) VALUES
(1, 10, 1, 1, '公司拥有自己的独立企业管理系统啦！', '', '从现在起公司将启用内部管理系统，希望大家尽快熟悉系统使用起来，让我们的工作更加高效', '&lt;p&gt;标题：关于使用公司独立企业管理系统的通知&lt;/p&gt;&lt;p&gt;尊敬的同事们：&lt;/p&gt;&lt;p&gt;我们很高兴地通知大家，公司已经成功开发并上线了独立的企业管理系统。为了提高公司的管理效率，提升我们的工作协同能力，这个系统将取代我们过去使用的其他管理系统，成为我们日常工作中不可或缺的一部分。&lt;/p&gt;&lt;p&gt;这个全新的企业管理系统，不仅整合了人事、财务、采购、销售等各个业务模块的功能，而且引入了先进的数据分析工具，能帮助我们更好地理解公司的运营情况，为决策提供数据支持。同时，该系统还具备高度的灵活性和可扩展性，可以根据公司的业务发展需要进行扩展和升级。&lt;/p&gt;&lt;p&gt;为了确保新系统的顺利上线和运行，我们将在XX月XX日至XX月XX日期间进行为期一周的系统培训。培训将涵盖系统的使用、操作手册的解读以及常见问题的处理等内容。我们将邀请专业的培训师来进行详细的讲解和演示，确保每位员工都能熟练掌握新系统的操作。&lt;/p&gt;&lt;p&gt;在此，我们呼吁大家积极参与到新系统的培训中来，熟悉并掌握新系统的各项功能。同时，我们也希望各部门能够充分利用这个全新的企业管理系统，提高工作效率，提升公司的竞争力。&lt;/p&gt;&lt;p&gt;请大家在XX月XX日后开始使用新系统进行日常工作。在系统使用过程中遇到任何问题，欢迎随时联系我们的技术支持团队，我们将竭诚为大家提供帮助。&lt;/p&gt;&lt;p&gt;感谢大家的理解和支持！让我们一起迎接这个全新的企业管理系统，共同开创公司更加美好的未来！&lt;/p&gt;&lt;p&gt;祝大家工作顺利！&lt;/p&gt;&lt;p&gt;公司管理层&lt;br/&gt;XXXX年XX月XX日&lt;/p&gt;', 0, 0, '2023-11-23 09:21:25', 1, 0, 1, '2023-11-23 09:21:25', '2023-11-24 03:45:01', NULL),
(2, 11, 1, 1, '员工考勤制度', '', '员工考勤制度更新', '&lt;p&gt;员工考勤制度&lt;/p&gt;&lt;p&gt;一、总则&lt;/p&gt;&lt;ol&gt;&lt;li&gt;为规范员工考勤行为，保证公司正常的工作秩序，特制定本制度。&lt;/li&gt;&lt;li&gt;本制度适用于公司全体员工。&lt;/li&gt;&lt;/ol&gt;&lt;p&gt;二、工作时间&lt;/p&gt;&lt;ol&gt;&lt;li&gt;公司的工作时间为每天8:30至17:30，中午12:00至13:30为午餐及休息时间。&lt;/li&gt;&lt;li&gt;员工应按规定时间到岗，做好每日的考勤登记。&lt;/li&gt;&lt;/ol&gt;&lt;p&gt;三、请假制度&lt;/p&gt;&lt;ol&gt;&lt;li&gt;员工请假需提前一天向直属主管提交请假申请，得到批准后方可休假。&lt;/li&gt;&lt;li&gt;请假审批权限如下：&lt;br/&gt;（1）请假1天以内（含1天），直属主管审批，部门经理备案。&lt;br/&gt;（2）请假1天以上，需经直属主管、部门经理、人力资源部审批。&lt;/li&gt;&lt;li&gt;请假期间，员工应确保工作交接无误，确保工作不受影响。&lt;/li&gt;&lt;/ol&gt;&lt;p&gt;四、迟到、早退规定&lt;/p&gt;&lt;ol&gt;&lt;li&gt;员工迟到或早退10分钟以内，每次扣罚50元；迟到或早退30分钟以内，每次扣罚100元；迟到或早退30分钟以上视为旷工。&lt;/li&gt;&lt;li&gt;员工每月累计迟到或早退3次以上者，取消当月评优资格。&lt;/li&gt;&lt;/ol&gt;&lt;p&gt;五、旷工规定&lt;/p&gt;&lt;ol&gt;&lt;li&gt;员工未经批准擅自缺勤或未经批准休假视为旷工。&lt;/li&gt;&lt;li&gt;旷工一天以内（含一天），扣罚三倍当日工资；旷工三天以上（含三天）者，予以辞退。&lt;/li&gt;&lt;/ol&gt;&lt;p&gt;六、其他规定&lt;/p&gt;&lt;ol&gt;&lt;li&gt;员工应妥善保管请假申请、考勤记录等相关资料，以备查验。&lt;/li&gt;&lt;li&gt;员工应遵守公司的其他相关制度规定。&lt;/li&gt;&lt;/ol&gt;&lt;p&gt;七、附则&lt;/p&gt;&lt;ol&gt;&lt;li&gt;本制度自发布之日起执行。如有未尽事宜，另行通知。&lt;/li&gt;&lt;li&gt;本制度最终解释权归公司所有。&lt;/li&gt;&lt;/ol&gt;', 0, 0, '2023-11-23 09:22:29', 1, 0, 2, '2023-11-23 09:22:29', '2023-11-24 03:44:56', NULL);

-- #支付方式
INSERT INTO `eb_enterprise_paytype` (`id`, `entid`, `type_id`, `name`, `ident`, `info`, `status`, `sort`, `created_at`, `updated_at`) VALUES
(1, 1, 0, '企业公户', '', '', 1, 1, '2023-11-23 07:54:56', '2023-11-23 07:54:56'),
(2, 1, 0, '企业支付宝', '', '', 1, 1, '2023-11-23 07:55:07', '2023-11-23 07:55:07'),
(3, 1, 0, '企业微信', '', '', 1, 1, '2023-11-23 07:55:15', '2023-11-23 07:55:15'),
(4, 1, 0, '个人微信', '', '', 1, 1, '2023-11-23 09:49:22', '2023-11-23 09:49:22'),
(5, 1, 0, '备用金', '', '', 1, 1, '2023-11-23 09:49:29', '2023-11-23 09:49:29');

-- #部门
INSERT INTO `eb_frame` (`id`, `entid`, `pid`, `name`, `path`, `introduce`, `sort`, `user_count`, `user_single_count`, `is_show`, `level`, `created_at`, `updated_at`) VALUES
(2, 1, 1, '财务部', '/1/', '', 0, 0, 0, 1, 1, '2023-11-23 10:03:20', '2023-11-24 04:09:54'),
(3, 1, 1, '行政人事部', '/1/', '', 0, 0, 0, 1, 1, '2023-11-23 10:03:30', '2023-11-24 04:09:54'),
(4, 1, 1, '技术部', '/1/', '', 0, 0, 0, 1, 1, '2023-11-23 10:03:38', '2023-11-24 04:09:54'),
(5, 1, 1, '销售部', '/1/', '', 0, 0, 0, 1, 1, '2023-11-23 10:03:45', '2023-11-24 04:09:54');

-- #海氏评估
INSERT INTO `eb_hay_group` (`id`, `name`, `uid`, `created_at`, `updated_at`, `deleted_at`) VALUES
(1, '评估表20231123', 1, '2023-11-23 10:40:09', '2023-11-23 10:40:09', NULL);

-- #海氏评估数据
INSERT INTO `eb_hay_group_data` (`id`, `group_id`, `uid`, `col1`, `col2`, `col3`, `col4`, `col5`, `col6`, `col7`, `col8`, `col9`, `col10`, `col11`, `col12`, `col13`, `col14`, `col15`, `col16`, `sort`, `created_at`, `updated_at`) VALUES
(1, 1, 1, 1, 7, 4, 2, 2, 7, 4, 2, 7, 4, '[\"2\",\"2\"]', 2, '40', '60', '1011.20', '1.00', 0, '2023-11-23 10:40:09', '2023-11-23 10:40:09');

-- #消息模板变量
INSERT INTO `eb_message` (`id`, `entid`, `relation_id`, `cate_id`, `cate_name`, `template_type`, `template_var`, `template_time`, `title`, `content`, `remind_time`, `user_sub`, `deleted_at`, `created_at`, `updated_at`) VALUES
(1, 1, 4, 77, '绩效考核', 'assess_target', '[\"{#\\u8d1f\\u8d23\\u90e8\\u95e8}\",\"{#\\u8003\\u6838\\u7c7b\\u578b}\",\"{#\\u65f6\\u95f41}\",\"{#\\u65f6\\u95f42}\",\"{#\\u65f6\\u95f43}\"]', 1, '制定考核目标提醒', '您还未创建{#负责部门}的{#时间2}考核目标，请您尽快制定考核任务！！！', '09:00', 0, NULL, '2023-11-25 07:56:45', '2023-11-29 09:33:09'),
(2, 1, 5, 76, '日常汇报', 'daily_remind', NULL, 1, '日报填写提醒', '今天您还未填写日报，再忙也要记得总结沉淀哦！', '09:00', 0, NULL, '2023-11-25 07:56:45', '2023-11-29 09:33:09'),
(3, 1, 37, 60, '', 'assess_abnormal', '[\"{#\\u88ab\\u8003\\u6838\\u4eba\\u90e8\\u95e8}\",\"{#\\u88ab\\u8003\\u6838\\u4eba}\",\"{#\\u8003\\u6838\\u7c7b\\u578b}\",\"{#\\u8003\\u6838\\u5468\\u671f}\",\"{#\\u5f00\\u59cb\\u65f6\\u95f4}\",\"{#\\u7ed3\\u675f\\u65f6\\u95f4}\"]', 1, '考核异常提醒', '未找到{#被考核人}上{#时间1}考核任务，请核查原因！', '09:00', 0, NULL, '2023-11-25 07:56:45', '2023-11-29 09:33:09'),
(4, 1, 38, 80, '财务审核', 'contract_invoice', '[\"{#\\u5173\\u8054\\u5408\\u540c\\u540d\\u79f0}\",\"{#\\u5408\\u540c\\u91d1\\u989d}\",\"{#\\u5408\\u540c\\u5f00\\u59cb\\u65f6\\u95f4}\",\"{#\\u5408\\u540c\\u7ed3\\u675f\\u65f6\\u95f4}\",\"{#\\u5ba2\\u6237\\u540d\\u79f0}\",\"{#\\u4e1a\\u52a1\\u5458}\",\"{#\\u7533\\u8bf7\\u65f6\\u95f4}\",\"{#\\u5f00\\u7968\\u91d1\\u989d}\",\"{#\\u5f00\\u7968\\u7c7b\\u578b}\",\"{#\\u53d1\\u7968\\u62ac\\u5934}\",\"{#\\u7a0e\\u53f7}\"]', 0, '开具发票申请', '{#业务员}于{#申请时间}申请{#关联合同}的发票开具，请您及时处理！', '', 0, NULL, '2023-11-25 07:56:45', '2023-11-29 09:33:09'),
(5, 1, 39, 77, '绩效考核', 'assess_end', '[\"{#\\u8003\\u6838\\u540d\\u79f0}\",\"{#\\u8003\\u6838\\u7c7b\\u578b}\",\"{#\\u8003\\u6838\\u5468\\u671f}\",\"{#\\u5f00\\u59cb\\u65f6\\u95f4}\",\"{#\\u7ed3\\u675f\\u65f6\\u95f4}\"]', 1, '考核结束提醒', '请注意{#考核名称}今日结束！', '09:00', 0, NULL, '2023-11-25 07:56:45', '2023-11-29 09:33:09'),
(6, 1, 40, 77, '绩效考核', 'assess_appeal', '[\"{#\\u8003\\u6838\\u540d\\u79f0}\",\"{#\\u8003\\u6838\\u7c7b\\u578b}\",\"{#\\u5f00\\u59cb\\u65f6\\u95f4}\",\"{#\\u7ed3\\u675f\\u65f6\\u95f4}\",\"{#\\u7533\\u8bc9\\u4eba}\",\"{#\\u7533\\u8bc9\\u4eba\\u90e8\\u95e8}\",\"{#\\u7533\\u8bc9\\u65f6\\u95f4}\"]', 0, '绩效申诉请求', '{#申诉人}于{#申诉时间}提交了绩效考核申诉，请您及时处理！', '', 0, NULL, '2023-11-25 07:56:45', '2023-11-29 09:33:09'),
(7, 1, 41, 77, '绩效考核', 'assess_appeal_result', '[\"{#\\u8003\\u6838\\u540d\\u79f0}\",\"{#\\u8003\\u6838\\u7c7b\\u578b}\",\"{#\\u5f00\\u59cb\\u65f6\\u95f4}\",\"{#\\u7ed3\\u675f\\u65f6\\u95f4}\",\"{#\\u7533\\u8bc9\\u4eba}\",\"{#\\u7533\\u8bc9\\u4eba\\u90e8\\u95e8}\",\"{#\\u7533\\u8bc9\\u65f6\\u95f4}\"]', 0, '绩效申诉结果', '您于{#申诉时间}提交的绩效考核申诉已完成，请注意查看结果！', '', 0, NULL, '2023-11-25 07:56:45', '2023-11-29 09:33:09'),
(8, 1, 42, 77, '绩效考核', 'assess_start', '[\"{#\\u8d1f\\u8d23\\u90e8\\u95e8}\",\"{#\\u8003\\u6838\\u7c7b\\u578b}\",\"{#\\u8003\\u6838\\u5468\\u671f}\",\"{#\\u8003\\u6838\\u5f00\\u59cb\\u65f6\\u95f4}\",\"{#\\u8003\\u6838\\u7ed3\\u675f\\u65f6\\u95f4}\",\"{#\\u65f6\\u95f41}\",\"{#\\u65f6\\u95f42}\",\"{#\\u65f6\\u95f43}\"]', 1, '开启考核提醒', '您还未开启{#负责部门}{#时间2}考核任务，请您尽快开启考核任务！', '09:00', 0, NULL, '2023-11-25 07:56:45', '2023-11-29 09:33:09'),
(9, 1, 57, 77, '绩效考核', 'assess_selt', '[\"{#\\u8003\\u6838\\u540d\\u79f0}\",\"{#\\u8003\\u6838\\u7c7b\\u578b}\",\"{#\\u8003\\u6838\\u5468\\u671f}\",\"{#\\u5f00\\u59cb\\u65f6\\u95f4}\",\"{#\\u7ed3\\u675f\\u65f6\\u95f4}\",\"{#\\u8003\\u6838\\u4eba}\",\"{#\\u8003\\u6838\\u4eba\\u90e8\\u95e8}\",\"{#\\u65f6\\u95f4}\",\"{#\\u65f6\\u95f42}\",\"{#\\u65f6\\u95f43}\"]', 1, '自我评价提醒', '您还未对{#考核名称}进行自我评价，请您尽快完成自我评价！', '09:00', 0, NULL, '2023-11-25 07:56:45', '2023-11-29 09:33:09'),
(10, 1, 58, 77, '绩效考核', 'assess_examine', '[\"{#\\u8d1f\\u8d23\\u90e8\\u95e8}\",\"{#\\u8003\\u6838\\u540d\\u79f0}\",\"{#\\u8003\\u6838\\u7c7b\\u578b}\",\"{#\\u8003\\u6838\\u5468\\u671f}\",\"{#\\u5f00\\u59cb\\u65f6\\u95f4}\",\"{#\\u7ed3\\u675f\\u65f6\\u95f4}\",\"{#\\u88ab\\u8003\\u6838\\u4eba}\",\"{#\\u88ab\\u8003\\u6838\\u4eba\\u90e8\\u95e8}\",\"{#\\u65f6\\u95f4}\"]', 1, '上级评价提醒', '您还未完成{#负责部门} {#考核名称}的考核评价，请您尽快处理！', '09:00', 0, NULL, '2023-11-25 07:56:45', '2023-11-29 09:33:09'),
(11, 1, 59, 77, '绩效考核', 'assess_publish', '[\"{#\\u8003\\u6838\\u540d\\u79f0}\",\"{#\\u8003\\u6838\\u5f00\\u59cb\\u65f6\\u95f4}\",\"{#\\u8003\\u6838\\u7ed3\\u675f\\u65f6\\u95f4}\",\"{#\\u8003\\u6838\\u4eba}\",\"{#\\u8003\\u6838\\u4eba\\u90e8\\u95e8}\"]', 0, '考核目标发布', '{#考核名称}目标已发布，请注意查看您的考核目标！', '', 0, NULL, '2023-11-25 07:56:45', '2023-11-29 09:33:09'),
(12, 1, 60, 78, '申请审批', 'business_approval', '[\"{#\\u7533\\u8bf7\\u4eba\\u90e8\\u95e8}\",\"{#\\u7533\\u8bf7\\u4eba}\",\"{#\\u7533\\u8bf7\\u65f6\\u95f4}\",\"{#\\u4e1a\\u52a1\\u7c7b\\u578b}\"]', 0, '业务审批提醒', '{#申请人部门}  {#申请人}于{#申请时间}提交{#业务类型}，请您及时审批！', '', 0, NULL, '2023-11-25 07:56:45', '2023-11-29 09:33:09'),
(13, 1, 61, 78, '申请审批', 'business_recall', '[\"{#\\u7533\\u8bf7\\u4eba\\u5355\\u4f4d}\",\"{#\\u7533\\u8bf7\\u4eba}\",\"{#\\u7533\\u8bf7\\u65f6\\u95f4}\",\"{#\\u4e1a\\u52a1\\u7c7b\\u578b}\"]', 0, '业务撤回提醒', '因特殊原因，您已审批通过的 {#申请人单位}{#申请人}于{#申请时间}发起的{#业务类型}申请，已撤销！', '', 0, NULL, '2023-11-25 07:56:45', '2023-11-29 09:33:09'),
(14, 1, 62, 78, '申请审批', 'business_adopt_apply', '[\"{#\\u7533\\u8bf7\\u4eba\\u90e8\\u95e8}\",\"{#\\u7533\\u8bf7\\u4eba}\",\"{#\\u7533\\u8bf7\\u65f6\\u95f4}\",\"{#\\u4e1a\\u52a1\\u7c7b\\u578b}\"]', 0, '审批通过提醒', '{#申请人部门}{#申请人}于{#申请时间}提交的{#业务类型}申请，已通过审批！', '', 0, NULL, '2023-11-25 07:56:45', '2023-11-29 09:33:09'),
(15, 1, 63, 78, '申请审批', 'business_adopt_cc', '[\"{#\\u7533\\u8bf7\\u4eba\\u90e8\\u95e8}\",\"{#\\u7533\\u8bf7\\u4eba}\",\"{#\\u7533\\u8bf7\\u65f6\\u95f4}\",\"{#\\u4e1a\\u52a1\\u7c7b\\u578b}\"]', 0, '审批抄送提醒', '{#申请人部门}{#申请人}于{#申请时间}提交的{#业务类型}申请，已通过审批！', '', 0, NULL, '2023-11-25 07:56:45', '2023-11-29 09:33:09'),
(16, 1, 64, 78, '申请审批', 'business_fail', '[\"{\\u8ba1\\u5212\\u5f00\\u59cb\\u65f6\\u95f4}\",\"{#\\u8ba1\\u5212\\u7ed3\\u675f\\u65f6\\u95f4}\",\"{#\\u4e1a\\u52a1\\u7c7b\\u578b}\"]', 0, '审批未通过提醒', '您提交的{#业务类型}申请，未通过审批！', '', 0, NULL, '2023-11-25 07:56:45', '2023-11-29 09:33:09'),
(17, 1, 65, 76, '日常汇报', 'daily_show_remind', '[\"{#\\u6c47\\u62a5\\u4eba}\",\"{#\\u6c47\\u62a5\\u4eba\\u90e8\\u95e8}\",\"{#\\u6c47\\u62a5\\u7c7b\\u578b}\",\"{#\\u5de5\\u4f5c\\u5185\\u5bb9}\",\"{#\\u5de5\\u4f5c\\u8ba1\\u5212}\",\"{#\\u5907\\u6ce8\\u5185\\u5bb9}\"]', 0, '日报查看提醒', '{#汇报人}的{#汇报类型}已提交，请及时查看！', '', 0, NULL, '2023-11-25 07:56:45', '2023-11-29 09:33:09'),
(18, 1, 66, 79, '客户合同', 'contract_urgent_renew', '[\"{#\\u5408\\u540c\\u540d\\u79f0}\",\"{#\\u7eed\\u8d39\\u7c7b\\u578b}\",\"{#\\u7eed\\u8d39\\u5230\\u671f\\u65f6\\u95f4}\",\"{#\\u5ba2\\u6237\\u540d\\u79f0}\",\"{#\\u4e1a\\u52a1\\u5458}\"]', 1, '续费即将到期提醒', '{#合同名称} {#续费类型}余额剩余30天，请记得联系客户进行续费哦！', '09:00', 0, NULL, '2023-11-25 07:56:45', '2023-11-29 09:33:09'),
(19, 1, 67, 79, '客户合同', 'contract_day_remind', '[\"{#\\u5408\\u540c\\u540d\\u79f0}\",\"{#\\u5408\\u540c\\u91d1\\u989d}\",\"{#\\u5408\\u540c\\u5f00\\u59cb\\u65f6\\u95f4}\",\"{#\\u5408\\u540c\\u7ed3\\u675f\\u65f6\\u95f4}\",\"{#\\u5ba2\\u6237\\u540d\\u79f0}\",\"{#\\u4e1a\\u52a1\\u5458}\"]', 1, '续费今日到期提醒', '{#合同名称} {#续费类型}今日到期，请立刻联系客户进行续费哦！', '09:00', 0, NULL, '2023-11-25 07:56:45', '2023-11-29 09:33:09'),
(20, 1, 68, 79, '客户合同', 'contract_overdue_remind', '[\"{#\\u5408\\u540c\\u540d\\u79f0}\",\"{#\\u7eed\\u8d39\\u7c7b\\u578b}\",\"{#\\u7eed\\u8d39\\u5230\\u671f\\u65f6\\u95f4}\",\"{#\\u5ba2\\u6237\\u540d\\u79f0}\",\"{#\\u4e1a\\u52a1\\u5458}\"]', 1, '续费过期提醒', '{#合同名称} {#续费类型}已超期，请立刻联系客户进行核实续费哦！', '09:00', 0, NULL, '2023-11-25 07:56:45', '2023-11-29 09:33:09'),
(21, 1, 69, 80, '财务审核', 'contract_return_money', '[\"{#\\u5173\\u8054\\u5408\\u540c\\u540d\\u79f0}\",\"{#\\u5408\\u540c\\u91d1\\u989d}\",\"{#\\u5408\\u540c\\u5f00\\u59cb\\u65f6\\u95f4}\",\"{#\\u5408\\u540c\\u7ed3\\u675f\\u65f6\\u95f4}\",\"{#\\u5ba2\\u6237\\u540d\\u79f0}\",\"{#\\u4e1a\\u52a1\\u5458}\",\"{#\\u7533\\u8bf7\\u65f6\\u95f4}\",\"{#\\u56de\\u6b3e\\u91d1\\u989d}\",\"{#\\u4e1a\\u52a1\\u5185\\u5bb9}\"]', 0, '回款核对请求', '{#业务员}于{#申请时间}申请{#关联合同名称}的合同回款核对，请您及时审核！', '', 0, NULL, '2023-11-25 07:56:45', '2023-11-29 09:33:09'),
(22, 1, 70, 80, '财务审核', 'contract_renew', '[\"{#\\u5173\\u8054\\u5408\\u540c\\u540d\\u79f0}\",\"{#\\u5408\\u540c\\u91d1\\u989d}\",\"{#\\u5408\\u540c\\u5f00\\u59cb\\u65f6\\u95f4}\",\"{#\\u5408\\u540c\\u7ed3\\u675f\\u65f6\\u95f4}\",\"{#\\u5ba2\\u6237\\u540d\\u79f0}\",\"{#\\u4e1a\\u52a1\\u5458}\",\"{#\\u7533\\u8bf7\\u65f6\\u95f4}\",\"{#\\u7eed\\u8d39\\u91d1\\u989d}\",\"{#\\u7eed\\u8d39\\u7c7b\\u578b}\",\"{#\\u4e1a\\u52a1\\u5185\\u5bb9}\"]', 0, '续费核对请求', '{#业务员}于{#申请时间}申请{#关联合同名称}的合同续费核对，请您及时审核！', '', 0, NULL, '2023-11-25 07:56:45', '2023-11-29 09:33:09'),
(23, 1, 71, 80, '财务审核', 'finance_verify_success', '[\"{#\\u5173\\u8054\\u5408\\u540c\\u540d\\u79f0}\",\"{#\\u5408\\u540c\\u91d1\\u989d}\",\"{#\\u5408\\u540c\\u5f00\\u59cb\\u65f6\\u95f4}\",\"{#\\u5408\\u540c\\u7ed3\\u675f\\u65f6\\u95f4}\",\"{#\\u5ba2\\u6237\\u540d\\u79f0}\",\"{#\\u7533\\u8bf7\\u65f6\\u95f4}\",\"{#\\u91d1\\u989d}\",\"{#\\u4e1a\\u52a1\\u5185\\u5bb9}\",\"{#\\u5907\\u6ce8\\u5185\\u5bb9}\"]', 0, '付款审核通过', '您于{#申请时间}申请{#关联合同名称}的合同款项核对已通过！', '', 0, NULL, '2023-11-25 07:56:45', '2023-11-29 09:33:09'),
(24, 1, 72, 80, '财务审核', 'finance_verify_fail', '[\"{#\\u5173\\u8054\\u5408\\u540c\\u540d\\u79f0}\",\"{#\\u5408\\u540c\\u91d1\\u989d}\",\"{#\\u5408\\u540c\\u5f00\\u59cb\\u65f6\\u95f4}\",\"{#\\u5408\\u540c\\u7ed3\\u675f\\u65f6\\u95f4}\",\"{#\\u5ba2\\u6237\\u540d\\u79f0}\",\"{#\\u7533\\u8bf7\\u65f6\\u95f4}\",\"{#\\u5f00\\u7968\\u91d1\\u989d}\",\"{#\\u5f00\\u7968\\u7c7b\\u578b}\",\"{#\\u53d1\\u7968\\u62ac\\u5934}\",\"{#\\u7a0e\\u53f7}\",\"{#\\u5907\\u6ce8\\u5185\\u5bb9}\"]', 0, '付款审核未通过', '您于{#申请时间}申请{#关联合同}的合同款项核对未通过，备注：{#备注内容}。', '', 0, NULL, '2023-11-25 07:56:45', '2023-11-29 09:33:09'),
(25, 1, 73, 79, '客户合同', 'finance_invoice_open', '[\"{#\\u5173\\u8054\\u5408\\u540c\\u540d\\u79f0}\",\"{#\\u5408\\u540c\\u91d1\\u989d}\",\"{#\\u5408\\u540c\\u5f00\\u59cb\\u65f6\\u95f4}\",\"{#\\u5408\\u540c\\u7ed3\\u675f\\u65f6\\u95f4}\",\"{#\\u5ba2\\u6237\\u540d\\u79f0}\",\"{#\\u7533\\u8bf7\\u65f6\\u95f4}\",\"{#\\u5f00\\u7968\\u91d1\\u989d}\",\"{#\\u5f00\\u7968\\u7c7b\\u578b}\",\"{#\\u53d1\\u7968\\u62ac\\u5934}\",\"{#\\u7a0e\\u53f7}\",\"{#\\u53d1\\u7968\\u7f16\\u53f7}\",\"{#\\u53d1\\u9001\\u65b9\\u5f0f}\",\"{#\\u5907\\u6ce8\\u5185\\u5bb9}\"]', 0, '发票已开具提醒', '您于{#申请时间}申请{#关联合同名称}的发票已开具，请您及时查看！', '', 0, NULL, '2023-11-25 07:56:45', '2023-11-29 09:33:09'),
(26, 1, 74, 79, '客户合同', 'finance_invoice_close', '[\"{#\\u5173\\u8054\\u5408\\u540c\\u540d\\u79f0}\",\"{#\\u5408\\u540c\\u91d1\\u989d}\",\"{#\\u5408\\u540c\\u5f00\\u59cb\\u65f6\\u95f4}\",\"{#\\u5408\\u540c\\u7ed3\\u675f\\u65f6\\u95f4}\",\"{#\\u5ba2\\u6237\\u540d\\u79f0}\",\"{#\\u7533\\u8bf7\\u65f6\\u95f4}\",\"{#\\u5f00\\u7968\\u91d1\\u989d}\",\"{#\\u5f00\\u7968\\u7c7b\\u578b}\",\"{#\\u53d1\\u7968\\u62ac\\u5934}\",\"{#\\u7a0e\\u53f7}\",\"{#\\u53d1\\u7968\\u7f16\\u53f7}\",\"{#\\u53d1\\u9001\\u65b9\\u5f0f}\",\"{#\\u5907\\u6ce8\\u5185\\u5bb9}\"]', 0, '发票未开具提醒', '您于{#申请时间}申请{#关联合同}的发票暂未开具，备注：{#备注内容}！', '', 0, NULL, '2023-11-25 07:56:45', '2023-11-29 09:33:09'),
(27, 1, 75, 81, '待办日程', 'dealt_person_work', '[\"{#\\u5f85\\u529e\\u5185\\u5bb9}\",\"{#\\u5907\\u6ce8}\",\"{#\\u521b\\u5efa\\u4eba}\",\"{#\\u521b\\u5efa\\u65f6\\u95f4}\"]', 0, '待办任务提醒', '您有一条个人待办任务，请记得处理哦！待办内容【{#待办内容}】', '', 0, NULL, '2023-11-25 07:56:45', '2023-11-29 09:33:09'),
(28, 1, 76, 81, '待办日程', 'dealt_client_work', '[\"{#\\u5f85\\u529e\\u5185\\u5bb9}\",\"{#\\u5907\\u6ce8}\",\"{#\\u521b\\u5efa\\u4eba}\",\"{#\\u521b\\u5efa\\u65f6\\u95f4}\",\"{#\\u5ba2\\u6237\\u540d\\u79f0}\"]', 0, '待办任务提醒', '您有一条客户跟进任务，请记得处理哦！提醒内容【{#待办内容}】', '', 0, NULL, '2023-11-25 07:56:45', '2023-11-29 09:33:09'),
(29, 1, 77, 81, '待办日程', 'dealt_money_work', '[\"{#\\u5f85\\u529e\\u5185\\u5bb9}\",\"{#\\u5907\\u6ce8}\",\"{#\\u521b\\u5efa\\u4eba}\",\"{#\\u521b\\u5efa\\u65f6\\u95f4}\",\"{#\\u5ba2\\u6237\\u540d\\u79f0}\",\"{#\\u5173\\u8054\\u5408\\u540c\\u540d\\u79f0}\",\"{#\\u5408\\u540c\\u91d1\\u989d}\",\"{#\\u5408\\u540c\\u5f00\\u59cb\\u65f6\\u95f4}\",\"{#\\u5408\\u540c\\u7ed3\\u675f\\u65f6\\u95f4}\",\"{#\\u5f85\\u529e\\u7c7b\\u578b}\"]', 0, '合同待办提醒', '您有一条{#待办类型}任务，请记得处理哦！提醒内容【{#待办内容}】', '', 0, NULL, '2023-11-25 07:56:45', '2023-11-29 09:33:09'),
(30, 1, 78, 79, '客户合同', 'finance_invoice_verify_fail', '[\"{#\\u5173\\u8054\\u5408\\u540c\\u540d\\u79f0}\",\"{#\\u5408\\u540c\\u91d1\\u989d}\",\"{#\\u5408\\u540c\\u5f00\\u59cb\\u65f6\\u95f4}\",\"{#\\u5408\\u540c\\u7ed3\\u675f\\u65f6\\u95f4}\",\"{#\\u5ba2\\u6237\\u540d\\u79f0}\",\"{#\\u7533\\u8bf7\\u65f6\\u95f4}\",\"{#\\u5f00\\u7968\\u91d1\\u989d}\",\"{#\\u5f00\\u7968\\u7c7b\\u578b}\",\"{#\\u53d1\\u7968\\u62ac\\u5934}\",\"{#\\u7a0e\\u53f7}\",\"{#\\u5907\\u6ce8\\u5185\\u5bb9}\"]', 0, '发票审核未通过', '您于{#申请时间}申请{#关联合同名称}的发票审核未通过，备注：{#备注内容}！', '', 0, NULL, '2023-11-25 07:56:45', '2023-11-29 09:33:09'),
(31, 1, 79, 79, '客户合同', 'finance_invoice_verify_success', '[\"{#\\u5173\\u8054\\u5408\\u540c\\u540d\\u79f0}\",\"{#\\u5408\\u540c\\u91d1\\u989d}\",\"{#\\u5408\\u540c\\u5f00\\u59cb\\u65f6\\u95f4}\",\"{#\\u5408\\u540c\\u7ed3\\u675f\\u65f6\\u95f4}\",\"{#\\u5ba2\\u6237\\u540d\\u79f0}\",\"{#\\u7533\\u8bf7\\u65f6\\u95f4}\",\"{#\\u5f00\\u7968\\u91d1\\u989d}\",\"{#\\u5f00\\u7968\\u7c7b\\u578b}\",\"{#\\u53d1\\u7968\\u62ac\\u5934}\",\"{#\\u7a0e\\u53f7}\",\"{#\\u5907\\u6ce8\\u5185\\u5bb9}\"]', 0, '发票审核已通过', '您于{#申请时间}申请{#关联合同名称}的发票审核已通过，请您及时查看！', '', 0, NULL, '2023-11-25 07:56:45', '2023-11-29 09:33:09'),
(32, 1, 80, 77, '绩效考核', 'assess_evaluate_result', '[\"{#\\u8003\\u6838\\u540d\\u79f0}\",\"{#\\u4e0a\\u7ea7\\u8bc4\\u4ef7\\u5f97\\u5206}\"]', 0, '上级评分结果', '{#考核名称}上级评价已结束，您的上级评价得分为：{#上级评价得分}分！', '', 0, NULL, '2023-11-25 07:56:45', '2023-11-29 09:33:09'),
(33, 1, 81, 77, '绩效考核', 'assess_result_remind', '[\"{#\\u8003\\u6838\\u540d\\u79f0}\",\"{#\\u8003\\u6838\\u7c7b\\u578b}\",\"{#\\u5f00\\u59cb\\u65f6\\u95f4}\",\"{#\\u7ed3\\u675f\\u65f6\\u95f4}\",\"{#\\u88ab\\u8003\\u6838\\u4eba}\",\"{#\\u88ab\\u8003\\u6838\\u4eba\\u4eba\\u90e8\\u95e8}\",\"{#\\u6700\\u7ec8\\u5f97\\u5206}\"]', 0, '考核结果通知', '{#考核名称}已结束，您的最终考核得分为：{#最终得分}分！', '', 0, NULL, '2023-11-25 07:56:45', '2023-11-29 09:33:09'),
(34, 1, 82, 83, '企业注册', 'enterprise_verify', '[\"{#\\u6ce8\\u518c\\u65f6\\u95f4}\",\"{#\\u4f01\\u4e1a\\u540d\\u79f0}\"]', 0, '平台审核通过提醒', '您提交的企业【{#企业名称}】资料已通过平台审核，请您重新登录系统，快来体验吧！', '', 0, NULL, '2023-11-25 07:56:45', '2023-11-29 09:33:09'),
(35, 1, 83, 83, '企业注册', 'enterprise_verify_fail', '[\"{#\\u6ce8\\u518c\\u65f6\\u95f4}\",\"{#\\u4f01\\u4e1a\\u540d\\u79f0}\"]', 0, '平台审核未通过提醒', '您提交的企业【{#企业名称}】资料未通过平台审核，请您核对后重新提交注册！', '', 0, NULL, '2023-11-25 07:56:45', '2023-11-29 09:33:09'),
(36, 1, 84, 82, '人员异动', 'enterprise_personnel_apply', '[\"{#\\u7533\\u8bf7\\u4eba\\u5458\\u59d3\\u540d}\",\"{#\\u7533\\u8bf7\\u65f6\\u95f4}\",\"{#\\u4f01\\u4e1a\\u540d\\u79f0}\"]', 0, '人员申请加入提醒', '{#申请人员姓名}申请加入我们{#企业名称}大家庭，请您尽快处理哦！', '', 0, NULL, '2023-11-25 07:56:45', '2023-11-29 09:33:09'),
(37, 1, 85, 82, '人员异动', 'enterprise_personnel_join', '[\"{#\\u65b0\\u52a0\\u5165\\u6210\\u5458\\u59d3\\u540d}\",\"{#\\u52a0\\u5165\\u65f6\\u95f4}\",\"{#\\u4f01\\u4e1a\\u540d\\u79f0}\"]', 0, '人员加入提醒', '{#申请人员姓名}已加入我们{#企业名称}大家庭，快去欢迎吧！', '', 0, NULL, '2023-11-25 07:56:45', '2023-11-29 09:33:09'),
(38, 1, 86, 82, '人员异动', 'enterprise_personnel_refuse', '[\"{#\\u88ab\\u9080\\u4eba\\u5458\\u59d3\\u540d}\",\"{#\\u62d2\\u7edd\\u65f6\\u95f4}\",\"{#\\u4f01\\u4e1a\\u540d\\u79f0}\"]', 0, '人员拒绝加入提醒', '{#申请人员姓名}已拒绝加入企业，请核实原因！', '', 0, NULL, '2023-11-25 07:56:45', '2023-11-29 09:33:09'),
(39, 1, 87, 82, '人员异动', 'enterprise_invitation', '[\"{#\\u9080\\u8bf7\\u65f6\\u95f4}\",\"{#\\u4f01\\u4e1a\\u540d\\u79f0}\"]', 0, '企业邀请提醒', '{#企业名称}邀请您加入该企业，请您尽快处理哦！', '', 0, NULL, '2023-11-25 07:56:45', '2023-11-29 09:33:09'),
(40, 1, 88, 76, '日常汇报', 'daily_update_remind', '[\"{#\\u6c47\\u62a5\\u4eba}\",\"{#\\u6c47\\u62a5\\u4eba\\u90e8\\u95e8}\",\"{#\\u6c47\\u62a5\\u7c7b\\u578b}\",\"{#\\u5de5\\u4f5c\\u5185\\u5bb9}\",\"{#\\u5de5\\u4f5c\\u8ba1\\u5212}\",\"{#\\u5907\\u6ce8\\u5185\\u5bb9}\"]', 0, '日报修改查看提醒', '{#汇报人}的{#汇报类型}已更新，请及时查看！', '', 0, NULL, '2023-11-25 07:56:45', '2023-11-29 09:33:09'),
(41, 1, 89, 79, '客户合同', 'contract_soon_overdue_remind', '[\"{#\\u5408\\u540c\\u540d\\u79f0}\",\"{#\\u5408\\u540c\\u91d1\\u989d}\",\"{#\\u5408\\u540c\\u5f00\\u59cb\\u65f6\\u95f4}\",\"{#\\u5408\\u540c\\u7ed3\\u675f\\u65f6\\u95f4}\",\"{#\\u5ba2\\u6237\\u540d\\u79f0}\",\"{#\\u4e1a\\u52a1\\u5458}\"]', 1, '合同即将到期提醒', '{#合同名称}剩余30天结束，请立刻联系客户沟通后续工作哦！', '09:00', 0, NULL, '2023-11-25 07:56:45', '2023-11-29 09:33:09'),
(42, 1, 90, 79, '客户合同', 'contract_overdue_day_remind', '[\"{#\\u5408\\u540c\\u540d\\u79f0}\",\"{#\\u5408\\u540c\\u91d1\\u989d}\",\"{#\\u5408\\u540c\\u5f00\\u59cb\\u65f6\\u95f4}\",\"{#\\u5408\\u540c\\u7ed3\\u675f\\u65f6\\u95f4}\",\"{#\\u5ba2\\u6237\\u540d\\u79f0}\",\"{#\\u4e1a\\u52a1\\u5458}\"]', 1, '合同今日到期提醒', '{#合同名称}今日到期，请记得联系客户沟通后续工作哦！', '09:00', 0, NULL, '2023-11-25 07:56:45', '2023-11-29 09:33:09'),
(43, 1, 91, 84, '企业文件', 'cloud_file_delete', '[\"{#\\u5220\\u9664\\u4eba}\",\"{#\\u5220\\u9664\\u65f6\\u95f4}\",\"{#\\u6587\\u4ef6\\u540d\\u79f0}\",\"{#\\u7a7a\\u95f4\\u540d\\u79f0}\",\"{#\\u521b\\u5efa\\u65f6\\u95f4}\",\"{#\\u521b\\u5efa\\u4eba}\"]', 0, '文件删除提醒', '{#创建人}创建的{#文件名称}文件已被{#删除人}删除，请悉知！', '', 0, NULL, '2023-11-25 07:56:45', '2023-11-29 09:33:09'),
(44, 1, 92, 84, '企业文件', 'cloud_file_create', '[\"{#\\u521b\\u5efa\\u4eba}\",\"{#\\u521b\\u5efa\\u65f6\\u95f4}\",\"{#\\u6587\\u4ef6\\u540d\\u79f0}\",\"{#\\u7a7a\\u95f4\\u540d\\u79f0}\"]', 0, '文件新增提醒', '{#创建人}于{#创建时间}创建了新文件，请悉知！', '', 0, NULL, '2023-11-25 07:56:45', '2023-11-29 09:33:09'),
(45, 1, 93, 84, '企业文件', 'cloud_file_read', '[\"{#\\u9605\\u8bfb\\u4eba}\",\"{#\\u9605\\u8bfb\\u65f6\\u95f4}\",\"{#\\u6587\\u4ef6\\u540d\\u79f0}\",\"{#\\u7a7a\\u95f4\\u540d\\u79f0}\",\"{#\\u521b\\u5efa\\u65f6\\u95f4}\",\"{#\\u521b\\u5efa\\u4eba}\"]', 0, '文件阅读提醒', '{#阅读人}查阅了您创建的{#文件名称}文件，请悉知！', '', 0, NULL, '2023-11-25 07:56:45', '2023-11-29 09:33:09'),
(46, 1, 94, 79, '客户合同', 'contract_abnormal', '[\"{#\\u5408\\u540c\\u540d\\u79f0}\",\"{#\\u5408\\u540c\\u91d1\\u989d}\",\"{#\\u5408\\u540c\\u5f00\\u59cb\\u65f6\\u95f4}\",\"{#\\u5408\\u540c\\u7ed3\\u675f\\u65f6\\u95f4}\",\"{#\\u5ba2\\u6237\\u540d\\u79f0}\",\"{#\\u4e1a\\u52a1\\u5458}\",\"{#\\u89e6\\u53d1\\u65f6\\u95f4}\"]', 0, '合同异常提醒', '{#业务员}于{#触发时间}将{#合同名称}状态改为异常，请悉知！', '', 0, NULL, '2023-11-25 07:56:45', '2023-11-29 09:33:09'),
(47, 1, 95, 85, '个人办公', 'user_perfect', '[\"{#\\u4f01\\u4e1a\\u540d\\u79f0}\"]', 0, '邀请完善信息', '您当前所在企业{#企业名称}，邀请您完善个人档案信息。', '', 0, NULL, '2023-11-25 07:56:45', '2023-11-29 09:33:09'),
(48, 1, 98, 95, '企业动态', 'company_news', '[\"{#\\u4f01\\u4e1a\\u540d\\u79f0}\",\"{#\\u6587\\u7ae0\\u6807\\u9898}\"]', 0, '企业动态提醒', '您当前所在企业{#企业名称}，发布了一条新动态：{#文章标题}。', '', 0, NULL, '2023-11-25 07:56:45', '2023-11-29 09:33:09');

-- #消息分类
INSERT INTO `eb_message_category` (`id`, `pid`, `cate_name`, `path`, `sort`, `pic`, `is_show`, `uni_show`, `level`, `created_at`, `updated_at`) VALUES
(76, 0, '日常汇报', '', 0, 'https://oamanage.oss-accelerate.aliyuncs.com/attach/2022/12/d0815202212011510333943.png', 1, 1, 0, NULL, NULL),
(77, 0, '绩效考核', '', 0, 'https://oamanage.oss-accelerate.aliyuncs.com/attach/2022/12/06d29202212011508374041.png', 1, 1, 0, NULL, NULL),
(78, 0, '申请审批', '', 0, 'https://oamanage.oss-accelerate.aliyuncs.com/attach/2022/12/ecabb202212011508372111.png', 1, 1, 0, NULL, NULL),
(79, 0, '客户合同', '', 0, 'https://oamanage.oss-accelerate.aliyuncs.com/attach/2022/12/3ba5c202212011508377736.png', 1, 1, 0, NULL, NULL),
(80, 0, '财务审核', '', 0, 'https://oamanage.oss-accelerate.aliyuncs.com/attach/2022/12/99431202212011508379694.png', 1, 0, 0, NULL, NULL),
(81, 0, '待办日程', '', 0, 'https://oamanage.oss-accelerate.aliyuncs.com/attach/2022/12/9fc54202212011508376299.png', 1, 1, 0, NULL, NULL),
(82, 0, '人员异动', '', 0, 'https://oamanage.oss-accelerate.aliyuncs.com/attach/2022/12/6dd59202212011508374187.png', 1, 0, 0, NULL, NULL),
(83, 0, '企业注册', '', 0, 'https://oamanage.oss-accelerate.aliyuncs.com/attach/2022/12/6653e202212011508378268.png', 1, 0, 0, NULL, NULL),
(84, 0, '企业文件', '', 0, 'https://oamanage.oss-accelerate.aliyuncs.com/attach/2022/12/0d145202212011508373173.png', 1, 0, 0, NULL, NULL),
(85, 0, '个人办公', '', 0, 'https://oamanage.oss-accelerate.aliyuncs.com/attach/2022/12/8c2e5202212011508376657.png', 1, 0, 0, NULL, NULL),
(95, 0, '企业动态', '', 0, 'https://oamanage.oss-accelerate.aliyuncs.com/attach/2022/12/05d19202212011508376587.png', 1, 1, 0, NULL, NULL);

-- #消息模板
INSERT INTO `eb_message_template` (`id`, `relation_id`, `message_id`, `type`, `template_id`, `message_title`, `image`, `url`, `uni_url`, `status`, `relation_status`, `content_template`, `button_template`, `push_rule`, `minute`, `created_at`, `updated_at`, `deleted_at`) VALUES
(1, 5, 1, 0, '', '制定考核目标提醒', '', '/user/work/assessment', '', 1, 1, '您还未创建{#负责部门}的{#时间2}考核目标，请您尽快制定考核任务！！！', '{\"yes\":\"\\u7acb\\u5373\\u521b\\u5efa\"}', 0, 1, NULL, NULL, NULL),
(2, 6, 1, 1, '861030', '制定考核目标提醒', '', '', '', 1, 1, '您还未创建{#负责部门}的{#时间2}考核目标，请您尽快制定考核任务！！！', '', 0, 0, NULL, NULL, NULL),
(3, 7, 2, 0, '', '日报填写提醒', 'https://oamanage.oss-accelerate.aliyuncs.com/template/2022/12/d050320221228112434597.png', '/user/daily/myReport', '/pages/users/report/mine?type=0', 1, 1, '今天您还未填写日报，再忙也要记得总结沉淀哦！', '{\"yes\":\"\\u7acb\\u5373\\u586b\\u5199\"}', 0, 60, NULL, NULL, NULL),
(4, 8, 2, 1, '757972', '日报填写提醒', '', '', '', 1, 1, '今天您还未填写日报，再忙也要记得总结沉淀哦！', '', 0, 0, NULL, NULL, NULL),
(5, 49, 3, 0, '', '考核异常提醒', 'https://oamanage.oss-accelerate.aliyuncs.com/template/2022/08/b99d3202208031010505148.jpeg', '/user/assessment/departmentAssessment', '', 1, 1, '未找到{#被考核人}上{#时间1}考核任务，请核查原因！', '{\"yes\":\"\\u7acb\\u5373\\u67e5\\u770b\"}', 0, 1, NULL, NULL, NULL),
(6, 50, 3, 1, '758111', '考核异常提醒', '', '', '', 1, 1, '未找到{#被考核人}上{#时间1}考核任务，请核查原因！', '', 0, 0, NULL, NULL, NULL),
(7, 51, 4, 0, '', '开具发票申请', '', '/fd/invoice/pending', '', 1, 1, '{#业务员}于{#申请时间}申请{#关联合同}的发票开具，请您及时处理！', '{\"yes\":\"\\u7acb\\u5373\\u5904\\u7406\"}', 0, 1, NULL, NULL, NULL),
(8, 52, 4, 1, '766211', '开具发票申请', '', '', '', 1, 1, '{#业务员}于{#申请时间}申请{#关联合同}的发票开具，请您及时处理！', '', 0, 0, NULL, NULL, NULL),
(9, 53, 5, 0, '', '考核结束提醒', '', '/user/work/assessment', '/pages/users/assessment/default', 1, 1, '请注意{#考核名称}今日结束！', '{\"yes\":\"\\u7acb\\u5373\\u67e5\\u770b\"}', 0, 1, NULL, NULL, NULL),
(10, 54, 5, 1, '766238', '考核结束提醒', '', '', '', 1, 1, '请注意{#考核名称}今日结束！', '', 0, 0, NULL, NULL, NULL),
(11, 55, 6, 0, '', '绩效申诉请求', '', '/user/assessment/performanceAppraisal', '/pages/users/assessment/default', 1, 1, '{#申诉人}于{#申诉时间}提交了绩效考核申诉，请您及时处理！', '{\"yes\":\"\\u7acb\\u5373\\u5904\\u7406\"}', 0, 1, NULL, NULL, NULL),
(12, 56, 6, 1, '766240', '绩效申诉请求', '', '', '', 1, 1, '{#申诉人}于{#申诉时间}提交了绩效考核申诉，请您及时处理！', '', 0, 0, NULL, NULL, NULL),
(13, 57, 7, 0, '', '绩效申诉结果', '', '/user/assessment/myAssessment', '/pages/users/assessment/default', 1, 1, '您于{#申诉时间}提交的绩效考核申诉已完成，请注意查看结果！', '{\"yes\":\"\\u7acb\\u5373\\u67e5\\u770b\"}', 0, 1, NULL, NULL, NULL),
(14, 58, 7, 1, '766241', '绩效申诉结果', '', '', '', 1, 1, '您于{#申诉时间}提交的绩效考核申诉已完成，请注意查看结果！', '', 0, 0, NULL, NULL, NULL),
(15, 59, 8, 0, '', '开启考核提醒', '', '/user/assessment/departmentAssessment', '', 1, 1, '您还未开启{#负责部门}{#时间2}考核任务，请您尽快开启考核任务！', '{\"yes\":\"\\u4e00\\u952e\\u5f00\\u542f\"}', 0, 1, NULL, NULL, NULL),
(16, 60, 8, 1, '861033', '开启考核提醒', '', '', '', 1, 1, '您还未开启{#负责部门}{#时间2}考核任务，请您尽快开启考核任务！', '', 0, 0, NULL, NULL, NULL),
(17, 75, 9, 0, '', '自我评价提醒', '', '/user/assessment/myAssessment', '/pages/users/assessment/default', 1, 1, '您还未对{#考核名称}进行自我评价，请您尽快完成自我评价！', '{\"yes\":\"\\u7acb\\u5373\\u5904\\u7406\"}', 0, 1, NULL, NULL, NULL),
(18, 76, 9, 1, '861034', '自我评价提醒', '', '', '', 1, 1, '您还未对{#考核名称}进行自我评价，请您尽快完成自我评价！', '', 0, 0, NULL, NULL, NULL),
(19, 77, 10, 0, '', '上级评价提醒', '', '/user/assessment/departmentAssessment', '/pages/users/assessment/default', 1, 1, '您还未完成{#负责部门} {#考核名称}的考核评价，请您尽快处理！', '{\"yes\":\"\\u7acb\\u5373\\u5904\\u7406\"}', 0, 1, NULL, NULL, NULL),
(20, 78, 10, 1, '861036', '上级评价提醒', '', '', '', 1, 1, '您还未完成{#负责部门} {#考核名称}的考核评价，请您尽快处理！', '', 0, 0, NULL, NULL, NULL),
(21, 79, 11, 0, '', '考核目标发布', '', '/user/assessment/myAssessment', '/pages/users/assessment/default', 1, 1, '{#考核名称}目标已发布，请注意查看您的考核目标！', '{\"yes\":\"\\u7acb\\u5373\\u67e5\\u770b\"}', 0, 1, NULL, NULL, NULL),
(22, 80, 11, 1, '766275', '考核目标发布', '', '', '', 1, 1, '{#考核名称}目标已发布，请注意查看您的考核目标！', '', 0, 0, NULL, NULL, NULL),
(23, 81, 12, 0, '', '业务审批提醒', '', '/user/examine/approval', '/pages/users/examine/defaults', 1, 1, '{#申请人部门}  {#申请人}于{#申请时间}提交{#业务类型}，请您及时审批！', '{\"yes\":\"\\u7acb\\u5373\\u5904\\u7406\"}', 0, 1, NULL, NULL, NULL),
(24, 82, 12, 1, '861048', '业务审批提醒', '', '', '', 1, 1, '{#申请人部门}  {#申请人}于{#申请时间}提交{#业务类型}，请您及时审批！', '', 0, 0, NULL, NULL, NULL),
(25, 83, 13, 0, '', '业务撤回提醒', '', '/user/examine/approval', '/pages/users/examine/defaults', 1, 1, '因特殊原因，您已审批通过的 {#申请人单位}{#申请人}于{#申请时间}发起的{#业务类型}申请，已撤销！', '{\"yes\":\"\\u67e5\\u770b\\u8be6\\u60c5\"}', 0, 1, NULL, NULL, NULL),
(26, 84, 13, 1, '876377', '业务撤回提醒', '', '', '', 1, 1, '因特殊原因，您已审批通过的 {#申请人单位}{#申请人}于{#申请时间}发起的{#业务类型}申请，已撤销！', '', 0, 0, NULL, NULL, NULL),
(27, 85, 14, 0, '', '审批通过提醒', '', '/user/examine/mine', '/pages/users/examine/defaults', 1, 1, '{#申请人部门}{#申请人}于{#申请时间}提交的{#业务类型}申请，已通过审批！', '{\"yes\":\"\\u7acb\\u5373\\u67e5\\u770b\"}', 0, 1, NULL, NULL, NULL),
(28, 86, 14, 1, '766282', '审批通过提醒', '', '', '', 1, 1, '{#申请人部门}{#申请人}于{#申请时间}提交的{#业务类型}申请，已通过审批！', '', 0, 0, NULL, NULL, NULL),
(29, 87, 15, 0, '', '审批抄送提醒', '', '/business/record', '/pages/users/examine/defaults', 1, 1, '{#申请人部门}{#申请人}于{#申请时间}提交的{#业务类型}申请，已通过审批！', '{\"yes\":\"\\u7acb\\u5373\\u67e5\\u770b\"}', 0, 1, NULL, NULL, NULL),
(30, 88, 15, 1, '766282', '审批抄送提醒', '', '', '', 1, 1, '{#申请人部门}{#申请人}于{#申请时间}提交的{#业务类型}申请，已通过审批！', '', 0, 0, NULL, NULL, NULL),
(31, 89, 16, 0, '', '审批未通过提醒', '', '/user/examine/mine', '/pages/users/examine/defaults', 1, 1, '您提交的{#业务类型}申请，未通过审批！', '{\"yes\":\"\\u7acb\\u5373\\u67e5\\u770b\"}', 0, 1, NULL, NULL, NULL),
(32, 90, 16, 1, '778420', '审批未通过提醒', '', '', '', 1, 1, '您提交的{#业务类型}申请，未通过审批！', '', 0, 0, NULL, NULL, NULL),
(33, 91, 17, 0, '', '日报查看提醒', '', '/user/daily/departmentReport', '/pages/users/report/mine', 1, 1, '{#汇报人}的{#汇报类型}已提交，请及时查看！', '{\"yes\":\"\\u7acb\\u5373\\u67e5\\u770b\"}', 0, 1, NULL, NULL, NULL),
(34, 92, 17, 1, '771145', '日报查看提醒', '', '', '', 1, 1, '{#汇报人}的{#汇报类型}已提交，请及时查看！', '', 0, 0, NULL, NULL, NULL),
(35, 93, 18, 0, '', '续费即将到期提醒', '', '/customer/list/iMResponsible', '/pages/customer/contract/details', 1, 1, '{#合同名称} {#续费类型}余额剩余30天，请记得联系客户进行续费哦！', '{\"yes\":\"\\u67e5\\u770b\\u8be6\\u60c5\"}', 0, 1, NULL, NULL, NULL),
(36, 94, 18, 1, '766291', '续费即将到期提醒', '', '', '', 1, 1, '{#合同名称} {#续费类型}余额剩余30天，请记得联系客户进行续费哦！', '', 0, 0, NULL, NULL, NULL),
(37, 95, 19, 0, '', '续费今日到期提醒', '', '/customer/list/iMResponsible', '', 1, 1, '{#合同名称} {#续费类型}今日到期，请立刻联系客户进行续费哦！', '{\"yes\":\"\\u67e5\\u770b\\u8be6\\u60c5\"}', 0, 1, NULL, NULL, NULL),
(38, 96, 19, 1, '766292', '续费今日到期提醒', '', '', '', 1, 1, '{#合同名称} {#续费类型}今日到期，请立刻联系客户进行续费哦！', '', 0, 0, NULL, NULL, NULL),
(39, 97, 20, 0, '', '续费过期提醒', '', '/customer/list/iMResponsible', '', 1, 1, '{#合同名称} {#续费类型}已超期，请立刻联系客户进行核实续费哦！', '{\"yes\":\"\\u7acb\\u5373\\u67e5\\u770b\"}', 0, 1, NULL, NULL, NULL),
(40, 98, 20, 1, '766294', '续费过期提醒', '', '', '', 1, 1, '{#合同名称} {#续费类型}已超期，请立刻联系客户进行核实续费哦！', '', 0, 0, NULL, NULL, NULL),
(41, 99, 21, 0, '', '回款核对请求', '', '/fd/examine/pending', '', 1, 1, '{#业务员}于{#申请时间}申请{#关联合同名称}的合同回款核对，请您及时审核！', '{\"yes\":\"\\u7acb\\u5373\\u5904\\u7406\"}', 0, 1, NULL, NULL, NULL),
(42, 100, 21, 1, '834676', '回款核对请求', '', '', '', 1, 1, '{#业务员}于{#申请时间}申请{#关联合同名称}的合同回款核对，请您及时审核！', '', 0, 0, NULL, NULL, NULL),
(43, 101, 22, 0, '', '续费核对请求', '', '/fd/examine/pending', '', 1, 1, '{#业务员}于{#申请时间}申请{#关联合同名称}的合同续费核对，请您及时审核！', '{\"yes\":\"\\u7acb\\u5373\\u5904\\u7406\"}', 0, 1, NULL, NULL, NULL),
(44, 102, 22, 1, '834677', '续费核对请求', '', '', '', 1, 1, '{#业务员}于{#申请时间}申请{#关联合同名称}的合同续费核对，请您及时审核！', '', 0, 0, NULL, NULL, NULL),
(45, 103, 23, 0, '', '付款审核通过', '', '/customer/contract/iMResponsible', '', 1, 1, '您于{#申请时间}申请{#关联合同名称}的合同款项核对已通过！', '{\"yes\":\"\\u7acb\\u5373\\u67e5\\u770b\"}', 0, 1, NULL, NULL, NULL),
(46, 104, 23, 1, '861039', '付款审核通过', '', '', '', 1, 1, '您于{#申请时间}申请{#关联合同名称}的合同款项核对已通过！', '', 0, 0, NULL, NULL, NULL),
(47, 105, 24, 0, '', '付款审核未通过', '', '/customer/contract/iMResponsible', '', 1, 1, '您于{#申请时间}申请{#关联合同}的合同款项核对未通过，备注：{#备注内容}。', '{\"yes\":\"\\u7acb\\u5373\\u67e5\\u770b\"}', 0, 1, NULL, NULL, NULL),
(48, 106, 24, 1, '766300', '付款审核未通过', '', '', '', 1, 1, '您于{#申请时间}申请{#关联合同}的合同款项核对未通过，备注：{#备注内容}。', '', 0, 0, NULL, NULL, NULL),
(49, 107, 25, 0, '', '发票已开具提醒', '', '/customer/invoice/iMResponsible', '/pages/customer/invoice/details', 1, 1, '您于{#申请时间}申请{#关联合同名称}的发票已开具，请您及时查看！', '{\"yes\":\"\\u7acb\\u5373\\u67e5\\u770b\"}', 0, 1, NULL, NULL, NULL),
(50, 108, 25, 1, '775589', '发票已开具提醒', '', '', '', 1, 1, '您于{#申请时间}申请{#关联合同名称}的发票已开具，请您及时查看！', '', 0, 0, NULL, NULL, NULL),
(51, 111, 27, 0, '', '待办任务提醒', '', '/user/calendar/index', '/pages/users/schedule/index', 1, 1, '您有一条个人待办任务，请记得处理哦！待办内容【{#待办内容}】', '{\"yes\":\"\\u7acb\\u5373\\u5904\\u7406\"}', 0, 1, NULL, NULL, NULL),
(52, 112, 27, 1, '771129', '待办任务提醒', '', '', '', 1, 1, '您有一条个人待办任务，请记得处理哦！待办内容【{#待办内容}】', '', 0, 0, NULL, NULL, NULL),
(53, 113, 28, 0, '', '待办任务提醒', '', '/customer/list/iMResponsible', '/pages/users/schedule/index', 1, 1, '您有一条客户跟进任务，请记得处理哦！提醒内容【{#待办内容}】', '{\"yes\":\"\\u7acb\\u5373\\u67e5\\u770b\"}', 0, 1, NULL, NULL, NULL),
(54, 114, 28, 1, '767250', '待办任务提醒', '', '', '', 1, 1, '您有一条客户跟进任务，请记得处理哦！提醒内容【{#待办内容}】', '', 0, 0, NULL, NULL, NULL),
(55, 115, 29, 0, '', '合同待办提醒', '', '/customer/contract/iMResponsible', '/pages/users/schedule/index', 1, 1, '您有一条{#待办类型}任务，请记得处理哦！提醒内容【{#待办内容}】', '{\"yes\":\"\\u7acb\\u5373\\u67e5\\u770b\"}', 0, 1, NULL, NULL, NULL),
(56, 116, 29, 1, '778077', '合同待办提醒', '', '', '', 1, 1, '您有一条{#待办类型}任务，请记得处理哦！提醒内容【{#待办内容}】', '', 0, 0, NULL, NULL, NULL),
(57, 117, 30, 0, '', '发票审核未通过', '', '/customer/invoice/iMResponsible', '/pages/customer/invoice/details', 1, 1, '您于{#申请时间}申请{#关联合同名称}的发票审核未通过，备注：{#备注内容}！', '{\"yes\":\"\\u7acb\\u5373\\u67e5\\u770b\"}', 0, 1, NULL, NULL, NULL),
(58, 118, 30, 1, '766318', '发票审核未通过', '', '', '', 1, 1, '您于{#申请时间}申请{#关联合同名称}的发票审核未通过，备注：{#备注内容}！', '', 0, 0, NULL, NULL, NULL),
(59, 121, 32, 0, '', '上级评分结果', '', '/user/assessment/myAssessment', '/pages/users/assessment/default', 1, 1, '{#考核名称}上级评价已结束，您的上级评价得分为：{#上级评价得分}分！', '{\"yes\":\"\\u67e5\\u770b\\u8be6\\u60c5\"}', 0, 1, NULL, NULL, NULL),
(60, 122, 32, 1, '766321', '上级评分结果', '', '', '', 1, 1, '{#考核名称}上级评价已结束，您的上级评价得分为：{#上级评价得分}分！', '', 0, 0, NULL, NULL, NULL),
(61, 123, 33, 0, '', '考核结果通知', '', '/user/assessment/myAssessment', '/pages/users/assessment/default', 1, 1, '{#考核名称}已结束，您的最终考核得分为：{#最终得分}分！', '{\"yes\":\"\\u67e5\\u770b\\u8be6\\u60c5\"}', 0, 1, NULL, NULL, NULL),
(62, 124, 33, 1, '766322', '考核结果通知', '', '', '', 1, 1, '{#考核名称}已结束，您的最终考核得分为：{#最终得分}分！', '', 0, 0, NULL, NULL, NULL),
(63, 125, 34, 0, '', '平台审核通过提醒', '', '/user/company/settleIn', '', 1, 1, '您提交的企业【{#企业名称}】资料已通过平台审核，请您重新登录系统，快来体验吧！', '{\"yes\":\"\\u9000\\u51fa\\u767b\\u5f55\"}', 0, 1, NULL, NULL, NULL),
(64, 126, 34, 1, '770664', '平台审核通过提醒', '', '', '', 1, 1, '您提交的企业【{#企业名称}】资料已通过平台审核，请您重新登录系统，快来体验吧！', '', 0, 0, NULL, NULL, NULL),
(65, 127, 35, 0, '', '平台审核未通过提醒', '', '/user/company/settleIn', '', 1, 1, '您提交的企业【{#企业名称}】资料未通过平台审核，请您核对后重新提交注册！', '{\"yes\":\"\\u7acb\\u5373\\u5904\\u7406\"}', 0, 1, NULL, NULL, NULL),
(66, 128, 35, 1, '770667', '平台审核未通过提醒', '', '', '', 1, 1, '您提交的企业【{#企业名称}】资料未通过平台审核，请您核对后重新提交注册！', '', 0, 0, NULL, NULL, NULL),
(67, 129, 36, 0, '', '人员申请加入提醒', '', '/hr/enterprise/group', '', 1, 1, '{#申请人员姓名}申请加入我们{#企业名称}大家庭，请您尽快处理哦！', '{\"yes\":\"\\u7acb\\u5373\\u5904\\u7406\"}', 0, 1, NULL, NULL, NULL),
(68, 130, 36, 1, '766352', '人员申请加入提醒', '', '', '', 1, 1, '{#申请人员姓名}申请加入我们{#企业名称}大家庭，请您尽快处理哦！', '', 0, 0, NULL, NULL, NULL),
(69, 133, 38, 0, '', '人员拒绝加入提醒', '', '/hr/enterprise/group', '', 1, 1, '{#申请人员姓名}已拒绝加入企业，请核实原因！', '{\"yes\":\"\\u7acb\\u5373\\u67e5\\u770b\"}', 0, 1, NULL, NULL, NULL),
(70, 134, 38, 1, '766354', '人员拒绝加入提醒', '', '', '', 1, 1, '{#申请人员姓名}已拒绝加入企业，请核实原因！', '', 0, 0, NULL, NULL, NULL),
(71, 135, 39, 0, '', '企业邀请提醒', '', '/user/company/apply', '', 1, 1, '{#企业名称}邀请您加入该企业，请您尽快处理哦！', '{\"yes\":\"\\u7acb\\u5373\\u5904\\u7406\"}', 0, 1, NULL, NULL, NULL),
(72, 136, 39, 1, '778413', '企业邀请提醒', '', '', '', 1, 1, '{#企业名称}邀请您加入该企业，请您尽快处理哦！', '', 0, 0, NULL, NULL, NULL),
(73, 137, 40, 0, '', '日报修改查看提醒', '', '/user/daily/departmentReport', '/pages/users/report/mine', 1, 1, '{#汇报人}的{#汇报类型}已更新，请及时查看！', '{\"yes\":\"\\u7acb\\u5373\\u67e5\\u770b\"}', 0, 1, NULL, NULL, NULL),
(74, 138, 40, 1, '766356', '日报修改查看提醒', '', '', '', 1, 1, '{#汇报人}的{#汇报类型}已更新，请及时查看！', '', 0, 0, NULL, NULL, NULL),
(75, 139, 41, 0, '', '合同即将到期提醒', '', '/customer/contract/iMResponsible', '/pages/customer/contract/details', 1, 1, '{#合同名称}剩余30天结束，请立刻联系客户沟通后续工作哦！', '{\"yes\":\"\\u67e5\\u770b\\u8be6\\u60c5\"}', 0, 1, NULL, NULL, NULL),
(76, 140, 41, 1, '766357', '合同即将到期提醒', '', '', '', 1, 1, '{#合同名称}剩余30天结束，请立刻联系客户沟通后续工作哦！', '', 0, 0, NULL, NULL, NULL),
(77, 141, 42, 0, '', '合同今日到期提醒', '', '/customer/contract/iMResponsible', '/pages/customer/contract/details', 1, 1, '{#合同名称}今日到期，请记得联系客户沟通后续工作哦！', '{\"yes\":\"\\u67e5\\u770b\\u8be6\\u60c5\"}', 0, 1, NULL, NULL, NULL),
(78, 142, 42, 1, '766358', '合同今日到期提醒', '', '', '', 1, 1, '{#合同名称}今日到期，请记得联系客户沟通后续工作哦！', '', 0, 0, NULL, NULL, NULL),
(79, 143, 43, 0, '', '文件删除提醒', '', '/user/cloudfile', '', 1, 1, '{#创建人}创建的{#文件名称}文件已被{#删除人}删除，请悉知！', '{\"yes\":\"\\u7acb\\u5373\\u67e5\\u770b\"}', 0, 1, NULL, NULL, NULL),
(80, 144, 43, 1, '778423', '文件删除提醒', '', '', '', 1, 1, '{#创建人}创建的{#文件名称}文件已被{#删除人}删除，请悉知！', '', 0, 0, NULL, NULL, NULL),
(81, 145, 44, 0, '', '文件新增提醒', '', '/user/cloudfile', '', 1, 1, '{#创建人}于{#创建时间}创建了新文件，请悉知！', '{\"yes\":\"\\u7acb\\u5373\\u67e5\\u770b\"}', 0, 1, NULL, NULL, NULL),
(82, 146, 44, 1, '778424', '文件新增提醒', '', '', '', 1, 1, '{#创建人}于{#创建时间}创建了新文件，请悉知！', '', 0, 0, NULL, NULL, NULL),
(83, 147, 45, 0, '', '文件阅读提醒', '', '/user/cloudfile', '', 1, 1, '{#阅读人}查阅了您创建的{#文件名称}文件，请悉知！', '{\"yes\":\"\\u67e5\\u770b\\u8be6\\u60c5\"}', 0, 1, NULL, NULL, NULL),
(84, 148, 45, 1, '778223', '文件阅读提醒', '', '', '', 1, 1, '{#阅读人}查阅了您创建的{#文件名称}文件，请悉知！', '', 0, 0, NULL, NULL, NULL),
(85, 149, 46, 0, '', '合同异常提醒', '', '/customer/contract/iMResponsible', '/pages/customer/invoice/details', 1, 1, '{#业务员}于{#触发时间}将{#合同名称}状态改为异常，请悉知！', '{\"yes\":\"\\u67e5\\u770b\\u8be6\\u60c5\"}', 0, 1, NULL, NULL, NULL),
(86, 150, 46, 1, '770575', '合同异常提醒', '', '', '', 1, 1, '{#业务员}于{#触发时间}将{#合同名称}状态改为异常，请悉知！', '', 0, 0, NULL, NULL, NULL),
(87, 151, 47, 0, '778413', '邀请完善信息', '', '/user/resume', '', 1, 1, '您当前所在企业{#企业名称}，邀请您完善个人档案信息。', '{\"yes\":\"\\u53bb\\u5904\\u7406\"}', 0, 1, NULL, NULL, NULL),
(88, 153, 48, 0, '', '企业动态提醒', '', '/user/notice/index', '/pages/users/noticeDefault/index', 1, 1, '您当前所在企业{#企业名称}，发布了一条新动态：{#文章标题}。', '{\"yes\":\"\\u67e5\\u770b\"}', 0, 1, NULL, NULL, NULL),
(89, 154, 48, 1, '', '企业动态提醒', '', '', '', 1, 1, '您当前所在企业{#企业名称}，发布了一条新动态：{#文章标题}。', '', 0, 0, NULL, NULL, NULL);

-- #晋升
INSERT INTO `eb_promotion` (`id`, `name`, `sort`, `status`, `created_at`, `updated_at`, `deleted_at`) VALUES
(1, '销售岗位', 1, 1, '2023-11-23 10:12:49', '2023-11-23 10:12:49', NULL);

-- #晋升数据
INSERT INTO `eb_promotion_data` (`id`, `promotion_id`, `position`, `total`, `benefit`, `standard`, `sort`, `created_at`, `updated_at`, `deleted_at`) VALUES
(1, 1, '[\"52\"]', '0.00', '{\"basicSalary\":\"6000\",\"performance\":\"2000\",\"commission\":\"12%\",\"teamAward\":\"1.5%\",\"dividends\":\"1%\"}', '', 0, '2023-11-23 10:29:48', '2023-11-23 10:33:23', NULL),
(2, 1, '[\"53\"]', '0.00', '{\"basicSalary\":\"5000\",\"performance\":\"1500\",\"commission\":\"12%\",\"teamAward\":\"1%\",\"dividends\":\"0\"}', '', 0, '2023-11-23 10:30:30', '2023-11-23 10:30:30', NULL),
(3, 1, '[\"54\"]', '0.00', '{\"basicSalary\":\"4000\",\"performance\":\"1000\",\"commission\":\"12%\",\"teamAward\":\"1%\",\"dividends\":\"0\"}', '', 0, '2023-11-23 10:30:51', '2023-11-23 10:33:04', NULL),
(4, 1, '[\"55\"]', '0.00', '{\"basicSalary\":\"3500\",\"performance\":\"800\",\"commission\":\"10%\",\"teamAward\":\"0\",\"dividends\":\"0\"}', '', 0, '2023-11-23 10:32:19', '2023-11-23 10:32:19', NULL),
(5, 1, '[\"56\"]', '0.00', '{\"basicSalary\":\"3000\",\"performance\":\"600\",\"commission\":\"10%\",\"teamAward\":\"0\",\"dividends\":\"0\"}', '', 0, '2023-11-23 10:32:35', '2023-11-23 10:32:35', NULL),
(6, 1, '[\"57\"]', '0.00', '{\"basicSalary\":\"2500\",\"performance\":\"400\",\"commission\":\"10%\",\"teamAward\":\"0\",\"dividends\":\"0\"}', '', 0, '2023-11-23 10:32:55', '2023-11-23 10:32:55', NULL);

-- #职级
INSERT INTO `eb_rank` (`id`, `name`, `entid`, `cate_id`, `card_id`, `alias`, `info`, `number`, `status`, `created_at`, `updated_at`) VALUES
(1, 'M4', 1, 1, 1, '总经理级', '', 0, 0, NULL, NULL),
(2, 'M3', 1, 1, 1, '副总级', '', 0, 0, NULL, NULL),
(3, 'M2', 1, 1, 1, '总监级', '', 0, 0, NULL, NULL),
(4, 'M1', 1, 1, 1, '经理级', '', 0, 0, NULL, NULL),
(5, 'P7', 1, 2, 1, '首席专家', '', 0, 0, NULL, NULL),
(6, 'P6', 1, 2, 1, '高级专家', '', 0, 0, NULL, NULL),
(7, 'P5', 1, 2, 1, '专家', '', 0, 0, NULL, NULL),
(8, 'P4', 1, 2, 1, '高级工程师', '', 0, 0, NULL, NULL),
(9, 'P3', 1, 2, 1, '中级工程师', '', 0, 0, NULL, NULL),
(10, 'P2', 1, 2, 1, '初级工程师', '初级工程师', 0, 0, NULL, NULL),
(11, 'P1', 1, 2, 1, '助理工程师', '', 0, 0, NULL, NULL),
(12, 'A4', 1, 3, 1, '资深文员', '', 0, 0, NULL, NULL),
(13, 'A3', 1, 3, 1, '高级文员', '', 0, 0, NULL, NULL),
(14, 'A2', 1, 3, 1, '文员', '', 0, 0, NULL, NULL),
(15, 'A1', 1, 3, 1, '实习职员', '', 0, 0, NULL, NULL),
(16, 'M0', 1, 1, 1, '主管级', '', 0, 0, '2023-11-23 10:17:11', '2023-11-23 10:24:07'),
(17, 'S3', 1, 4, 1, '高级销售', '', 0, 0, '2023-11-23 10:19:27', '2023-11-23 10:19:27'),
(18, 'S2', 1, 4, 1, '销售员', '', 0, 0, '2023-11-23 10:19:44', '2023-11-23 10:19:44'),
(19, 'S1', 1, 4, 1, '见习销售', '', 0, 0, '2023-11-23 10:19:57', '2023-11-23 10:20:05');

-- #职位分类
INSERT INTO `eb_rank_category` (`id`, `entid`, `name`, `number`, `created_at`, `updated_at`) VALUES
(1, 1, '管理岗', 0, NULL, NULL),
(2, 1, '技术岗', 0, NULL, NULL),
(3, 1, '行政文员岗', 0, NULL, NULL),
(4, 1, '销售岗', 0, '2023-11-23 10:19:00', '2023-11-23 10:19:00');

-- #职位描述
INSERT INTO `eb_rank_job` (`id`, `entid`, `name`, `cate_id`, `rank_id`, `card_id`, `job_count`, `describe`, `duty`, `status`, `created_at`, `updated_at`) VALUES
(1, 1, '总经理', 1, 1, 1, 1, '', '<p style=\"margin-top: 0px; margin-bottom: 16px; white-space: normal; font-family: Calibri; line-height: 32px;\"><span style=\"font-size: 18px;\"><strong><span style=\"letter-spacing: 0px; font-family: 微软雅黑, &quot;Microsoft YaHei&quot;;\">一、主持会议</span></strong></span><span style=\"font-size: 16px;\"><strong><span style=\"letter-spacing: 0px; font-family: 微软雅黑, &quot;Microsoft YaHei&quot;;\"></span></strong><span style=\"letter-spacing: 0px; font-family: 微软雅黑, &quot;Microsoft YaHei&quot;;\"><br/></span></span></p><p style=\"margin-top: 0px; margin-bottom: 16px; white-space: normal; font-family: Calibri; line-height: 32px;\"><span style=\"line-height: 48px; letter-spacing: 0px; font-family: 微软雅黑, &quot;Microsoft YaHei&quot;; font-size: 16px;\">主持召开股东大会、董事会议，并负责上述会议的决议的贯彻落实。</span></p><p style=\"margin-top: 0px; margin-bottom: 16px; white-space: normal; font-family: Calibri; line-height: 32px;\"><span style=\"font-size: 18px;\"><strong><span style=\"line-height: 48px; letter-spacing: 0px; font-family: 微软雅黑, &quot;Microsoft YaHei&quot;;\">二、发展规划</span></strong></span></p><p style=\"margin-top: 0px; margin-bottom: 16px; white-space: normal; font-family: Calibri; line-height: 32px;\"><span style=\"line-height: 48px; letter-spacing: 0px; font-family: 微软雅黑, &quot;Microsoft YaHei&quot;; font-size: 16px;\">召集和主持管理委员会会议，组织讨论和决定公司的发展规划目标、经营方针、年度经营计划及日常经营工作中的重大事项。</span></p><p style=\"margin-top: 0px; margin-bottom: 16px; white-space: normal; font-family: Calibri; line-height: 32px;\"><span style=\"font-size: 18px;\"><strong><span style=\"line-height: 48px; letter-spacing: 0px; font-family: 微软雅黑, &quot;Microsoft YaHei&quot;;\">三、决策审核</span></strong></span></p><p style=\"margin-top: 0px; margin-bottom: 16px; white-space: normal; font-family: Calibri; line-height: 32px;\"><span style=\"line-height: 48px; letter-spacing: 0px; font-family: 微软雅黑, &quot;Microsoft YaHei&quot;; font-size: 16px;\">召集和主持产品开发、销售、市场动态，公司发展投入规划社会市场决策和可行性额算审核。</span></p><p style=\"margin-top: 0px; margin-bottom: 16px; white-space: normal; font-family: Calibri; line-height: 32px;\"><span style=\"font-size: 18px;\"><strong><span style=\"line-height: 48px; letter-spacing: 0px; font-family: 微软雅黑, &quot;Microsoft YaHei&quot;;\">四、把控财务</span></strong></span></p><p style=\"margin-top: 0px; margin-bottom: 16px; white-space: normal; font-family: Calibri; line-height: 32px;\"><span style=\"line-height: 48px; letter-spacing: 0px; font-family: 微软雅黑, &quot;Microsoft YaHei&quot;; font-size: 16px;\">主持财务资金的运行，筹集审批、审阅公司的财务报表和其它重要报表，全盘控制公司的财务活动状况。</span></p><p style=\"margin-top: 0px; margin-bottom: 16px; white-space: normal; font-family: Calibri; line-height: 32px;\"><span style=\"font-size: 18px;\"><strong><span style=\"line-height: 48px; letter-spacing: 0px; font-family: 微软雅黑, &quot;Microsoft YaHei&quot;;\">五、高层管理</span></strong></span></p><p style=\"margin-top: 0px; margin-bottom: 16px; white-space: normal; font-family: Calibri; line-height: 32px;\"><span style=\"line-height: 48px; letter-spacing: 0px; font-family: 微软雅黑, &quot;Microsoft YaHei&quot;; font-size: 16px;\">决定公司高层管理人员的聘用和解职、报酬、待遇和支付方式，并报董事会批准备案。签署批准调入公司的各级管理人员。</span></p><p style=\"margin-top: 0px; margin-bottom: 16px; white-space: normal; font-family: Calibri; line-height: 32px;\"><span style=\"font-size: 18px;\"><strong><span style=\"line-height: 48px; letter-spacing: 0px; font-family: 微软雅黑, &quot;Microsoft YaHei&quot;;\">六、重要文件审核</span></strong></span></p><p style=\"margin-top: 0px; margin-bottom: 16px; white-space: normal; font-family: Calibri; line-height: 32px;\"><span style=\"line-height: 48px; letter-spacing: 0px; font-family: 微软雅黑, &quot;Microsoft YaHei&quot;; font-size: 16px;\">签署对外上报、印发的各种重要报表、文件、资料。</span></p><p style=\"margin-top: 0px; margin-bottom: 16px; white-space: normal; font-family: Calibri; line-height: 32px;\"><span style=\"font-size: 18px;\"><strong><span style=\"line-height: 48px; letter-spacing: 0px; font-family: 微软雅黑, &quot;Microsoft YaHei&quot;;\">七、重大事项处理</span></strong></span></p><p style=\"margin-top: 0px; margin-bottom: 16px; white-space: normal; font-family: Calibri; line-height: 32px;\"><span style=\"line-height: 48px; letter-spacing: 0px; font-family: 微软雅黑, &quot;Microsoft YaHei&quot;; font-size: 16px;\">处理检督部门的管理工作的重大事项。</span></p><p style=\"margin-top: 0px; margin-bottom: 16px; white-space: normal; font-family: Calibri; line-height: 32px;\"><span style=\"font-size: 18px;\"><strong><span style=\"line-height: 48px; letter-spacing: 0px; font-family: 微软雅黑, &quot;Microsoft YaHei&quot;;\">八、总结审核</span></strong></span></p><p style=\"margin-top: 0px; margin-bottom: 16px; white-space: normal; font-family: Calibri; line-height: 32px;\"><span style=\"line-height: 48px; letter-spacing: 0px; font-family: 微软雅黑, &quot;Microsoft YaHei&quot;; font-size: 16px;\">组织审批公司实现规划目标业绩，主持公司内外的一切重大活动。</span></p>', 1, NULL, '2023-11-23 14:57:08'),
(2, 1, '副总经理', 1, 2, 1, 0, '', '<h2 style=\"white-space: normal; margin-top: 7px; margin-bottom: 7px; font-family: 宋体; font-size: 24px; line-height: 48px;\"><span style=\"font-size: 18px;\"><strong><span style=\"font-family: 微软雅黑;\">一</span></strong><strong><span style=\"font-family: 微软雅黑;\">、</span></strong><strong><span style=\"font-family: 微软雅黑;\">战略决策职责</span></strong></span></h2><p style=\"margin-top: 7px; margin-bottom: 7px; white-space: normal; font-family: Calibri; line-height: 32px;\"><span style=\"font-family: 微软雅黑; line-height: 42.6667px; font-size: 16px;\">1. 研究企业发展方向，审核公司发展战略;</span></p><p style=\"margin-top: 7px; margin-bottom: 7px; white-space: normal; font-family: Calibri; line-height: 32px;\"><span style=\"font-family: 微软雅黑; line-height: 42.6667px; font-size: 16px;\">2. 负责公司重大经营决策的研究与审核;</span></p><p style=\"margin-top: 7px; margin-bottom: 7px; white-space: normal; font-family: Calibri; line-height: 32px;\"><span style=\"font-family: 微软雅黑; line-height: 42.6667px; font-size: 16px;\">3. 对公司提出的重大投融资项目进行审核;</span></p><p style=\"margin-top: 7px; margin-bottom: 7px; white-space: normal; font-family: Calibri; line-height: 32px;\"><span style=\"font-family: 微软雅黑; line-height: 42.6667px; font-size: 16px;\">4. 对公司年度投资计划及经营计划进行审核。</span></p><h2 style=\"white-space: normal; margin-top: 7px; margin-bottom: 7px; font-family: 宋体; font-size: 24px; line-height: 48px;\"><span style=\"font-size: 18px;\"><strong><span style=\"font-family: 微软雅黑;\">二</span></strong><strong><span style=\"font-family: 微软雅黑;\">、</span></strong><strong><span style=\"font-family: 微软雅黑;\">战略发展职责</span></strong></span></h2><p style=\"margin-top: 7px; margin-bottom: 7px; white-space: normal; font-family: Calibri; line-height: 32px;\"><span style=\"font-family: 微软雅黑; line-height: 42.6667px; font-size: 16px;\">1. 负责制订公司中长期发展战略;</span></p><p style=\"margin-top: 7px; margin-bottom: 7px; white-space: normal; font-family: Calibri; line-height: 32px;\"><span style=\"font-family: 微软雅黑; line-height: 42.6667px; font-size: 16px;\">2. 负责制订公司战略规划流程，主持公司年度经营计划的制订，协助各分子公司制定战略规划和年度经营计划;</span></p><p style=\"margin-top: 7px; margin-bottom: 7px; white-space: normal; font-family: Calibri; line-height: 32px;\"><span style=\"font-family: 微软雅黑; line-height: 42.6667px; font-size: 16px;\">3. 分析公司的经营现状以及各业务单位在行业内的地位，对公司已进入和将要进入的区域细分市场做出市场状况的分析;</span></p><p style=\"margin-top: 7px; margin-bottom: 7px; white-space: normal; font-family: Calibri; line-height: 32px;\"><span style=\"font-family: 微软雅黑; line-height: 42.6667px; font-size: 16px;\">4. 收集国内外同行业先进企业资料，总结先进经营理念、管理体制、管理方法，提高内部管理水平，为公司提高核心竞争力、加强技术提供建设性意见;<br/>5. 根据战略规划的要求，组织和策划与国内外合作者的战略合作;</span></p><p style=\"margin-top: 7px; margin-bottom: 7px; white-space: normal; font-family: Calibri; line-height: 32px;\"><span style=\"font-family: 微软雅黑; line-height: 42.6667px; font-size: 16px;\">6. 管理和维护公司的技术专利、知识产权等无形资产，对公司品牌进行统一协调管理。</span></p><h2 style=\"white-space: normal; margin-top: 7px; margin-bottom: 7px; font-family: 宋体; font-size: 24px; line-height: 48px;\"><span style=\"font-size: 18px;\"><strong><span style=\"font-family: 微软雅黑;\">三</span></strong><strong><span style=\"font-family: 微软雅黑;\">、</span></strong><strong><span style=\"font-family: 微软雅黑;\">经营管理职责</span></strong></span></h2><p style=\"margin-top: 7px; margin-bottom: 7px; white-space: normal; font-family: Calibri; line-height: 32px;\"><span style=\"font-family: 微软雅黑; line-height: 42.6667px; font-size: 16px;\">1. 负责公司资产管理、股权管理、经营审计;</span></p><p style=\"margin-top: 7px; margin-bottom: 7px; white-space: normal; font-family: Calibri; line-height: 32px;\"><span style=\"font-family: 微软雅黑; line-height: 42.6667px; font-size: 16px;\">2. 负责公司与各分子公司之间的报告报审制度的建立、执行与监督;</span></p><p style=\"margin-top: 7px; margin-bottom: 7px; white-space: normal; font-family: Calibri; line-height: 32px;\"><span style=\"font-family: 微软雅黑; line-height: 42.6667px; font-size: 16px;\">3. 负责总公司与各分子公司的日常工作协调及对其的运营监控、经营审计;</span></p><p style=\"margin-top: 7px; margin-bottom: 7px; white-space: normal; font-family: Calibri; line-height: 32px;\"><span style=\"font-family: 微软雅黑; line-height: 42.6667px; font-size: 16px;\">4. 负责建立并完善公司经营管理制度;</span></p><p style=\"margin-top: 7px; margin-bottom: 7px; white-space: normal; font-family: Calibri; line-height: 32px;\"><span style=\"font-family: 微软雅黑; line-height: 42.6667px; font-size: 16px;\">5. 负责公司重大投资事项的跟踪检查，帮助解决各种实际问题，协调各方关系;</span></p><p style=\"margin-top: 7px; margin-bottom: 7px; white-space: normal; font-family: Calibri; line-height: 32px;\"><span style=\"font-family: 微软雅黑; line-height: 42.6667px; font-size: 16px;\">6. 检查公司年度经营计划执行情况;</span></p><p style=\"margin-top: 7px; margin-bottom: 7px; white-space: normal; font-family: Calibri; line-height: 32px;\"><span style=\"font-family: 微软雅黑; line-height: 42.6667px; font-size: 16px;\">7. 定期收集各分子公司与董事会、股东会议案与决议、重大经营决策(投融资、产权变动)、预决算预案与草案、规划和计划、内部重大结构调整方案、阶段性工作总结和分析、重要人事变动等相关信息，送达集团公司各相关部门，并要求其形成相应报告，本部门做综合分析报集团公司总裁。</span></p><h2 style=\"white-space: normal; margin-top: 7px; margin-bottom: 7px; font-family: 宋体; font-size: 24px; line-height: 48px;\"><span style=\"font-size: 18px;\"><strong><span style=\"font-family: 微软雅黑;\">四、</span></strong><strong><span style=\"font-family: 微软雅黑;\">其他职责</span></strong></span></h2><p style=\"margin-top: 7px; margin-bottom: 7px; white-space: normal; font-family: Calibri; line-height: 32px;\"><span style=\"font-family: 微软雅黑; line-height: 42.6667px; font-size: 16px;\">1. 直属上级交办的其他工作；</span></p><p style=\"margin-top: 7px; margin-bottom: 7px; white-space: normal; font-family: Calibri; line-height: 32px;\"><span style=\"font-family: 微软雅黑; line-height: 42.6667px; font-size: 16px;\">2. 对企业规划提出建设性的意见。</span></p>', 1, NULL, NULL),
(3, 1, '运营总监', 1, 3, 1, 0, '', '<p style=\"white-space: normal; font-family: Calibri; font-size: 14px; line-height: 28px;\"><strong><span style=\"font-family: 微软雅黑; line-height: 42.6667px; font-size: 18px;\">1、团队制度与激励</span></strong></p><p style=\"white-space: normal; font-family: Calibri; font-size: 14px; line-height: 28px;\"><span style=\"font-family: 微软雅黑; line-height: 42.6667px; font-size: 16px;\">负责营销部相关规章制度的完善；根据团队销售目标，制定奖罚措施，考核标准；及时跟进检查落实，鼓舞激励，高效完成期初制定目标；</span></p><p style=\"white-space: normal; font-family: Calibri; font-size: 14px; line-height: 28px;\"><strong><span style=\"font-family: 微软雅黑; line-height: 42.6667px; font-size: 18px;\">2、营销目标制定</span></strong></p><p style=\"white-space: normal; font-family: Calibri; font-size: 14px; line-height: 28px;\"><span style=\"font-family: 微软雅黑; line-height: 42.6667px; font-size: 16px;\">制定年度、季度、月度营销计划、运营计划、销售任务目标、销售方案、广告预算；并对月度任务进行分解，落实执行；</span></p><p style=\"white-space: normal; font-family: Calibri; font-size: 14px; line-height: 28px;\"><strong><span style=\"font-family: 微软雅黑; line-height: 42.6667px; font-size: 18px;\">3、营销增长</span></strong></p><p style=\"white-space: normal; font-family: Calibri; font-size: 14px; line-height: 28px;\"><span style=\"font-family: 微软雅黑; line-height: 42.6667px; font-size: 16px;\">带领营销团队超额完成销售目标；确保官网访问量、源码安装量、新增用户量稳定、持续增长；</span></p><p style=\"white-space: normal; font-family: Calibri; font-size: 14px; line-height: 28px;\"><strong><span style=\"font-family: 微软雅黑; line-height: 42.6667px; font-size: 18px;\">4、品牌宣传</span></strong></p><p style=\"white-space: normal; font-family: Calibri; font-size: 14px; line-height: 28px;\"><span style=\"font-family: 微软雅黑; line-height: 42.6667px; font-size: 16px;\">确保官方对外宣传渠道：官网、演示站、论坛、帮助文档、官方商城、服务市场、开源项目等宣传渠道，及客服接待系统畅通；对外宣传内容符合公司文化价值观、产品定位及最新销售政策；</span></p><p style=\"white-space: normal; font-family: Calibri; font-size: 14px; line-height: 28px;\"><strong><span style=\"font-family: 微软雅黑; line-height: 42.6667px; font-size: 18px;\">5、营销活动策划落地实施</span></strong></p><p style=\"white-space: normal; font-family: Calibri; font-size: 14px; line-height: 28px;\"><span style=\"font-family: 微软雅黑; line-height: 42.6667px; font-size: 16px;\">与研发部密切配合，组织策划重大节日、产品发布等相关营销活动；监督实施、跟进，检查，总结、复盘营销活动，完善活动流程，提升团队协作效率；</span></p><p style=\"white-space: normal; font-family: Calibri; font-size: 14px; line-height: 28px;\"><strong><span style=\"font-family: 微软雅黑; line-height: 42.6667px; font-size: 18px;\">6、推广整合</span></strong></p><p style=\"white-space: normal; font-family: Calibri; font-size: 14px; line-height: 28px;\"><span style=\"font-family: 微软雅黑; line-height: 42.6667px; font-size: 16px;\">组织部门内部、整合外部资源通过软文、渠道、分销、互换友链等多种方式推广公司产品；提示品牌曝光度及知名度；</span></p><p style=\"white-space: normal; font-family: Calibri; font-size: 14px; line-height: 28px;\"><strong><span style=\"font-family: 微软雅黑; line-height: 42.6667px; font-size: 18px;\">7、客户维护</span></strong></p><p style=\"white-space: normal; font-family: Calibri; font-size: 14px; line-height: 28px;\"><span style=\"font-family: 微软雅黑; line-height: 42.6667px; font-size: 16px;\">维护良好的客情关系，及时处理客诉和危机事件，并制定应对策略，与相关部门沟通及时解决客户问题。提升售前、售中、售后服务质量；挖掘维护忠实客户、大客户；提升产品行业口碑；</span></p><p style=\"white-space: normal; font-family: Calibri; font-size: 14px; line-height: 28px;\"><strong><span style=\"font-family: 微软雅黑; line-height: 42.6667px; font-size: 18px;\">8、团队目标激励</span></strong></p><p style=\"white-space: normal; font-family: Calibri; font-size: 14px; line-height: 28px;\"><span style=\"font-family: 微软雅黑; line-height: 42.6667px; font-size: 16px;\">制定团队销售目标，奖罚措施，考核标准，跟进检查，改进调整，鼓舞激励，高效完成期初制定目标；</span></p><p style=\"white-space: normal; font-family: Calibri; font-size: 14px; line-height: 28px;\"><strong><span style=\"font-family: 微软雅黑; line-height: 42.6667px; font-size: 18px;\">9、广告投入</span></strong></p><p style=\"white-space: normal; font-family: Calibri; font-size: 14px; line-height: 28px;\"><span style=\"font-family: 微软雅黑; line-height: 42.6667px; font-size: 16px;\">根据每月广告预算，拓展付费推广渠道；根据投入产出比，细化广告投放方案，及时调整广告投放策略；</span></p><p style=\"white-space: normal; font-family: Calibri; font-size: 14px; line-height: 28px;\"><strong><span style=\"font-family: 微软雅黑; line-height: 42.6667px; font-size: 18px;\">10、经营分析</span></strong></p><p style=\"white-space: normal; font-family: Calibri; font-size: 14px; line-height: 28px;\"><span style=\"font-family: 微软雅黑; line-height: 42.6667px; font-size: 16px;\">从广告投放、产品销量、用户增长、营业额等多个维度分析运营数据，发现运营中存在的问题，制定改进方案；</span></p><p style=\"white-space: normal; font-family: Calibri; font-size: 14px; line-height: 28px;\"><strong><span style=\"font-family: 微软雅黑; line-height: 42.6667px; font-size: 18px;\">11、人才培养</span></strong></p><p style=\"white-space: normal; font-family: Calibri; font-size: 14px; line-height: 28px;\"><span style=\"font-family: 微软雅黑; line-height: 42.6667px; font-size: 16px;\">组织团队培训，传达落实公司企业文化；制定团队人才计划；建立团队传、帮、带机制，组建部门人才梯队；</span></p><p style=\"white-space: normal; font-family: Calibri; font-size: 14px; line-height: 28px;\"><strong><span style=\"font-family: 微软雅黑; line-height: 42.6667px; font-size: 18px;\">12、其他工作</span></strong></p><p style=\"white-space: normal; font-family: Calibri; font-size: 14px; line-height: 28px;\"><span style=\"font-family: 微软雅黑; line-height: 42.6667px; font-size: 16px;\">完成上级主管交办的其他临时性工作,依据项目进度按时提交工作汇报。</span></p><p><br/></p>', 1, NULL, NULL),
(4, 1, '产品总监', 1, 3, 1, 0, '', '<p style=\"white-space: normal; font-family: Calibri; line-height: 32px;\"><span style=\"font-size: 18px;\"><strong><span style=\"line-height: 48px; letter-spacing: 0px; background: rgb(255, 255, 255); font-family: 微软雅黑;\">一、</span></strong><strong><span style=\"line-height: 48px; letter-spacing: 0px; background: rgb(255, 255, 255); font-family: 微软雅黑;\">基本职责</span></strong></span></p><p style=\"white-space: normal; font-family: Calibri; line-height: 32px;\"><span style=\"font-family: 微软雅黑; line-height: 42.6667px; letter-spacing: 0px; font-size: 16px;\">1、进行产品研发的需求分析，包括应用场景、行业技术、市场&amp;竞品、设备效益分析等，提出新产品研发方向。<br/>2、主导产品的设计工作，包括设备功能设计、关键技术参数设计、关键性能指标设计、产品呈现设计等。<br/>3、组织硬件、算法、软件、机械和周边配套产品研发等团队成员进行新产品的详细设计，完成产品设计工作。<br/>4、组织进行新产品的加工、装配、测试和优化工作，直至产品定型，完成产品技术标准的制定。<br/>5、进行产品全生命周期管理：包括产品线规划、信息管理（版本管理、BOM管理）等。&nbsp;<br/>6、基于成本控制、性能优化进行设备的优化迭代和升级工作。</span></p><h2 style=\"white-space: normal; font-family: 宋体; font-size: 24px; line-height: 48px;\"><span style=\"font-size: 18px;\"><strong><span style=\"font-family: 微软雅黑; letter-spacing: 0px;\">二、&nbsp;其他职责</span></strong></span></h2><p style=\"white-space: normal; font-family: Calibri; line-height: 32px;\"><span style=\"font-family: 微软雅黑; line-height: 42.6667px; letter-spacing: 0px; font-size: 16px;\">1、完成领导交付的其他任务；</span></p><p style=\"white-space: normal; font-family: Calibri; line-height: 32px;\"><span style=\"font-family: 微软雅黑; line-height: 42.6667px; letter-spacing: 0px; font-size: 16px;\">2、学习最新技术，能将新技术用于项目中。</span></p><p><br/></p>', 1, NULL, NULL),
(5, 1, '项目总监', 1, 3, 1, 0, '', '<p style=\"white-space: normal; font-family: Calibri; font-size: 14px; line-height: 28px;\"><span style=\"font-size: 18px;\"><strong><span style=\"font-family: 微软雅黑; line-height: 48px; letter-spacing: 0px; background: rgb(255, 255, 255);\">1、实施交付</span></strong></span></p><p style=\"white-space: normal; font-family: Calibri; font-size: 14px; line-height: 28px;\"><span style=\"font-size: 16px;\"><span style=\"font-family: 微软雅黑; line-height: 48px; letter-spacing: 0px; background: rgb(255, 255, 255); font-size: 16px;\">负责公司项目实施交付管理工作，对项目总体负责，促进达成公司关键业绩目标；</span><span style=\"font-family: 微软雅黑; line-height: 48px; letter-spacing: 0px; background: rgb(255, 255, 255); font-size: 18px;\"><br/><strong>2、确保项目验收</strong></span></span></p><p style=\"white-space: normal; font-family: Calibri; font-size: 14px; line-height: 28px;\"><span style=\"font-size: 16px;\"><span style=\"font-family: 微软雅黑; line-height: 48px; letter-spacing: 0px; background: rgb(255, 255, 255); font-size: 16px;\">对各个项目实施方法，实施策略，实施方案提出合理化建议，确保项目按质按时验收；</span><span style=\"font-family: 微软雅黑; line-height: 48px; letter-spacing: 0px; background: rgb(255, 255, 255); font-size: 18px;\"><br/><strong>3、统筹、协调资源</strong></span></span></p><p style=\"white-space: normal; font-family: Calibri; font-size: 14px; line-height: 28px;\"><span style=\"font-size: 16px;\"><span style=\"font-family: 微软雅黑; line-height: 48px; letter-spacing: 0px; background: rgb(255, 255, 255); font-size: 16px;\">负责实施人员的管理工作，统筹调度部门内实施资源，协调跨部门资源；</span><span style=\"font-family: 微软雅黑; line-height: 48px; letter-spacing: 0px; background: rgb(255, 255, 255); font-size: 18px;\"><br/><strong>4、日常管理</strong></span></span></p><p style=\"white-space: normal; font-family: Calibri; font-size: 14px; line-height: 28px;\"><span style=\"font-size: 16px;\"><span style=\"font-family: 微软雅黑; line-height: 48px; letter-spacing: 0px; background: rgb(255, 255, 255); font-size: 16px;\">负责项目交付团队，业务督导，项目分配，能力提升，业务考核等日常工作；</span><span style=\"font-family: 微软雅黑; line-height: 48px; letter-spacing: 0px; background: rgb(255, 255, 255); font-size: 18px;\"><br/><strong>5、产品规划</strong></span></span></p><p style=\"white-space: normal; font-family: Calibri; font-size: 14px; line-height: 28px;\"><span style=\"font-size: 16px;\"><span style=\"font-family: 微软雅黑; line-height: 48px; letter-spacing: 0px; background: rgb(255, 255, 255); font-size: 16px;\">负责大客户及其组织对产品的定制化需求对接和业务长期需求规划，对客户业务交付和服务结果负责；</span><span style=\"font-family: 微软雅黑; line-height: 48px; letter-spacing: 0px; background: rgb(255, 255, 255); font-size: 18px;\"><br/><strong>6、成功案例知识库</strong></span></span></p><p style=\"white-space: normal; font-family: Calibri; font-size: 14px; line-height: 28px;\"><span style=\"font-family: 微软雅黑; line-height: 48px; letter-spacing: 0px; background: rgb(255, 255, 255); font-size: 16px;\">提炼项目实施经验，形成项目实施案例，丰富实施知识库，总结提炼成功案例；</span></p><p style=\"margin-top: 20px; margin-bottom: 20px; white-space: normal; font-family: Calibri; line-height: 32px; background: rgb(255, 255, 255);\"><span style=\"font-size: 18px;\"><strong><span style=\"font-family: 微软雅黑; line-height: 48px; letter-spacing: 0px;\">7、支撑售前</span></strong></span></p><p style=\"margin-top: 20px; margin-bottom: 20px; white-space: normal; font-family: Calibri; line-height: 32px; background: rgb(255, 255, 255);\"><span style=\"font-family: 微软雅黑; line-height: 48px; letter-spacing: 0px; font-size: 16px;\">根据项目交付案例，形成项目垂直行业解决方案，提高自有产品核心竞争力，支撑项目售前支撑工作；</span></p><p style=\"margin-top: 20px; margin-bottom: 20px; white-space: normal; font-family: Calibri; line-height: 32px; background: rgb(255, 255, 255);\"><span style=\"font-size: 18px;\"><strong><span style=\"font-family: 微软雅黑; line-height: 48px; letter-spacing: 0px;\">8、客户维护</span></strong></span></p><p style=\"margin-top: 20px; margin-bottom: 20px; white-space: normal; font-family: Calibri; line-height: 32px; background: rgb(255, 255, 255);\"><span style=\"font-family: 微软雅黑; line-height: 48px; letter-spacing: 0px; font-size: 16px;\">加强交付过程中与客户的沟通交流，深入了解客户的需求，以需求为契机，引导客户后续项目立项；</span></p><p style=\"margin-top: 20px; margin-bottom: 20px; white-space: normal; font-family: Calibri; line-height: 32px; background: rgb(255, 255, 255);\"><span style=\"font-size: 18px;\"><strong><span style=\"font-family: 微软雅黑; line-height: 48px; letter-spacing: 0px;\">9、制造品牌</span></strong></span></p><p style=\"margin-top: 20px; margin-bottom: 20px; white-space: normal; font-family: Calibri; line-height: 32px; background: rgb(255, 255, 255);\"><span style=\"font-family: 微软雅黑; line-height: 48px; letter-spacing: 0px; font-size: 16px;\">完善项目售后故障响应机制，打造品牌响应，推进后续维保合同续签。</span></p><p><br/></p>', 1, NULL, NULL),
(6, 1, '人事主管', 1, 4, 1, 0, '', '<p style=\"white-space: normal; font-family: 楷体_GB2312; font-weight: bold; font-size: 21px; line-height: 42.6667px;\"><span style=\"font-size: 18px;\"><strong><span style=\"font-family: 微软雅黑;\">1、</span></strong><strong><span style=\"font-family: 微软雅黑;\">人事管理制度建设</span></strong></span><span style=\"font-size: 16px;\"><strong><span style=\"font-family: 微软雅黑;\"></span></strong><strong><span style=\"font-family: 微软雅黑;\"></span></strong></span></p><p style=\"white-space: normal; font-family: 楷体_GB2312; font-weight: bold; font-size: 21px; line-height: 42.6667px;\"><span style=\"font-family: 微软雅黑; font-weight: normal; font-size: 16px;\">（1）根据公司人事管理需要，拟订人事基础管理制度、流程和表单，提交审核，为公司人事管理提供服务支持。</span></p><p style=\"white-space: normal; font-family: 楷体_GB2312; font-weight: bold; font-size: 21px; line-height: 42.6667px;\"><span style=\"font-family: 微软雅黑; font-weight: normal; font-size: 16px;\">（2）监督各部门对于人事基础管理制度、流程及表单的执行情况，保证人事相关业务开展的规范与便捷。</span></p><p style=\"white-space: normal; font-family: 楷体_GB2312; font-weight: bold; font-size: 21px; line-height: 42.6667px;\"><span style=\"font-size: 18px;\"><strong><span style=\"font-family: 微软雅黑;\">2、</span></strong><strong><span style=\"font-family: 微软雅黑;\">基础人事管理</span></strong></span><span style=\"font-size: 16px;\"><strong><span style=\"font-family: 微软雅黑; font-size: 21px;\"></span></strong><strong><span style=\"font-family: 微软雅黑; font-size: 21px;\"></span></strong></span></p><p style=\"white-space: normal; font-family: 楷体_GB2312; font-weight: bold; font-size: 21px; line-height: 42.6667px;\"><span style=\"font-family: 微软雅黑; font-weight: normal; font-size: 16px;\">（1）开展员工录用、转正、调动、晋升、请假、离职、辞退、退休等工作，核实相关资料， 为相关人员提供人事业务办理服务。</span></p><p style=\"white-space: normal; font-family: 楷体_GB2312; font-weight: bold; font-size: 21px; line-height: 42.6667px;\"><span style=\"font-family: 微软雅黑; font-weight: normal; font-size: 16px;\">（2）依据《岗位说明书》要求，收集存档相关岗位特殊工种证件等的原（复）件，及时督促相关人员到期证件的补办工作，确保相关岗位人员符合政府部门所要求的持证上岗条件。</span></p><p style=\"white-space: normal; font-family: 楷体_GB2312; font-weight: bold; font-size: 21px; line-height: 42.6667px;\"><span style=\"font-family: 微软雅黑; font-weight: normal; font-size: 16px;\">（3）根据公司各部门培训需求及培训方案，协助完成培训实施工作。</span></p><p style=\"white-space: normal; font-family: 楷体_GB2312; font-weight: bold; font-size: 21px; line-height: 42.6667px;\"><span style=\"font-family: 微软雅黑; font-weight: normal; font-size: 16px;\">（4）定期收集全员的培训需求，汇总并丰富培训内容。</span></p><p style=\"white-space: normal; font-family: 楷体_GB2312; font-weight: bold; font-size: 21px; line-height: 42.6667px;\"><span style=\"font-family: 微软雅黑; font-weight: normal; font-size: 16px;\">（5）组织新员工培训并负责培训考核（培训达标率100%）；</span></p><p style=\"white-space: normal; font-family: 楷体_GB2312; font-weight: bold; font-size: 21px; line-height: 42.6667px;\"><span style=\"font-size: 18px;\"><strong><span style=\"font-family: 微软雅黑;\">3、</span></strong><strong><span style=\"font-family: 微软雅黑;\">员工档案管理</span></strong></span><span style=\"font-size: 16px;\"><strong><span style=\"font-family: 微软雅黑; font-size: 21px;\"></span></strong><strong><span style=\"font-family: 微软雅黑; font-size: 21px;\"></span></strong></span></p><p style=\"white-space: normal; font-family: 楷体_GB2312; font-weight: bold; font-size: 21px; line-height: 42.6667px;\"><span style=\"font-family: 微软雅黑; font-weight: normal; font-size: 16px;\">（1）收集员工相关纸质材料存入档案，保持档案材料的及时入库，做好分类登记，按有关规定对档案进行例行的保养、管理或销毁。</span></p><p style=\"white-space: normal; font-family: 楷体_GB2312; font-weight: bold; font-size: 21px; line-height: 42.6667px;\"><span style=\"font-family: 微软雅黑; font-weight: normal; font-size: 16px;\">（2）根据员工纸质档案信息，建立员工档案（电子）台账，及时更新员工信息。</span></p><p style=\"white-space: normal; font-family: 楷体_GB2312; font-weight: bold; font-size: 21px; line-height: 42.6667px;\"><span style=\"font-family: 微软雅黑; font-weight: normal; font-size: 16px;\">（3）执行档案资料保密制度，按规定办理档案借阅登记手续，保证资料按时入库，完整无缺。</span></p><p style=\"white-space: normal; font-family: 楷体_GB2312; font-weight: bold; font-size: 21px; line-height: 42.6667px;\"><span style=\"font-size: 18px;\"><strong><span style=\"font-family: 微软雅黑;\">4、</span></strong><strong><span style=\"font-family: 微软雅黑;\">考勤管理</span></strong></span><span style=\"font-size: 16px;\"><strong><span style=\"font-family: 微软雅黑; font-size: 21px;\"></span></strong><strong><span style=\"font-family: 微软雅黑; font-size: 21px;\"></span></strong></span></p><p style=\"white-space: normal; font-family: 楷体_GB2312; font-weight: bold; font-size: 21px; line-height: 42.6667px;\"><span style=\"font-family: 微软雅黑; font-weight: normal; font-size: 16px;\">（1）根据考勤管理制度，监督检查考勤情况、工作汇报提交情况，并核查、整理各部门员工假单手续的完整性，确保员工月度考勤记录准确。</span></p><p style=\"white-space: normal; font-family: 楷体_GB2312; font-weight: bold; font-size: 21px; line-height: 42.6667px;\"><span style=\"font-family: 微软雅黑; font-weight: normal; font-size: 16px;\">（2）结合各部门考勤明细，汇总上月员工考勤数据，核实数据真实性，整理团建基金明细，为薪酬核算提供依据。</span></p><p style=\"white-space: normal; font-family: 楷体_GB2312; font-weight: bold; font-size: 21px; line-height: 42.6667px;\"><span style=\"font-size: 18px;\"><strong><span style=\"font-family: 微软雅黑;\">5、</span></strong><strong><span style=\"font-family: 微软雅黑;\">薪酬绩效管理</span></strong></span><span style=\"font-size: 16px;\"><strong><span style=\"font-family: 微软雅黑; font-size: 21px;\"></span></strong><strong><span style=\"font-family: 微软雅黑; font-size: 21px;\"></span></strong></span></p><p style=\"white-space: normal; font-family: 楷体_GB2312; font-weight: bold; font-size: 21px; line-height: 42.6667px;\"><span style=\"font-family: 微软雅黑; font-weight: normal; font-size: 16px;\">（1）负责薪酬绩效制度的修订及执行落地，针对绩效实行效果提出合理化建议。</span></p><p style=\"white-space: normal; font-family: 楷体_GB2312; font-weight: bold; font-size: 21px; line-height: 42.6667px;\"><span style=\"font-family: 微软雅黑; font-weight: normal; font-size: 16px;\">（2）按照时间节点组织公司员工绩效评定，监督部门负责人绩效辅导。</span></p><p style=\"white-space: normal; font-family: 楷体_GB2312; font-weight: bold; font-size: 21px; line-height: 42.6667px;\"><span style=\"font-family: 微软雅黑; font-weight: normal; font-size: 16px;\">（3）负责月度员工工资核算，定期收集市场薪酬数据，完善公司薪酬福利制度。</span></p><p style=\"white-space: normal; font-family: 楷体_GB2312; font-weight: bold; font-size: 21px; line-height: 42.6667px;\"><span style=\"font-size: 18px;\"><strong><span style=\"font-family: 微软雅黑;\">6、</span></strong><strong><span style=\"font-family: 微软雅黑;\">员工关系管理</span></strong></span><span style=\"font-size: 16px;\"><strong><span style=\"font-family: 微软雅黑; font-size: 21px;\"></span></strong><strong><span style=\"font-family: 微软雅黑; font-size: 21px;\"></span></strong></span></p><p style=\"white-space: normal; font-family: 楷体_GB2312; font-weight: bold; font-size: 21px; line-height: 42.6667px;\"><span style=\"font-family: 微软雅黑; font-weight: normal; font-size: 16px;\">（1）根据《劳动合同法》开展员工劳动合同的签订、变更、续签、解除与维护工作，确保劳动关系管理规范化。</span></p><p style=\"white-space: normal; font-family: 楷体_GB2312; font-weight: bold; font-size: 21px; line-height: 42.6667px;\"><span style=\"font-family: 微软雅黑; font-weight: normal; font-size: 16px;\">（2）依据《劳动合同法》、《人资管理制度》解答员工有关劳资关系的疑问，协调与处理公司常规性的劳动争议与劳动纠纷。</span></p><p style=\"white-space: normal; font-family: 楷体_GB2312; font-weight: bold; font-size: 21px; line-height: 42.6667px;\"><span style=\"font-size: 18px;\"><strong><span style=\"font-family: 微软雅黑;\">7、</span></strong><strong><span style=\"font-family: 微软雅黑;\">招聘管理</span></strong></span><span style=\"font-size: 16px;\"><strong><span style=\"font-family: 微软雅黑; font-size: 21px;\"></span></strong><strong><span style=\"font-family: 微软雅黑; font-size: 21px;\"></span></strong></span></p><p style=\"white-space: normal; font-family: 楷体_GB2312; font-weight: bold; font-size: 21px; line-height: 42.6667px;\"><span style=\"font-family: 微软雅黑; font-weight: normal; font-size: 16px;\">完成招聘的基础工作，含招聘需求发布、简历筛选、面试安排、人员及时储备的工作。</span></p><p><br/></p>', 1, NULL, NULL),
(7, 1, '财务主管', 1, 4, 1, 0, '', '<p style=\"white-space: normal; font-family: 楷体_GB2312; font-weight: bold; font-size: 21px; line-height: 42.6667px;\"><span style=\"font-size: 18px;\"><strong><span style=\"font-family: 微软雅黑;\">1、</span></strong><strong><span style=\"font-family: 微软雅黑;\">每日收支及产品销售明细统计</span></strong></span></p><p style=\"white-space: normal; font-family: 楷体_GB2312; font-weight: bold; font-size: 21px; line-height: 42.6667px;\"><span style=\"font-family: 微软雅黑; font-weight: normal; font-size: 16px;\">财务每日核对前一日公司淘宝、小程序、支付宝、微信和公户进出账，别的途径进出账相关人员报给财务后，财务保证实时记录。 公司应尽量杜绝公账入私户，销售收入打款应提供公司指定账户，公司会不定期核对授权记录与销售记录确认是否一致。</span></p><p style=\"white-space: normal; font-family: 楷体_GB2312; font-weight: bold; font-size: 21px; line-height: 42.6667px;\"><span style=\"font-size: 18px;\"><strong><span style=\"font-family: 微软雅黑;\">2、</span></strong><strong><span style=\"font-family: 微软雅黑;\">保证发票及时验旧核销、申领；及时开具</span></strong></span></p><p style=\"white-space: normal; font-family: 楷体_GB2312; font-weight: bold; font-size: 21px; line-height: 42.6667px;\"><span style=\"font-family: 微软雅黑; font-weight: normal; font-size: 16px;\">（1）发票申领：发票快用完后在电子税额局网站进行发票验旧核销，申领发票，申领后在金税盘读入发票。</span></p><p style=\"white-space: normal; font-family: 楷体_GB2312; font-weight: bold; font-size: 21px; line-height: 42.6667px;\"><span style=\"font-family: 微软雅黑; font-weight: normal; font-size: 16px;\">（2）发票开具：需要开发票人员将需要开发票的相关订单发送给财务，（淘宝订单需要确认收货后方可开具发票）</span></p><p style=\"white-space: normal; font-family: 楷体_GB2312; font-weight: bold; font-size: 21px; line-height: 42.6667px;\"><span style=\"font-family: 微软雅黑; font-weight: normal; font-size: 16px;\">（3）发票合同邮寄。</span></p><p style=\"white-space: normal; font-family: 楷体_GB2312; font-weight: bold; font-size: 21px; line-height: 42.6667px;\"><span style=\"font-size: 18px;\"><strong><span style=\"font-family: 微软雅黑;\">3、</span></strong><strong><span style=\"font-family: 微软雅黑;\">银行业务</span></strong></span></p><p style=\"white-space: normal; font-family: 楷体_GB2312; font-weight: bold; font-size: 21px; line-height: 42.6667px;\"><span style=\"font-family: 微软雅黑; font-weight: normal; font-size: 16px;\">需要去银行办理的相关事宜及时与银行取得联系，约好业务办理时间及时办理。</span></p><p style=\"white-space: normal; font-family: 楷体_GB2312; font-weight: bold; font-size: 21px; line-height: 42.6667px;\"><span style=\"font-size: 18px;\"><strong><span style=\"font-family: 微软雅黑;\">4、</span></strong><strong><span style=\"font-family: 微软雅黑;\">佣金结算</span></strong></span></p><p style=\"white-space: normal; font-family: 楷体_GB2312; font-weight: bold; font-size: 21px; line-height: 42.6667px;\"><span style=\"font-family: 微软雅黑; font-weight: normal; font-size: 16px;\">（1）系统里每份佣金及时兑付，线下返佣由销售人员提供订单号和情况说明</span></p><p style=\"white-space: normal; font-family: 楷体_GB2312; font-weight: bold; font-size: 21px; line-height: 42.6667px;\"><span style=\"font-family: 微软雅黑; font-weight: normal; font-size: 16px;\">（2）保证每份佣金核算准确且为推广员应当所得</span></p><p style=\"white-space: normal; font-family: 楷体_GB2312; font-weight: bold; font-size: 21px; line-height: 42.6667px;\"><span style=\"font-family: 微软雅黑; font-weight: normal; font-size: 16px;\">（3）核对每份佣金，发现问题及时向上级领导及周峰反应。</span></p><p style=\"white-space: normal; font-family: 楷体_GB2312; font-weight: bold; font-size: 21px; line-height: 42.6667px;\"><span style=\"font-size: 18px;\"><strong><span style=\"font-family: 微软雅黑;\">5、</span></strong><strong><span style=\"font-family: 微软雅黑;\">备用金管理</span></strong></span></p><p style=\"white-space: normal; font-family: 楷体_GB2312; font-weight: bold; font-size: 21px; line-height: 42.6667px;\"><span style=\"font-family: 微软雅黑; font-weight: normal; font-size: 16px;\">（1）每个员工发生需报销费用需要向财务部门提供发票，确实不能提供发票的需要提供购买截图或者其他证明凭证。按月度报销，报销人员需填写费用报销单据，交财务审核再经许总审核后方可报销。</span></p><p style=\"white-space: normal; font-family: 楷体_GB2312; font-weight: bold; font-size: 21px; line-height: 42.6667px;\"><span style=\"font-family: 微软雅黑; font-weight: normal; font-size: 16px;\">（2）财务每月将备用金使用明细及证明凭证整理好报许总审核。</span></p><p style=\"white-space: normal; font-family: 楷体_GB2312; font-weight: bold; font-size: 21px; line-height: 42.6667px;\"><span style=\"font-size: 18px;\"><strong><span style=\"font-family: 微软雅黑;\">6、</span></strong><strong><span style=\"font-family: 微软雅黑;\">工资发放</span></strong></span></p><p style=\"white-space: normal; font-family: 楷体_GB2312; font-weight: bold; font-size: 21px; line-height: 42.6667px;\"><span style=\"font-family: 微软雅黑; font-weight: normal; font-size: 16px;\">保证每月工资发放准确无误。</span></p><p style=\"white-space: normal; font-family: 楷体_GB2312; font-weight: bold; font-size: 21px; line-height: 42.6667px;\"><span style=\"font-size: 18px;\"><strong><span style=\"font-family: 微软雅黑;\">7、</span></strong><strong><span style=\"font-family: 微软雅黑;\">月度收入支出流水整理</span></strong></span></p><p style=\"white-space: normal; font-family: 楷体_GB2312; font-weight: bold; font-size: 21px; line-height: 42.6667px;\"><span style=\"font-family: 微软雅黑; font-weight: normal; font-size: 16px;\">在每日统计数据的基础上，月度终了将淘宝、微信商城、支付宝数据导出再次核对整理。</span></p><p style=\"white-space: normal; font-family: 楷体_GB2312; font-weight: bold; font-size: 21px; line-height: 42.6667px;\"><span style=\"font-size: 18px;\"><strong><span style=\"font-family: 微软雅黑;\">8、</span></strong><strong><span style=\"font-family: 微软雅黑;\">月度财务报表出具</span></strong></span></p><p style=\"white-space: normal; font-family: 楷体_GB2312; font-weight: bold; font-size: 21px; line-height: 42.6667px;\"><span style=\"font-family: 微软雅黑; font-weight: normal; font-size: 16px;\">月底编制公司资产负债表和利润表。</span></p><p style=\"white-space: normal; font-family: 楷体_GB2312; font-weight: bold; font-size: 21px; line-height: 42.6667px;\"><span style=\"font-size: 18px;\"><strong><span style=\"font-family: 微软雅黑;\">9、</span></strong><strong><span style=\"font-family: 微软雅黑;\">月度项目报表出具</span></strong></span></p><p style=\"white-space: normal; font-family: 楷体_GB2312; font-weight: bold; font-size: 21px; line-height: 42.6667px;\"><span style=\"font-family: 微软雅黑; font-weight: normal; font-size: 16px;\">月度终了编制每个项目利润表。</span></p><p style=\"white-space: normal; font-family: 楷体_GB2312; font-weight: bold; font-size: 21px; line-height: 42.6667px;\"><span style=\"font-size: 16px;\"><strong><span style=\"font-family: 微软雅黑;\">10、</span></strong><strong><span style=\"font-family: 微软雅黑;\">公司下月支出预算</span></strong><strong><span style=\"font-family: 微软雅黑;\"></span></strong></span></p><p style=\"white-space: normal; font-family: 楷体_GB2312; font-weight: bold; font-size: 21px; line-height: 42.6667px;\"><span style=\"font-family: 微软雅黑; font-weight: normal; font-size: 16px;\">各部门关于下月支出预算报给财务，财务编制每月支出预算表。</span></p><p style=\"white-space: normal; font-family: 楷体_GB2312; font-weight: bold; font-size: 21px; line-height: 42.6667px;\"><span style=\"font-size: 18px;\"><strong><span style=\"font-family: 微软雅黑;\">11、</span></strong><strong><span style=\"font-family: 微软雅黑;\">月度报税</span></strong></span></p><p style=\"white-space: normal; font-family: 楷体_GB2312; font-weight: bold; font-size: 21px; line-height: 42.6667px;\"><span style=\"font-family: 微软雅黑; font-weight: normal; font-size: 16px;\">个人所得税在每月申报期前申报完成。</span></p><p style=\"white-space: normal; font-family: 楷体_GB2312; font-weight: bold; font-size: 21px; line-height: 42.6667px;\"><span style=\"font-size: 18px;\"><strong><span style=\"font-family: 微软雅黑;\">12、</span></strong><strong><span style=\"font-family: 微软雅黑;\">月度记账凭证填制</span></strong></span></p><p style=\"white-space: normal; font-family: 楷体_GB2312; font-weight: bold; font-size: 21px; line-height: 42.6667px;\"><span style=\"font-family: 微软雅黑; font-weight: normal; font-size: 16px;\">（1）每月整理打印上月所有银行回单和所开具发票及其他相关原始凭证</span></p><p style=\"white-space: normal; font-family: 楷体_GB2312; font-weight: bold; font-size: 21px; line-height: 42.6667px;\"><span style=\"font-family: 微软雅黑; font-weight: normal; font-size: 16px;\">（2）填制记账凭证，整理相关后附原始凭证，出具财务报表。</span></p><p style=\"white-space: normal; font-family: 楷体_GB2312; font-weight: bold; font-size: 21px; line-height: 42.6667px;\"><span style=\"font-size: 18px;\"><strong><span style=\"font-family: 微软雅黑;\">13</span></strong><strong><span style=\"font-family: 微软雅黑;\">、</span></strong><strong><span style=\"font-family: 微软雅黑;\">季度报税</span></strong></span></p><p style=\"white-space: normal; font-family: 楷体_GB2312; font-weight: bold; font-size: 21px; line-height: 42.6667px;\"><span style=\"font-family: 微软雅黑; font-weight: normal; font-size: 16px;\">在申报期前完成申报。</span></p><p style=\"white-space: normal; font-family: 楷体_GB2312; font-weight: bold; font-size: 21px; line-height: 42.6667px;\"><span style=\"font-family: 微软雅黑; font-weight: normal; font-size: 16px;\">登录电子税务局，根据每月及每个季度财务报表数据申报缴纳（增值税、城建税、教育费附加、地方教育费附加、水利基金、印花税、残保金、企业所得税）。</span></p><p style=\"white-space: normal; font-family: 楷体_GB2312; font-weight: bold; font-size: 21px; line-height: 42.6667px;\"><span style=\"font-size: 18px;\"><strong><span style=\"font-family: 微软雅黑;\">14</span></strong><strong><span style=\"font-family: 微软雅黑;\">、</span></strong><strong><span style=\"font-family: 微软雅黑;\">高企季度调查监测表</span></strong></span></p><p style=\"white-space: normal; font-family: 楷体_GB2312; font-weight: bold; font-size: 21px; line-height: 42.6667px;\"><span style=\"font-family: 微软雅黑; font-weight: normal; font-size: 16px;\">季度终了根据财务数据填写。</span></p><p style=\"white-space: normal; font-family: 楷体_GB2312; font-weight: bold; font-size: 21px; line-height: 42.6667px;\"><span style=\"font-size: 18px;\"><strong><span style=\"font-family: 微软雅黑;\">15</span></strong><strong><span style=\"font-family: 微软雅黑;\">、</span></strong><strong><span style=\"font-family: 微软雅黑;\">年度汇算清缴</span></strong></span></p><p style=\"white-space: normal; font-family: 楷体_GB2312; font-weight: bold; font-size: 21px; line-height: 42.6667px;\"><span style=\"font-family: 微软雅黑; font-weight: normal; font-size: 16px;\">在所得税汇算清缴限期前完成申报。</span></p><p style=\"white-space: normal; font-family: 楷体_GB2312; font-weight: bold; font-size: 21px; line-height: 42.6667px;\"><span style=\"font-family: 微软雅黑; font-weight: normal; font-size: 16px;\">登录电子税务局，根据上年度财务数据及上年度所得税申报缴纳情况完成所得税汇算清缴工作。</span></p><p style=\"white-space: normal; font-family: 楷体_GB2312; font-weight: bold; font-size: 21px; line-height: 42.6667px;\"><span style=\"font-size: 18px;\"><strong><span style=\"font-family: 微软雅黑;\">16、</span></strong><strong><span style=\"font-family: 微软雅黑;\">工商年报</span></strong></span></p><p style=\"white-space: normal; font-family: 楷体_GB2312; font-weight: bold; font-size: 21px; line-height: 42.6667px;\"><span style=\"font-family: 微软雅黑; font-weight: normal; font-size: 16px;\">登录工商年检网站，根据公司相关信息及经营情况完成工商年检工作。</span></p><p style=\"white-space: normal; font-family: 楷体_GB2312; font-weight: bold; font-size: 21px; line-height: 42.6667px;\"><span style=\"font-family: 微软雅黑; font-weight: normal; font-size: 16px;\">保证在下年度6.30日之前完成上年度公司工商年检工作。</span></p><p style=\"white-space: normal; font-family: 楷体_GB2312; font-weight: bold; font-size: 21px; line-height: 42.6667px;\"><span style=\"font-size: 18px;\"><strong><span style=\"font-family: 微软雅黑;\">17、</span></strong><strong><span style=\"font-family: 微软雅黑;\">高企年报</span></strong></span></p><p style=\"white-space: normal; font-family: 楷体_GB2312; font-weight: bold; font-size: 21px; line-height: 42.6667px;\"><span style=\"font-family: 微软雅黑; font-weight: normal; font-size: 16px;\">根据公司财务数据及公司各个项目（高新技术产品）情况填写。</span></p><p style=\"white-space: normal; font-family: 楷体_GB2312; font-weight: bold; font-size: 21px; line-height: 42.6667px;\"><span style=\"font-size: 18px;\"><strong><span style=\"font-family: 微软雅黑;\">18、</span></strong><strong><span style=\"font-family: 微软雅黑;\">中小企业年报</span></strong></span></p><p style=\"white-space: normal; font-family: 楷体_GB2312; font-weight: bold; font-size: 21px; line-height: 42.6667px;\"><span style=\"font-family: 微软雅黑; font-weight: normal; font-size: 16px;\">根据公司财务数据填写。</span></p><p style=\"white-space: normal; font-family: 楷体_GB2312; font-weight: bold; font-size: 21px; line-height: 42.6667px;\"><span style=\"font-size: 18px;\"><strong><span style=\"font-family: 微软雅黑;\">19、</span></strong><strong><span style=\"font-family: 微软雅黑;\">其他</span></strong></span></p><p style=\"white-space: normal; font-family: 楷体_GB2312; font-weight: bold; font-size: 21px; line-height: 42.6667px;\"><span style=\"font-family: 微软雅黑; font-weight: normal; font-size: 16px;\">完成上级主管交办的其他临时性工作。</span></p><p><br/></p>', 1, NULL, NULL),
(8, 1, '行政主管', 1, 4, 1, 0, '', '<p><span style=\"font-size: 18px;\"><span style=\"font-family: 微软雅黑; background-color: rgb(255, 255, 255);\">1、协助部门经理开展工作，负责完善公司行政管理制度及规范并监督有效执行；</span><br style=\"font-family: 微软雅黑; font-size: 18px; white-space: normal;\"/><span style=\"font-family: 微软雅黑; background-color: rgb(255, 255, 255);\">2、负责公司级各类文件及管理制度的起草；</span><br style=\"font-family: 微软雅黑; font-size: 18px; white-space: normal;\"/><span style=\"font-family: 微软雅黑; background-color: rgb(255, 255, 255);\">3、负责公司级各类会议/重大活动的筹备、组织和实施；</span><br style=\"font-family: 微软雅黑; font-size: 18px; white-space: normal;\"/><span style=\"font-family: 微软雅黑; background-color: rgb(255, 255, 255);\">4、负责公司各类工作流程的梳理和完善；</span><br style=\"font-family: 微软雅黑; font-size: 18px; white-space: normal;\"/><span style=\"font-family: 微软雅黑; background-color: rgb(255, 255, 255);\">5、负责公司各类福利的筹备和发放；</span><br style=\"font-family: 微软雅黑; font-size: 18px; white-space: normal;\"/><span style=\"font-family: 微软雅黑; background-color: rgb(255, 255, 255);\">6、负责公司各类行政费用的预算、控制、节约等；</span><br style=\"font-family: 微软雅黑; font-size: 18px; white-space: normal;\"/><span style=\"font-family: 微软雅黑; background-color: rgb(255, 255, 255);\">7、负责公司各类公共区域的使用制度和管理规范；</span><br style=\"font-family: 微软雅黑; font-size: 18px; white-space: normal;\"/><span style=\"font-family: 微软雅黑; background-color: rgb(255, 255, 255);\">8、负责依据管理体系要求，协助部门经理推进各项体系管理要求；</span><br style=\"font-family: 微软雅黑; font-size: 18px; white-space: normal;\"/><span style=\"font-family: 微软雅黑; background-color: rgb(255, 255, 255);\">9、负责公司固定资产管理及特种设备管理；</span><br style=\"font-family: 微软雅黑; font-size: 18px; white-space: normal;\"/><span style=\"font-family: 微软雅黑; background-color: rgb(255, 255, 255);\">10、负责公司工作环境的提升与改进；</span><br style=\"font-family: 微软雅黑; font-size: 18px; white-space: normal;\"/><span style=\"font-family: 微软雅黑; background-color: rgb(255, 255, 255);\">11、 负责公司企业文化建设及宣传报道；</span><br style=\"font-family: 微软雅黑; font-size: 18px; white-space: normal;\"/><span style=\"font-family: 微软雅黑; background-color: rgb(255, 255, 255);\">12、执行上级交付的其它工作任务。</span></span></p>', 1, NULL, NULL),
(9, 1, '运营经理', 1, 4, 1, 0, '', '<p style=\"white-space: normal; font-family: Calibri; font-size: 14px; line-height: 28px;\"><strong><span style=\"font-family: 微软雅黑; line-height: 42.6667px; font-size: 18px;\">1、对外官网展示</span></strong></p><p style=\"white-space: normal; font-family: Calibri; font-size: 14px; line-height: 28px;\"><span style=\"font-family: 微软雅黑; line-height: 42.6667px; font-size: 16px;\">负责官方网站、商城、论坛、客服接待、公众号、演示站、服务市场及一切对外展示的网页、系统的升级、改版、维护、审核工作；</span></p><p style=\"white-space: normal; font-family: Calibri; font-size: 14px; line-height: 28px;\"><strong><span style=\"font-family: 微软雅黑; line-height: 42.6667px; font-size: 18px;\">2、品牌形象包装</span></strong></p><p style=\"white-space: normal; font-family: Calibri; font-size: 14px; line-height: 28px;\"><span style=\"font-family: 微软雅黑; line-height: 42.6667px; font-size: 16px;\">负责对外的公司、品牌、产品的文字、图片内容包装及对外宣传；提升公司行业口碑，建立对外品牌形象，提升产品核心竞争力；</span></p><p style=\"white-space: normal; font-family: Calibri; font-size: 14px; line-height: 28px;\"><strong><span style=\"font-family: 微软雅黑; line-height: 42.6667px; font-size: 18px;\">3、演示站维护</span></strong></p><p style=\"white-space: normal; font-family: Calibri; font-size: 14px; line-height: 28px;\"><span style=\"font-family: 微软雅黑; line-height: 42.6667px; font-size: 16px;\">负责所有产品演示站用户体验提升；</span></p><p style=\"white-space: normal; font-family: Calibri; font-size: 14px; line-height: 28px;\"><strong><span style=\"font-family: 微软雅黑; line-height: 42.6667px; font-size: 18px;\">4、活动策划执行</span></strong></p><p style=\"white-space: normal; font-family: Calibri; font-size: 14px; line-height: 28px;\"><span style=\"font-family: 微软雅黑; line-height: 42.6667px; font-size: 16px;\">根据产品发布、节假日、公司庆典等重大活动的策划执行；</span></p><p style=\"white-space: normal; font-family: Calibri; font-size: 14px; line-height: 28px;\"><strong><span style=\"font-family: 微软雅黑; line-height: 42.6667px; font-size: 18px;\">5、宣传推广</span></strong></p><p style=\"white-space: normal; font-family: Calibri; font-size: 14px; line-height: 28px;\"><span style=\"font-family: 微软雅黑; line-height: 42.6667px; font-size: 16px;\">负责公司网站SEO优化及产品的日常宣传推广工作；</span></p><p style=\"white-space: normal; font-family: Calibri; font-size: 14px; line-height: 28px;\"><strong><span style=\"font-family: 微软雅黑; line-height: 42.6667px; font-size: 18px;\">6、客户调研</span></strong></p><p style=\"white-space: normal; font-family: Calibri; font-size: 14px; line-height: 28px;\"><span style=\"font-family: 微软雅黑; line-height: 42.6667px; font-size: 16px;\">负责公司客户群体满意度调研；分析、优化服务流程，提升用户口碑；</span></p><p style=\"white-space: normal; font-family: Calibri; font-size: 14px; line-height: 28px;\"><strong><span style=\"font-family: 微软雅黑; line-height: 42.6667px; font-size: 18px;\">7、其他工作</span></strong></p><p style=\"white-space: normal; font-family: Calibri; font-size: 14px; line-height: 28px;\"><span style=\"font-family: 微软雅黑; line-height: 42.6667px; font-size: 16px;\">完成上级领导交代的其它事宜。</span></p><p><br/></p>', 1, NULL, NULL),
(10, 1, '产品主管', 1, 4, 1, 0, '', '<p style=\"white-space: normal; font-family: Calibri; line-height: 32px;\"><span style=\"font-size: 18px;\"><strong><span style=\"line-height: 48px; letter-spacing: 0px; background: rgb(255, 255, 255); font-family: 微软雅黑;\">一、</span></strong><strong><span style=\"line-height: 48px; letter-spacing: 0px; background: rgb(255, 255, 255); font-family: 微软雅黑;\">基本职责</span></strong></span></p><p style=\"white-space: normal; font-family: Calibri; line-height: 32px;\"><span style=\"font-family: 微软雅黑; line-height: 42.6667px; letter-spacing: 0px; font-size: 16px;\">1、进行产品研发的需求分析，包括应用场景、行业技术、市场&amp;竞品、设备效益分析等，提出新产品研发方向。<br/>2、主导产品的设计工作，包括设备功能设计、关键技术参数设计、关键性能指标设计、产品呈现设计等。<br/>3、组织硬件、算法、软件、机械和周边配套产品研发等团队成员进行新产品的详细设计，完成产品设计工作。<br/>4、组织进行新产品的加工、装配、测试和优化工作，直至产品定型，完成产品技术标准的制定。<br/>5、进行产品全生命周期管理：包括产品线规划、信息管理（版本管理、BOM管理）等。&nbsp;<br/>6、基于成本控制、性能优化进行设备的优化迭代和升级工作。</span></p><h2 style=\"white-space: normal; font-family: 宋体; font-size: 24px; line-height: 48px;\"><span style=\"font-size: 18px;\"><strong><span style=\"font-family: 微软雅黑; letter-spacing: 0px;\">二、&nbsp;其他职责</span></strong></span></h2><p style=\"white-space: normal; font-family: Calibri; line-height: 32px;\"><span style=\"font-family: 微软雅黑; line-height: 42.6667px; letter-spacing: 0px; font-size: 16px;\">1、完成领导交付的其他任务；</span></p><p style=\"white-space: normal; font-family: Calibri; line-height: 32px;\"><span style=\"font-family: 微软雅黑; line-height: 42.6667px; letter-spacing: 0px; font-size: 16px;\">2、学习最新技术，能将新技术用于项目中。</span></p><p><br/></p>', 1, NULL, NULL);
INSERT INTO `eb_rank_job` (`id`, `entid`, `name`, `cate_id`, `rank_id`, `card_id`, `job_count`, `describe`, `duty`, `status`, `created_at`, `updated_at`) VALUES
(11, 1, '测试主管', 1, 4, 1, 0, '', '<h2 style=\"white-space: normal; margin-top: 7px; margin-bottom: 7px; font-family: 宋体; font-size: 24px; margin-left: 0px; line-height: 48px;\"><span style=\"font-size: 18px;\"><strong><span style=\"font-family: 微软雅黑; line-height: 42.6667px; letter-spacing: 0px;\">1. 主要职责</span></strong></span></h2><p style=\"margin-top: 7px; margin-bottom: 7px; white-space: normal; font-family: Calibri; line-height: 32px;\"><span style=\"font-size: 16px;\"><span style=\"font-family: 微软雅黑; line-height: 42.6667px; letter-spacing: 0px; background: rgb(255, 255, 255);\">（1）负责带领团队完成项目测试工作；</span><span style=\"font-family: 微软雅黑; line-height: 42.6667px; color: rgb(81, 88, 109); letter-spacing: 0px; background: rgb(255, 255, 255);\"><br/></span><span style=\"font-family: 微软雅黑; line-height: 42.6667px; letter-spacing: 0px; background: rgb(255, 255, 255);\">（2）负责项目各阶段的跨部门协作与评审工作，根据项目实际情况制定测试方案、计划，安排组内成员任务分工，确保测试工作按时、按质完成；</span><span style=\"font-family: 微软雅黑; line-height: 42.6667px; color: rgb(81, 88, 109); letter-spacing: 0px; background: rgb(255, 255, 255);\"><br/></span><span style=\"font-family: 微软雅黑; line-height: 42.6667px; letter-spacing: 0px; background: rgb(255, 255, 255);\">（3）负责测试方案、计划，安排测试用例的编写，并进行组内、组外用例评审；</span><span style=\"font-family: 微软雅黑; line-height: 42.6667px; color: rgb(81, 88, 109); letter-spacing: 0px; background: rgb(255, 255, 255);\"><br/></span><span style=\"font-family: 微软雅黑; line-height: 42.6667px; letter-spacing: 0px; background: rgb(255, 255, 255);\">（4）负责测试环境的搭建、维护工作，负责Git权限管理、项目备份等工作；</span><span style=\"font-family: 微软雅黑; line-height: 42.6667px; color: rgb(81, 88, 109); letter-spacing: 0px; background: rgb(255, 255, 255);\"><br/></span><span style=\"font-family: 微软雅黑; line-height: 42.6667px; letter-spacing: 0px; background: rgb(255, 255, 255);\">（5）负责软件功能、安全性、性能、自动化等方面的测试工作；</span><span style=\"font-family: 微软雅黑; line-height: 42.6667px; color: rgb(81, 88, 109); letter-spacing: 0px; background: rgb(255, 255, 255);\"><br/></span><span style=\"font-family: 微软雅黑; line-height: 42.6667px; letter-spacing: 0px; background: rgb(255, 255, 255);\">（6）负责确保项目按需保质保量的按时完成，并且输出测试报告；</span><span style=\"font-family: 微软雅黑; line-height: 42.6667px; color: rgb(81, 88, 109); letter-spacing: 0px; background: rgb(255, 255, 255);\"><br/></span><span style=\"font-family: 微软雅黑; line-height: 42.6667px; letter-spacing: 0px; background: rgb(255, 255, 255);\">（7）负责协助运维进行项目部署、更新、上线工作；</span><span style=\"font-family: 微软雅黑; line-height: 42.6667px; color: rgb(81, 88, 109); letter-spacing: 0px; background: rgb(255, 255, 255);\"><br/></span><span style=\"font-family: 微软雅黑; line-height: 42.6667px; letter-spacing: 0px; background: rgb(255, 255, 255);\">（8）负责测试团队的管理、定期技术分享、定期技术培训、团队建设；</span><span style=\"font-family: 微软雅黑; line-height: 42.6667px; color: rgb(81, 88, 109); letter-spacing: 0px; background: rgb(255, 255, 255);\"><br/></span><span style=\"font-family: 微软雅黑; line-height: 42.6667px; letter-spacing: 0px; background: rgb(255, 255, 255);\">（9）完成中心领导交办的工作。</span></span></p><h2 style=\"white-space: normal; margin-top: 7px; margin-bottom: 7px; font-family: 宋体; font-size: 24px; margin-left: 0px; line-height: 48px;\"><span style=\"font-size: 18px;\"><strong><span style=\"font-family: 微软雅黑; line-height: 42.6667px; letter-spacing: 0px;\">2. 技术管理</span></strong></span></h2><p style=\"margin-top: 7px; margin-bottom: 7px; white-space: normal; font-family: Calibri; line-height: 32px;\"><span style=\"font-family: 微软雅黑; line-height: 42.6667px; letter-spacing: 0px; font-size: 16px;\">（1）参与实施软件质量保证工作，促进公司软件质量体系建设、持续改进；</span></p><p style=\"margin-top: 7px; margin-bottom: 7px; white-space: normal; font-family: Calibri; line-height: 32px;\"><span style=\"font-family: 微软雅黑; line-height: 42.6667px; letter-spacing: 0px; font-size: 16px;\">（2）学习当前市场上流行的测试技术，并要求适应于产品整体测试；</span></p><p style=\"margin-top: 7px; margin-bottom: 7px; white-space: normal; font-family: Calibri; line-height: 32px;\"><span style=\"font-family: 微软雅黑; line-height: 42.6667px; letter-spacing: 0px; font-size: 16px;\">（3）参与分析产品在测试过程的经验和教训，纳入测试资产库，为后期项目提供有效经验和数据。</span></p><h2 style=\"white-space: normal; margin-top: 7px; margin-bottom: 7px; font-family: 宋体; font-size: 24px; margin-left: 0px; line-height: 48px;\"><span style=\"font-size: 18px;\"><span style=\"font-family: 微软雅黑; line-height: 42.6667px; letter-spacing: 0px; font-weight: normal;\">3.&nbsp;</span><strong><span style=\"font-family: 微软雅黑; line-height: 42.6667px; letter-spacing: 0px;\">其他职责</span></strong></span></h2><p style=\"margin-top: 7px; margin-bottom: 7px; white-space: normal; font-family: Calibri; line-height: 32px;\"><span style=\"font-family: 微软雅黑; line-height: 42.6667px; letter-spacing: 0px; font-size: 16px;\">（1）对软件测试技术管理；</span></p><p style=\"margin-top: 7px; margin-bottom: 7px; white-space: normal; font-family: Calibri; line-height: 32px;\"><span style=\"font-family: 微软雅黑; line-height: 42.6667px; letter-spacing: 0px; font-size: 16px;\">（2）完成领导交付的其他任务。</span></p><p style=\"margin-top: 7px; margin-bottom: 7px; white-space: normal; font-family: Calibri; line-height: 32px;\"><span style=\"font-family: 微软雅黑; line-height: 42.6667px; letter-spacing: 0px; font-size: 16px;\">（3）学习最新技术，能将新技术用于项目中；</span></p><p style=\"margin-top: 7px; margin-bottom: 7px; white-space: normal; font-family: Calibri; line-height: 32px;\"><span style=\"font-family: 微软雅黑; line-height: 42.6667px; letter-spacing: 0px; font-size: 16px;\">（4）完善测试部内部流程和规范。</span></p><p><br/></p>', 1, NULL, NULL),
(12, 1, '项目经理', 1, 4, 1, 0, '', '<p style=\"margin-top: 7px; margin-bottom: 7px; white-space: normal; font-family: Calibri; line-height: 32px;\"><span style=\"font-size: 18px;\"><span style=\"font-family: 微软雅黑; letter-spacing: 0px; font-weight: bold; background: rgb(255, 255, 255);\">一、</span><strong><span style=\"line-height: 42.6667px; letter-spacing: 0px; background: rgb(255, 255, 255); font-family: 微软雅黑;\">基本职责</span></strong></span></p><p style=\"margin-top: 9px; margin-bottom: 9px; white-space: normal; font-family: Calibri; line-height: 32px;\"><span style=\"font-family: 微软雅黑; line-height: 42.6667px; letter-spacing: 0px; font-size: 16px;\">对接客户，了解项目需求，进行项目管理，对整体的交付结果负责，主要职责包括：<br/>1、按照管理范围，与对口的客户经理共同进行客户对接，确保沟通顺畅，维系良好的客户关系和满意度，并进行需求挖掘；<br/>2、对项目进行全流程，按时、保质、保量交付项目成果。包括项目分析、计划制定、资源配置、任务分配、风险识别、过程监控、问题解决以及成本控制、文档与知识管理及保密管理等；<br/>3、专兼职团队建设与人才培训、带教、培养，建设高效能团队；<br/>4、统计、登记、数据分析与结算管理；<br/>5、试译、试标、返修管理、客户满意度管理、CSR制作、大客户服务能力提升等客户服务相关工作。</span></p><h2 style=\"white-space: normal; margin-top: 9px; margin-bottom: 9px; font-family: 宋体; font-size: 24px; margin-left: 0px; line-height: 48px;\"><span style=\"font-size: 18px;\"><strong><span style=\"font-family: 微软雅黑; line-height: 42.6667px; letter-spacing: 0px;\">二、&nbsp;其他职责</span></strong></span></h2><p style=\"margin-top: 9px; margin-bottom: 9px; white-space: normal; font-family: Calibri; line-height: 32px;\"><span style=\"font-family: 微软雅黑; line-height: 42.6667px; letter-spacing: 0px; font-size: 16px;\">1、完成领导交付的其他任务；</span></p><p style=\"margin-top: 9px; margin-bottom: 9px; white-space: normal; font-family: Calibri; line-height: 32px;\"><span style=\"font-family: 微软雅黑; line-height: 42.6667px; letter-spacing: 0px; font-size: 16px;\">2、学习最新技术，能将新技术用于项目中。</span></p><p><br/></p>', 1, NULL, NULL),
(13, 1, '部门经理', 1, 4, 1, 0, '', '<p style=\"margin-top: 7px; margin-bottom: 7px; white-space: normal; font-family: Calibri; line-height: 32px;\"><span style=\"font-size: 18px;\"><strong><span style=\"font-family: 微软雅黑; line-height: 42.6667px; letter-spacing: 0px; background: rgb(255, 255, 255);\">一、基本职责</span></strong></span></p><p style=\"white-space: normal; font-family: Calibri; font-size: 14px; line-height: 28px;\"><span style=\"font-family: 微软雅黑; line-height: 42.6667px; letter-spacing: 0px; background: rgb(255, 255, 255); font-size: 16px;\">1. 负责部门内部的日常管理工作。<br/>2. 负责与其他部门的协调对接配合工作。<br/>3. 负责监督本部门员工的规范服务、工作技能，职业道德。<br/>4. 负责跟踪单源，协调与维护客户关系。<br/>5. 负责部门的任务下达，制定任务目标、执行原则及部门考核制度。<br/>6. 负责对新员工进行工作流程的培训及日常指导工作。<br/>7. 负责安排编制部门人员的工作职责，根据公司的年度计划、项目计划编制相关计划，并实行。<br/>8. 负责开展部门的输入、验证、输出、确认等相关评审工作，控制项目及产品的方向与质量，把握部门发展方向。<br/>9. 了解部门人员的优缺点，并根据个人技能和成长计划安排部门人员工作。<br/>10. 领导项目中的方法及解决方案。<br/>11. 协助上级领导处理日常相关协调问题及配合其他部门工作。<br/>12. 负责把握项目开发过程中节点控制，与项目团队一起定期组织开发进展会议，及时调整项目开发计划。<br/>13. 组织项目结题会议，总结开发总的问题、经验、组织人员对文档成果和技术成果的总结与归档。<br/>14. 了解行业流程，并会编写相关设计方案，与客户保持近距离沟通与联系。<br/>15. 有较强的执行力和协调能力，能及时处理相关问题及协调配合其他部门人员调动问题。</span></p><h2 style=\"white-space: normal; margin-top: 9px; margin-bottom: 9px; font-family: 宋体; font-size: 24px; margin-left: 0px; line-height: 48px;\"><span style=\"font-size: 18px;\"><strong><span style=\"font-family: 微软雅黑; line-height: 42.6667px; letter-spacing: 0px; font-weight: normal;\">二、&nbsp;</span><span style=\"font-family: 微软雅黑; line-height: 42.6667px; letter-spacing: 0px;\">其他职责</span></strong></span></h2><p style=\"margin-top: 9px; margin-bottom: 9px; white-space: normal; font-family: Calibri; line-height: 32px;\"><span style=\"font-family: 微软雅黑; line-height: 42.6667px; letter-spacing: 0px; font-size: 16px;\">1. 完成领导交付的其他任务；</span></p><p style=\"margin-top: 9px; margin-bottom: 9px; white-space: normal; font-family: Calibri; line-height: 32px;\"><span style=\"font-family: 微软雅黑; line-height: 42.6667px; letter-spacing: 0px; font-size: 16px;\">2. 学习最新技术，能将新技术用于项目中。</span></p><p><br/></p>', 1, NULL, NULL),
(14, 1, '客服主管', 1, 4, 1, 0, '', '<p style=\"margin-top: 7px; margin-bottom: 7px; white-space: normal; font-family: Calibri; line-height: 32px;\"><span style=\"font-size: 18px;\"><strong><span style=\"font-family: 微软雅黑; line-height: 48px;\">1. 目标制定</span></strong></span></p><p style=\"margin-top: 7px; margin-bottom: 7px; white-space: normal; font-family: Calibri; line-height: 32px;\"><span style=\"font-family: 微软雅黑; line-height: 42.6667px; letter-spacing: 0px;\">协助客服经理制定团队成员月度销售目标；自己达成销售目标的同时，确保团队成员销售目标达成，带领团队实现业绩突破；</span></p><h2 style=\"white-space: normal; margin-top: 7px; margin-bottom: 7px; font-family: 宋体; font-size: 24px; margin-left: 0px; line-height: 48px;\"><span style=\"font-size: 18px;\"><strong><span style=\"font-family: 微软雅黑;\">2. 制度落实</span></strong></span></h2><p style=\"margin-top: 7px; margin-bottom: 7px; white-space: normal; font-family: Calibri; line-height: 32px;\"><span style=\"font-family: 微软雅黑; line-height: 42.6667px; letter-spacing: 0px;\">负责落实团队岗位职责、部门制度；按时完成工作总结、绩效制定、评定；兑现团队奖励、处罚制度；</span></p><h2 style=\"white-space: normal; margin-top: 7px; margin-bottom: 7px; font-family: 宋体; font-size: 24px; margin-left: 0px; line-height: 48px;\"><span style=\"font-size: 18px;\"><strong><span style=\"font-family: 微软雅黑;\">3. 团队培训</span></strong></span></h2><p style=\"margin-top: 7px; margin-bottom: 7px; white-space: normal; font-family: Calibri; line-height: 32px;\"><span style=\"font-family: 微软雅黑; line-height: 42.6667px; letter-spacing: 0px;\">负责组织团队成员了解产品功能、熟悉产品知识，培训日常工作流程、销售技巧；提升团队成员业务能力；</span></p><h2 style=\"white-space: normal; margin-top: 7px; margin-bottom: 7px; font-family: 宋体; font-size: 24px; margin-left: 0px; line-height: 48px;\"><span style=\"font-size: 18px;\"><strong><span style=\"font-family: 微软雅黑;\">4. 工作检查</span></strong></span></h2><p style=\"margin-top: 7px; margin-bottom: 7px; white-space: normal; font-family: Calibri; line-height: 32px;\"><span style=\"font-family: 微软雅黑; line-height: 42.6667px; letter-spacing: 0px;\">定期检查团队成员聊天记录、客户跟踪情况、客户回访记录，发现问题及时引导纠正；了解团队成员重点意向客户，协助团队成员达成客户成交；</span></p><h2 style=\"white-space: normal; margin-top: 7px; margin-bottom: 7px; font-family: 宋体; font-size: 24px; margin-left: 0px; line-height: 48px;\"><span style=\"font-size: 18px;\"><strong><span style=\"font-family: 微软雅黑;\">5. 人才培养</span></strong></span></h2><p style=\"margin-top: 7px; margin-bottom: 7px; white-space: normal; font-family: Calibri; line-height: 32px;\"><span style=\"font-family: 微软雅黑; line-height: 42.6667px; letter-spacing: 0px;\">负责团队成员培训，及时完善优化客服话术；定时培训、辅导、检查修正，提高团队人员工作能力；通过传、帮、带机制，组建团队门人才梯队；</span></p><h2 style=\"white-space: normal; margin-top: 7px; margin-bottom: 7px; font-family: 宋体; font-size: 24px; margin-left: 0px; line-height: 48px;\"><span style=\"font-size: 18px;\"><strong><span style=\"font-family: 微软雅黑;\">6. 客户维护</span></strong></span></h2><p style=\"margin-top: 7px; margin-bottom: 7px; white-space: normal; font-family: Calibri; line-height: 32px;\"><span style=\"font-family: 微软雅黑; line-height: 42.6667px; letter-spacing: 0px;\">定期检查团队成员用户管理情况，确保团队成员按照相关要求，做好客户分组、打好用户标签；检查工作微信的朋友圈运营情况，落实团队成员活动期间消息群发、活动推文转发、朋友圈宣传工作；</span></p><h2 style=\"white-space: normal; margin-top: 7px; margin-bottom: 7px; font-family: 宋体; font-size: 24px; margin-left: 0px; line-height: 48px;\"><span style=\"font-size: 18px;\"><strong><span style=\"font-family: 微软雅黑;\">7. 问题处理</span></strong></span></h2><p style=\"margin-top: 7px; margin-bottom: 7px; white-space: normal; font-family: Calibri; line-height: 32px;\"><span style=\"font-family: 微软雅黑; line-height: 42.6667px; letter-spacing: 0px;\">负责团队成员日常工作遇到的问题处理；及时处理客诉，异常客户上报；与相关部门沟通及时解决客户问题；</span></p><h2 style=\"white-space: normal; margin-top: 7px; margin-bottom: 7px; font-family: 宋体; font-size: 24px; margin-left: 0px; line-height: 48px;\"><span style=\"font-size: 18px;\"><strong><span style=\"font-family: 微软雅黑;\">8. 值班安排</span></strong></span></h2><p style=\"margin-top: 7px; margin-bottom: 7px; white-space: normal; font-family: Calibri; line-height: 32px;\"><span style=\"font-family: 微软雅黑; line-height: 42.6667px; letter-spacing: 0px;\">协助客服经理做好重大活动、周末、节假日工作安排；</span></p><h2 style=\"white-space: normal; margin-top: 7px; margin-bottom: 7px; font-family: 宋体; font-size: 24px; margin-left: 0px; line-height: 48px;\"><span style=\"font-size: 18px;\"><strong><span style=\"font-family: 微软雅黑;\">9. 团队激励</span></strong></span></h2><p style=\"margin-top: 7px; margin-bottom: 7px; white-space: normal; font-family: Calibri; line-height: 32px;\"><span style=\"font-family: 微软雅黑; line-height: 42.6667px; letter-spacing: 0px;\">关注团队成员工作状态，做好团队激励，鼓舞团队士气；按时完成团队绩效考核制定、绩效评分；</span></p><h2 style=\"white-space: normal; margin-top: 7px; margin-bottom: 7px; font-family: 宋体; font-size: 24px; margin-left: 0px; line-height: 48px;\"><span style=\"font-size: 18px;\"><strong><span style=\"font-family: 微软雅黑;\">10. 用户体验</span></strong></span></h2><p style=\"margin-top: 7px; margin-bottom: 7px; white-space: normal; font-family: Calibri; line-height: 32px;\"><span style=\"font-family: 微软雅黑; line-height: 42.6667px; letter-spacing: 0px;\">确保团队成员所负责的产品演示站顺利访问，演示站产品、幻灯片、活动产品开启、添加美化；确保演示站后台权限完整性，提升演示站用户体验；</span></p><h2 style=\"white-space: normal; margin-top: 7px; margin-bottom: 7px; font-family: 宋体; font-size: 24px; margin-left: 0px; line-height: 48px;\"><span style=\"font-size: 18px;\"><strong><span style=\"font-family: 微软雅黑;\">11. 问题收集</span></strong></span></h2><p style=\"margin-top: 7px; margin-bottom: 7px; white-space: normal; font-family: Calibri; line-height: 32px;\"><span style=\"font-family: 微软雅黑; line-height: 42.6667px; letter-spacing: 0px;\">负责团队成员负责项目论坛回复、客户回复，问题建议收集及时提交TAPD并与项目负责人反馈处理问题；</span></p><h2 style=\"white-space: normal; margin-top: 7px; margin-bottom: 7px; font-family: 宋体; font-size: 24px; margin-left: 0px; line-height: 48px;\"><span style=\"font-size: 18px;\"><strong><span style=\"font-family: 微软雅黑;\">12. 日报查看</span></strong></span></h2><p style=\"margin-top: 7px; margin-bottom: 7px; white-space: normal; font-family: Calibri; line-height: 32px;\"><span style=\"font-family: 微软雅黑; line-height: 42.6667px; letter-spacing: 0px;\">团队成员工作日报查看及回复鼓励；</span></p><h2 style=\"white-space: normal; margin-top: 7px; margin-bottom: 7px; font-family: 宋体; font-size: 24px; margin-left: 0px; line-height: 48px;\"><span style=\"font-size: 18px;\"><strong><span style=\"font-family: 微软雅黑;\">13. 其他工作</span></strong></span></h2><p style=\"margin-top: 7px; margin-bottom: 7px; white-space: normal; font-family: Calibri; line-height: 32px;\"><span style=\"font-family: 微软雅黑; line-height: 42.6667px; letter-spacing: 0px;\">完成上级领导交代的其它事宜。</span></p><p><br/></p>', 1, NULL, NULL),
(15, 1, '客服经理', 1, 4, 1, 0, '', '<h2 style=\"white-space: normal; margin-top: 7px; margin-bottom: 7px; font-family: 宋体; font-size: 24px; margin-left: 0px; line-height: 48px;\"><span style=\"font-size: 18px;\"><strong><span style=\"font-family: 微软雅黑; letter-spacing: 0px;\">1.&nbsp;</span></strong><strong><span style=\"font-family: 微软雅黑; letter-spacing: 0px;\">部门管理统筹工作</span></strong></span></h2><p style=\"margin-top: 7px; margin-bottom: 7px; white-space: normal; font-family: Calibri; line-height: 32px;\"><span style=\"font-family: 微软雅黑; line-height: 42.6667px; letter-spacing: 0px; background: rgb(255, 255, 255); font-size: 16px;\">（1）负责客服部门相关规章制度的更新完善，并落实执行；优化工作流程、规范工作内容，做好部门工作统筹安排，提升工作效率及成交率；</span></p><p style=\"margin-top: 7px; margin-bottom: 7px; white-space: normal; font-family: Calibri; line-height: 32px;\"><span style=\"font-family: 微软雅黑; line-height: 42.6667px; letter-spacing: 0px; background: rgb(255, 255, 255); font-size: 16px;\">（2）根据公司整体目标，制定部门年度、季度、月度销售目标，并进行目标分解；确保客服团队月度、季度、年度业绩目标达成，带领团队实现业绩突破；</span></p><p style=\"margin-top: 7px; margin-bottom: 7px; white-space: normal; font-family: Calibri; line-height: 32px;\"><span style=\"font-family: 微软雅黑; line-height: 42.6667px; letter-spacing: 0px; background: rgb(255, 255, 255); font-size: 16px;\">（3）组织部门内部培训，提高部门人员工作能力；制定部门人才培养计划，建立团队传、帮、带机制，组建部门人才梯队；</span></p><p style=\"margin-top: 7px; margin-bottom: 7px; white-space: normal; font-family: Calibri; line-height: 32px;\"><span style=\"font-size: 16px;\"><span style=\"font-size: 16px; font-family: 微软雅黑; line-height: 42.6667px; letter-spacing: 0px;\">（4）制定团队销售目标，奖罚措施，考核标准。做好团队激励，鼓舞团队士气；按时完成部门</span><span style=\"font-size: 16px; line-height: 42.6667px; letter-spacing: 0px; background: rgb(255, 255, 255); font-family: 微软雅黑;\">绩效考核制定、绩效评分；按照相关制度，落实部门成员晋升、淘汰机制；</span></span></p><p style=\"margin-top: 7px; margin-bottom: 7px; white-space: normal; font-family: Calibri; line-height: 32px;\"><span style=\"font-family: 微软雅黑; line-height: 42.6667px; letter-spacing: 0px; background: rgb(255, 255, 255); font-size: 16px;\">（5）负责重大活动、周末、节假日部门工作安排，合理安排值班。</span></p><h2 style=\"white-space: normal; margin-top: 7px; margin-bottom: 7px; font-family: 宋体; font-size: 24px; margin-left: 0px; line-height: 48px;\"><span style=\"font-size: 18px;\"><span style=\"font-family: 微软雅黑; letter-spacing: 0px; font-weight: normal; background: rgb(255, 255, 255);\">2.&nbsp;</span><strong><span style=\"font-family: 微软雅黑; letter-spacing: 0px;\">部门日常管理工作</span></strong></span></h2><p style=\"margin-top: 7px; margin-bottom: 7px; white-space: normal; font-family: Calibri; line-height: 32px;\"><span style=\"font-size: 16px;\"><span style=\"font-size: 16px; font-family: 微软雅黑; line-height: 42.6667px; letter-spacing: 0px; background: rgb(255, 255, 255);\">（1）负责客情关系维护，提升团队服务质量；做到客户零投诉，提升产品口碑。协调、解决客服部日常工作遇到的问题；及时处理</span><span style=\"font-size: 16px; font-family: 微软雅黑; line-height: 42.6667px; letter-spacing: 0px;\">客诉和危机事件，异常客户上报，并制定应对策略，与相关部门沟通及时解决客户问题；</span></span></p><p style=\"margin-top: 7px; margin-bottom: 7px; white-space: normal; font-family: Calibri; line-height: 32px;\"><span style=\"font-family: 微软雅黑; line-height: 42.6667px; letter-spacing: 0px; background: rgb(255, 255, 255); font-size: 16px;\">（2）收集整理客户问题、建议反馈；并按相关制度检查、执行，与相关部门做好对接；</span></p><p style=\"margin-top: 7px; margin-bottom: 7px; white-space: normal; font-family: Calibri; line-height: 32px;\"><span style=\"font-family: 微软雅黑; line-height: 42.6667px; letter-spacing: 0px; background: rgb(255, 255, 255); font-size: 16px;\">（3）每日召开部门例会，定期检查部门人员工作，抽查客服聊天记录，通过复盘、培训引导，提升团队服务质量。</span></p><p style=\"margin-top: 7px; margin-bottom: 7px; white-space: normal; font-family: Calibri; line-height: 32px;\"><span style=\"font-family: 微软雅黑; line-height: 42.6667px; letter-spacing: 0px; background: rgb(255, 255, 255); font-size: 16px;\">（4）定时和产品部门对接，确定新版本发布计划以及产品调整及时通知部门内部；</span></p><p style=\"margin-top: 7px; margin-bottom: 7px; white-space: normal; font-family: Calibri; line-height: 32px;\"><span style=\"font-family: 微软雅黑; line-height: 42.6667px; letter-spacing: 0px; background: rgb(255, 255, 255); font-size: 16px;\">（5）定时和运营部门对接，提前将节日、活动内容及产品价格通知到部门内部。</span></p><h2 style=\"white-space: normal; margin-top: 7px; margin-bottom: 7px; font-family: 宋体; font-size: 24px; margin-left: 0px; line-height: 48px;\"><span style=\"font-size: 18px;\"><span style=\"font-family: 微软雅黑; letter-spacing: 0px; font-weight: normal; background: rgb(255, 255, 255);\">3.&nbsp;</span><strong><span style=\"font-family: 微软雅黑; letter-spacing: 0px;\">检查协调工作</span></strong></span></h2><p style=\"margin-top: 7px; margin-bottom: 7px; white-space: normal; font-family: Calibri; line-height: 32px;\"><span style=\"font-family: 微软雅黑; line-height: 42.6667px; letter-spacing: 0px; background: rgb(255, 255, 255); font-size: 16px;\">（1）日报查看及回复鼓励；</span></p><p style=\"margin-top: 7px; margin-bottom: 7px; white-space: normal; font-family: Calibri; line-height: 32px;\"><span style=\"font-family: 微软雅黑; line-height: 42.6667px; letter-spacing: 0px; background: rgb(255, 255, 255); font-size: 16px;\">（2）客户退款、改价审批；</span></p><p style=\"margin-top: 7px; margin-bottom: 7px; white-space: normal; font-family: Calibri; line-height: 32px;\"><span style=\"font-family: 微软雅黑; line-height: 42.6667px; letter-spacing: 0px; background: rgb(255, 255, 255); font-size: 16px;\">（3）监督完善、优化客服话术；</span></p><p style=\"margin-top: 7px; margin-bottom: 7px; white-space: normal; font-family: Calibri; line-height: 32px;\"><span style=\"font-family: 微软雅黑; line-height: 42.6667px; letter-spacing: 0px; background: rgb(255, 255, 255); font-size: 16px;\">（4）提升淘宝店铺用户好评；</span></p><p style=\"margin-top: 7px; margin-bottom: 7px; white-space: normal; font-family: Calibri; line-height: 32px;\"><span style=\"font-family: 微软雅黑; line-height: 42.6667px; letter-spacing: 0px; background: rgb(255, 255, 255); font-size: 16px;\">（5）引导团队成员做好品牌、产品推广工作；检查客服发帖推广、加群宣传及演示站意向客户沟通等；以及公司活动内容评论、点赞检查、发送朋友圈、活动政策宣传检查。</span></p><h2 style=\"white-space: normal; margin-top: 7px; margin-bottom: 7px; font-family: 宋体; font-size: 24px; margin-left: 0px; line-height: 48px;\"><span style=\"font-size: 18px;\"><strong><span style=\"font-family: 微软雅黑; letter-spacing: 0px; background: rgb(255, 255, 255);\">4. 其他工作</span></strong></span></h2><p style=\"margin-top: 7px; margin-bottom: 7px; white-space: normal; font-family: Calibri; line-height: 32px;\"><span style=\"font-family: 微软雅黑; line-height: 42.6667px; letter-spacing: 0px; background: rgb(255, 255, 255); font-size: 16px;\">完成上级领导交代的其它事宜。</span></p><p><br/></p>', 1, NULL, NULL),
(16, 1, '架构师', 2, 6, 1, 0, '', '<h2 style=\"white-space: normal; margin-top: 7px; margin-bottom: 7px; font-family: 宋体; font-size: 24px; margin-left: 0px; line-height: 48px;\"><span style=\"font-size: 18px;\"><strong><span style=\"font-family: 微软雅黑; letter-spacing: 0px; background: rgb(255, 255, 255);\">1. 基本职责</span></strong></span><span style=\"font-size: 16px;\"><strong><span style=\"font-family: 微软雅黑; letter-spacing: 0px; background: rgb(255, 255, 255);\"></span></strong><strong><span style=\"font-family: 微软雅黑; letter-spacing: 0px; background: rgb(255, 255, 255);\"></span></strong></span></h2><p style=\"margin-top: 7px; margin-bottom: 7px; white-space: normal; font-family: Calibri; line-height: 32px;\"><span style=\"font-size: 16px;\"><span style=\"font-size: 18px; font-family: 微软雅黑; line-height: 42.6667px; letter-spacing: 0px; background: rgb(255, 255, 255);\">（1）负责打造平台的系统架构设计、技术可行性研究及选型；</span><span style=\"font-size: 18px; font-family: 微软雅黑; line-height: 37.3333px; color: rgb(81, 88, 109); letter-spacing: 0px; background: rgb(255, 255, 255);\"><br/></span><span style=\"font-size: 18px; font-family: 微软雅黑; line-height: 42.6667px; letter-spacing: 0px; background: rgb(255, 255, 255);\">（2）负责核心模块实现和技术难点攻关，系统性能优化，保证系统安全、稳定；</span><span style=\"font-size: 18px; font-family: 微软雅黑; line-height: 37.3333px; color: rgb(81, 88, 109); letter-spacing: 0px; background: rgb(255, 255, 255);\"><br/></span><span style=\"font-size: 18px; font-family: 微软雅黑; line-height: 42.6667px; letter-spacing: 0px; background: rgb(255, 255, 255);\">（3）不断改善现有基础设施的服务能力以适应业务发展的需要；</span><span style=\"font-size: 18px; font-family: 微软雅黑; line-height: 37.3333px; color: rgb(81, 88, 109); letter-spacing: 0px; background: rgb(255, 255, 255);\"><br/></span><span style=\"font-size: 18px; font-family: 微软雅黑; line-height: 42.6667px; letter-spacing: 0px; background: rgb(255, 255, 255);\">（4）前瞻性的规划某个领域的架构设计，容量，和应急预案；</span><span style=\"font-size: 18px; font-family: 微软雅黑; line-height: 37.3333px; color: rgb(81, 88, 109); letter-spacing: 0px; background: rgb(255, 255, 255);\"><br/></span><span style=\"font-size: 18px; font-family: 微软雅黑; line-height: 42.6667px; letter-spacing: 0px; background: rgb(255, 255, 255);\">（5）指导和培养技术团队工程师，协助提升团队整体技术实力；</span></span></p><h2 style=\"white-space: normal; margin-top: 7px; margin-bottom: 7px; font-family: 宋体; font-size: 24px; margin-left: 0px; line-height: 48px;\"><span style=\"font-size: 18px;\"><strong><span style=\"font-family: 微软雅黑; letter-spacing: 0px;\">2. 技术管理</span></strong></span><span style=\"font-size: 16px;\"><strong><span style=\"font-size: 18px; font-family: 微软雅黑; letter-spacing: 0px;\"></span></strong><strong><span style=\"font-size: 18px; font-family: 微软雅黑; letter-spacing: 0px;\"></span></strong></span></h2><p style=\"margin-top: 7px; margin-bottom: 7px; white-space: normal; font-family: Calibri; line-height: 32px;\"><span style=\"font-family: 微软雅黑; line-height: 42.6667px; letter-spacing: 0px; font-size: 16px;\">（1）参与实施技术架构质量保证工作，促进公司技术架构质量体系建设、持续改进；</span></p><p style=\"margin-top: 7px; margin-bottom: 7px; white-space: normal; font-family: Calibri; line-height: 32px;\"><span style=\"font-family: 微软雅黑; line-height: 42.6667px; letter-spacing: 0px; font-size: 16px;\">（2）学习当前市场上流行的架构技术，并要求适应于产品整体架构；</span></p><p style=\"margin-top: 7px; margin-bottom: 7px; white-space: normal; font-family: Calibri; line-height: 32px;\"><span style=\"font-family: 微软雅黑; line-height: 42.6667px; letter-spacing: 0px; font-size: 16px;\">（3）参与分析产品在开发过程的经验和教训，纳入资产库，为后期项目提供有效经验和数据。</span></p><h2 style=\"white-space: normal; margin-top: 7px; margin-bottom: 7px; text-align: justify; font-family: 宋体; font-size: 24px; margin-left: 0px; line-height: 48px;\"><span style=\"font-size: 18px;\"><span style=\"font-family: 微软雅黑; letter-spacing: 0px; font-weight: normal;\">3.&nbsp;</span><strong><span style=\"font-family: 微软雅黑; letter-spacing: 0px;\">其他职责</span></strong></span><span style=\"font-size: 16px;\"><strong><span style=\"font-size: 18px; font-family: 微软雅黑; letter-spacing: 0px;\"></span></strong><strong><span style=\"font-size: 18px; font-family: 微软雅黑; letter-spacing: 0px;\"></span></strong></span></h2><p style=\"margin-top: 7px; margin-bottom: 7px; white-space: normal; font-family: Calibri; line-height: 32px;\"><span style=\"font-family: 微软雅黑; line-height: 42.6667px; letter-spacing: 0px; font-size: 16px;\">（1）完成领导交付的其他任务；</span></p><p style=\"margin-top: 7px; margin-bottom: 7px; white-space: normal; font-family: Calibri; line-height: 32px;\"><span style=\"font-family: 微软雅黑; line-height: 42.6667px; letter-spacing: 0px; font-size: 16px;\">（2）学习最新技术，能将新技术用于项目中。</span></p>', 1, NULL, NULL),
(17, 1, '前端技术负责人', 2, 7, 1, 0, '', '<p style=\"white-space: normal; font-family: Calibri; font-size: 14px; line-height: 28px;\"><span style=\"font-size: 18px;\"><strong><span style=\"font-family: 微软雅黑; line-height: 42.6667px;\">一、基本职责</span></strong></span></p><p style=\"white-space: normal; font-family: Calibri; font-size: 14px; line-height: 28px;\"><span style=\"font-family: 微软雅黑; line-height: 42.6667px; font-size: 16px;\">1、负责流程的优化，发现卡点，痛点优化流程<br/>2、较强的现场管理能力，和丰富的管理能力<br/>3、人才梯队的搭建与管理能力<br/>4、有较强的学习能力，能够适应规则的更迭</span></p><p style=\"white-space: normal; font-family: Calibri; font-size: 14px; line-height: 28px;\"><span style=\"font-family: 微软雅黑; line-height: 42.6667px; font-size: 16px;\">5、负责团队技术规范，参与技术方案设计和技术难题攻关，负责多业务线、多场景交叉复杂业务逻辑抽象优化；</span></p><p style=\"white-space: normal; font-family: Calibri; font-size: 14px; line-height: 28px;\"><span style=\"font-family: 微软雅黑; line-height: 42.6667px; font-size: 16px;\">6、持续对系统架构进行改造和优化；合理安排架构，实现代码可维护性、可读性高</span></p><p style=\"white-space: normal; font-family: Calibri; font-size: 14px; line-height: 28px;\"><span style=\"font-family: 微软雅黑; line-height: 42.6667px; font-size: 16px;\">7、根据产品需求，进行系统设计和编码，理解业务、快速响应；</span></p><p style=\"white-space: normal; font-family: Calibri; font-size: 14px; line-height: 28px;\"><span style=\"font-size: 18px;\"><strong><span style=\"font-family: 微软雅黑; line-height: 42.6667px;\">二、&nbsp;其他职责</span></strong></span></p><p style=\"white-space: normal; font-family: Calibri; font-size: 14px; line-height: 28px;\"><span style=\"font-family: 微软雅黑; line-height: 42.6667px; font-size: 16px;\">1、完成领导交付的其他任务；</span></p><p style=\"white-space: normal; font-family: Calibri; font-size: 14px; line-height: 28px;\"><span style=\"font-family: 微软雅黑; line-height: 42.6667px; font-size: 16px;\">2、学习最新技术，能将新技术用于项目中。</span></p><p><br/></p>', 1, NULL, NULL),
(18, 1, '后端技术负责人', 2, 7, 1, 0, '', '<p><strong><span style=\"background-color: rgb(255, 255, 255); font-family: 微软雅黑, &quot;Microsoft YaHei&quot;; font-size: 18px; letter-spacing: 0px;\">1、</span><span style=\"background-color: rgb(255, 255, 255); font-family: 微软雅黑, &quot;Microsoft YaHei&quot;; font-size: 18px; letter-spacing: 0px;\">设计研发</span></strong><br/></p><p style=\"font-family: Calibri; font-size: 14px; white-space: normal; line-height: 28px;\"><span style=\"line-height: 48px; letter-spacing: 0px; background: rgb(255, 255, 255); font-size: 16px; font-family: 微软雅黑, &quot;Microsoft YaHei&quot;;\">负责公司产品的后端设计和研发工作，产品服务端核心业务的开发；<br/><span style=\"line-height: 48px; letter-spacing: 0px; background-image: initial; background-position: initial; background-size: initial; background-repeat: initial; background-attachment: initial; background-origin: initial; background-clip: initial; font-size: 18px;\"><strong>2、 技术规范</strong></span></span></p><p style=\"font-family: Calibri; font-size: 14px; white-space: normal; line-height: 28px;\"><span style=\"line-height: 48px; letter-spacing: 0px; background: rgb(255, 255, 255); font-size: 16px; font-family: 微软雅黑, &quot;Microsoft YaHei&quot;;\">负责团队技术规范，参与技术方案设计和技术难题攻关，负责多业务线、多场景交叉复杂业务逻辑抽象优化；<br/><span style=\"line-height: 48px; letter-spacing: 0px; background-image: initial; background-position: initial; background-size: initial; background-repeat: initial; background-attachment: initial; background-origin: initial; background-clip: initial; font-size: 18px;\"><strong>3、服务器开发</strong></span></span></p><p style=\"font-family: Calibri; font-size: 14px; white-space: normal; line-height: 28px;\"><span style=\"line-height: 48px; letter-spacing: 0px; background: rgb(255, 255, 255); font-size: 16px; font-family: 微软雅黑, &quot;Microsoft YaHei&quot;;\">负责用户侧、后台的服务器端开发；<br/><span style=\"line-height: 48px; letter-spacing: 0px; background-image: initial; background-position: initial; background-size: initial; background-repeat: initial; background-attachment: initial; background-origin: initial; background-clip: initial; font-size: 18px;\"><strong>4、了解需求</strong></span></span></p><p style=\"margin-top: 0px; margin-bottom: 20px; font-family: Calibri; white-space: normal; line-height: 32px; background: rgb(255, 255, 255);\"><span style=\"line-height: 48px; letter-spacing: 0px; font-family: 微软雅黑, &quot;Microsoft YaHei&quot;;\">根据产品需求，进行系统设计和编码，理解业务、快速响应；<br/><span style=\"line-height: 48px; letter-spacing: 0px; font-size: 18px;\"><strong>5、系统框架优化</strong></span></span></p><p style=\"font-family: Calibri; font-size: 14px; white-space: normal; line-height: 28px;\"><span style=\"line-height: 48px; letter-spacing: 0px; background: rgb(255, 255, 255); font-size: 16px; font-family: 微软雅黑, &quot;Microsoft YaHei&quot;;\">持续对系统架构进行改造和优化；合理安排架构，实现代码可维护性、可读性高；</span></p><p style=\"font-family: Calibri; font-size: 14px; white-space: normal; line-height: 28px;\"><span style=\"line-height: 48px; letter-spacing: 0px; background: rgb(255, 255, 255); font-size: 16px; font-family: 微软雅黑, &quot;Microsoft YaHei&quot;;\"></span></p><h2 style=\"white-space: normal; margin-top: 7px; margin-bottom: 7px; font-family: 宋体; font-size: 24px; margin-left: 0px; line-height: 48px;\"><span style=\"font-size: 18px;\"><span style=\"font-family: 微软雅黑; letter-spacing: 0px; font-weight: normal;\">6.&nbsp;</span><strong><span style=\"font-family: 微软雅黑; letter-spacing: 0px;\">其他职责</span></strong></span></h2><p style=\"margin-top: 7px; margin-bottom: 7px; white-space: normal; font-family: Calibri; line-height: 32px;\"><span style=\"font-family: 微软雅黑; line-height: 42.6667px; letter-spacing: 0px;\">完成领导交付的其他任务；</span></p><p style=\"margin-top: 7px; margin-bottom: 7px; white-space: normal; font-family: Calibri; line-height: 32px;\"><span style=\"font-family: 微软雅黑; line-height: 42.6667px; letter-spacing: 0px;\">学习最新技术，能将新技术用于项目中。</span></p><p style=\"font-family: Calibri; font-size: 14px; white-space: normal; line-height: 28px;\"><span style=\"line-height: 48px; letter-spacing: 0px; background: rgb(255, 255, 255); font-size: 16px; font-family: 微软雅黑, &quot;Microsoft YaHei&quot;;\"><br/></span><br/></p><p style=\"margin-top: 7px; margin-bottom: 7px; font-family: Calibri; white-space: normal; line-height: 32px;\"><span style=\"line-height: 48px; font-family: 微软雅黑, &quot;Microsoft YaHei&quot;;\">&nbsp;</span></p><p><br style=\"white-space: normal;\"/></p><p><br/></p>', 1, NULL, NULL),
(19, 1, '高级产品经理', 2, 8, 1, 0, '', '<p style=\"white-space: normal; font-family: Calibri; font-size: 14px; line-height: 28px;\"><span style=\"font-size: 18px;\"><strong><span style=\"font-family: 微软雅黑; line-height: 42.6667px;\">1、产品规划</span></strong></span></p><p style=\"white-space: normal; font-family: Calibri; font-size: 14px; line-height: 28px;\"><span style=\"font-family: 微软雅黑; line-height: 42.6667px; font-size: 16px;\">负责产品需求分析、产品策划与设计，以及整个产品的升级和迭代；</span></p><p style=\"white-space: normal; font-family: Calibri; font-size: 14px; line-height: 28px;\"><span style=\"font-family: 微软雅黑; line-height: 42.6667px; font-size: 16px;\">负责产品生命周期管理；</span></p><p style=\"white-space: normal; font-family: Calibri; font-size: 14px; line-height: 28px;\"><span style=\"font-family: 微软雅黑; line-height: 42.6667px; font-size: 16px;\">市场及行业分析，客户需求分析，竞争对手分析；</span></p><p style=\"white-space: normal; font-family: Calibri; font-size: 14px; line-height: 28px;\"><span style=\"font-size: 18px;\"><strong><span style=\"font-family: 微软雅黑; line-height: 42.6667px;\">2、产品UX/UI</span></strong></span></p><p style=\"white-space: normal; font-family: Calibri; font-size: 14px; line-height: 28px;\"><span style=\"font-family: 微软雅黑; line-height: 42.6667px; font-size: 16px;\">指导和管理产品设计师，建设高品质UX/UI团队；</span></p><p style=\"white-space: normal; font-family: Calibri; font-size: 14px; line-height: 28px;\"><span style=\"font-size: 18px;\"><strong><span style=\"font-family: 微软雅黑; line-height: 42.6667px;\">3、产品培训</span></strong></span></p><p style=\"white-space: normal; font-family: Calibri; font-size: 14px; line-height: 28px;\"><span style=\"font-family: 微软雅黑; line-height: 42.6667px; font-size: 16px;\">对公司相关部门人员进行新产品的培训工作；</span></p><p style=\"white-space: normal; font-family: Calibri; font-size: 14px; line-height: 28px;\"><span style=\"font-size: 18px;\"><strong><span style=\"font-family: 微软雅黑; line-height: 42.6667px;\">4、产品测试/验收</span></strong></span></p><p style=\"white-space: normal; font-family: Calibri; font-size: 14px; line-height: 28px;\"><span style=\"font-family: 微软雅黑; line-height: 42.6667px; font-size: 16px;\">对产品的开发成果进行验收；</span></p><p style=\"white-space: normal; font-family: Calibri; font-size: 14px; line-height: 28px;\"><span style=\"font-size: 18px;\"><strong><span style=\"font-family: 微软雅黑; line-height: 42.6667px;\">5、部门沟通</span></strong></span></p><p style=\"white-space: normal; font-family: Calibri; font-size: 14px; line-height: 28px;\"><span style=\"font-family: 微软雅黑; line-height: 42.6667px; font-size: 16px;\">配合研发的产品开发工作，跟进开发进度；</span></p><p style=\"white-space: normal; font-family: Calibri; font-size: 14px; line-height: 28px;\"><span style=\"font-family: 微软雅黑; line-height: 42.6667px; font-size: 16px;\">沟通运营，了解客户反馈及需求；</span></p><p style=\"white-space: normal; font-family: Calibri; font-size: 14px; line-height: 28px;\"><span style=\"font-family: 微软雅黑; line-height: 42.6667px; font-size: 16px;\">与上级沟通，了解公司对产品的定位及战略方向；</span></p><p style=\"white-space: normal; font-family: Calibri; font-size: 14px; line-height: 28px;\"><span style=\"font-size: 18px;\"><strong><span style=\"font-family: 微软雅黑; line-height: 42.6667px;\">6、其他工作</span></strong></span></p><p style=\"white-space: normal; font-family: Calibri; font-size: 14px; line-height: 28px;\"><span style=\"font-family: 微软雅黑; line-height: 42.6667px; font-size: 16px;\">完成上级主管交办的其他临时性工作,依据项目进度按时提交工作汇报。</span></p><p><br/></p>', 1, NULL, NULL),
(20, 1, '高级设计师', 2, 8, 1, 0, '', '<p style=\"margin-top: 7px; margin-bottom: 7px; white-space: normal; font-family: Calibri; line-height: 32px;\"><span style=\"font-size: 18px;\"><strong><span style=\"font-family: 微软雅黑;\">1、</span><span style=\"font-family: 微软雅黑; line-height: 42.6667px;\">日常设计内容</span></strong></span></p><p style=\"margin-top: 7px; margin-bottom: 7px; white-space: normal; font-family: Calibri; line-height: 32px;\"><span style=\"font-family: 微软雅黑; line-height: 42.6667px; font-size: 16px;\">负责公司官网轮播图、广告图、产品主图及详情页制作；</span></p><p style=\"margin-top: 7px; margin-bottom: 7px; white-space: normal; font-family: Calibri; line-height: 32px;\"><strong><span style=\"font-size: 18px;\"><span style=\"font-family: 微软雅黑;\">2、</span><span style=\"font-family: 微软雅黑; line-height: 42.6667px;\">活动设计</span></span></strong></p><p style=\"margin-top: 7px; margin-bottom: 7px; white-space: normal; font-family: Calibri; line-height: 32px;\"><span style=\"font-family: 微软雅黑; line-height: 42.6667px; font-size: 16px;\">负责公司营销活动内容平面设计；</span></p><p style=\"margin-top: 7px; margin-bottom: 7px; white-space: normal; font-family: Calibri; line-height: 32px;\"><strong><span style=\"font-family: 微软雅黑; line-height: 42.6667px; font-size: 18px;\">3、群发素材</span></strong></p><p style=\"margin-top: 7px; margin-bottom: 7px; white-space: normal; font-family: Calibri; line-height: 32px;\"><span style=\"font-family: 微软雅黑; line-height: 42.6667px; font-size: 16px;\">负责客服日常朋友圈群发素材设计及活动海报设计；</span></p><p style=\"margin-top: 7px; margin-bottom: 7px; white-space: normal; font-family: Calibri; line-height: 32px;\"><strong><span style=\"font-family: 微软雅黑; line-height: 42.6667px; font-size: 18px;\">4、视频制作</span></strong></p><p style=\"margin-top: 7px; margin-bottom: 7px; white-space: normal; font-family: Calibri; line-height: 32px;\"><span style=\"font-family: 微软雅黑; line-height: 42.6667px; font-size: 16px;\">负责公司宣传视频、系统教程视频剪辑、制作、美化；</span></p><p style=\"margin-top: 7px; margin-bottom: 7px; white-space: normal; font-family: Calibri; line-height: 32px;\"><strong><span style=\"font-family: 微软雅黑; line-height: 42.6667px; font-size: 18px;\">5、品牌形象提升</span></strong></p><p style=\"margin-top: 7px; margin-bottom: 7px; white-space: normal; font-family: Calibri; line-height: 32px;\"><span style=\"font-family: 微软雅黑; line-height: 42.6667px; font-size: 16px;\">负责把控公司官网、商城、论坛等对外宣传渠道网页及平面作品整体风格把控，问题纠错，提升品牌形象；</span></p><p style=\"margin-top: 7px; margin-bottom: 7px; white-space: normal; font-family: Calibri; line-height: 32px;\"><strong><span style=\"font-family: 微软雅黑; line-height: 42.6667px; font-size: 18px;\">6、其他设计内容</span></strong></p><p style=\"margin-top: 7px; margin-bottom: 7px; white-space: normal; font-family: Calibri; line-height: 32px;\"><span style=\"font-family: 微软雅黑; line-height: 42.6667px; font-size: 16px;\">负责公司其他宣传活动所需的平面设计内容制作；</span></p><p style=\"margin-top: 7px; margin-bottom: 7px; white-space: normal; font-family: Calibri; line-height: 32px;\"><strong><span style=\"font-family: 微软雅黑; line-height: 42.6667px; font-size: 18px;\">7、设计思想</span></strong></p><p style=\"margin-top: 7px; margin-bottom: 7px; white-space: normal; font-family: Calibri; line-height: 32px;\"><span style=\"font-family: 微软雅黑; line-height: 42.6667px; font-size: 16px;\">对于整个设计能够清楚宣讲出设计思想；</span></p><p style=\"margin-top: 7px; margin-bottom: 7px; white-space: normal; font-family: Calibri; line-height: 32px;\"><span style=\"font-family: 微软雅黑; line-height: 42.6667px;\"><strong style=\"font-family: Calibri;\"><span style=\"font-family: 微软雅黑; line-height: 42.6667px; font-size: 18px;\">8、其他工作</span></strong></span></p><p style=\"margin-top: 7px; margin-bottom: 7px; white-space: normal; font-family: Calibri; line-height: 32px;\"><span style=\"font-family: 微软雅黑; line-height: 42.6667px; font-size: 16px;\">完成上级主管交办的其他临时性工作,依据项目进度按时提交工作汇报。</span></p><p><br/></p>', 1, NULL, NULL),
(21, 1, '高级测试工程师', 2, 8, 1, 0, '', '<h1 style=\"white-space: normal; margin-top: 7px; margin-bottom: 7px; font-family: 宋体; font-size: 32px; margin-left: 0px; line-height: 64px;\"><span style=\"font-size: 18px;\"><strong><span style=\"font-family: 微软雅黑; line-height: 42.6667px; letter-spacing: 0px;\">1. 产品测试质量保障</span></strong></span></h1><p style=\"margin-top: 7px; margin-bottom: 7px; white-space: normal; font-family: Calibri; line-height: 32px;\"><span style=\"font-family: 微软雅黑; line-height: 42.6667px; letter-spacing: 0px; font-size: 16px;\">（1）配合设计部人员进行整体架构的设计以及技术路线选择；</span></p><p style=\"margin-top: 7px; margin-bottom: 7px; white-space: normal; font-family: Calibri; line-height: 32px;\"><span style=\"font-family: 微软雅黑; line-height: 42.6667px; letter-spacing: 0px; font-size: 16px;\">（2）根据软件设计部提供的整个产品线的设计方案，参与进行技术审核和论证，提出产品线研发建议；</span></p><p style=\"margin-top: 7px; margin-bottom: 7px; white-space: normal; font-family: Calibri; line-height: 32px;\"><span style=\"font-family: 微软雅黑; line-height: 42.6667px; letter-spacing: 0px; font-size: 16px;\">（3）根据软件设计部的产品需求信息，在测试周期的每个阶段进行相应的测试及相关文档的编写，并参与评审工作；</span></p><p style=\"margin-top: 7px; margin-bottom: 7px; white-space: normal; font-family: Calibri; line-height: 32px;\"><span style=\"font-family: 微软雅黑; line-height: 42.6667px; letter-spacing: 0px; font-size: 16px;\">（4）监控软件开发过程来保障软件的质量；</span></p><p style=\"margin-top: 7px; margin-bottom: 7px; white-space: normal; font-family: Calibri; line-height: 32px;\"><span style=\"font-family: 微软雅黑; line-height: 42.6667px; letter-spacing: 0px; font-size: 16px;\">（5）负责项目交付产品质量。</span></p><h2 style=\"white-space: normal; margin-top: 7px; margin-bottom: 7px; font-family: 宋体; font-size: 24px; margin-left: 0px; line-height: 48px;\"><span style=\"font-size: 18px;\"><strong><span style=\"font-family: 微软雅黑; line-height: 42.6667px; letter-spacing: 0px;\">2. 技术管理</span></strong></span></h2><p style=\"margin-top: 7px; margin-bottom: 7px; white-space: normal; font-family: Calibri; line-height: 32px;\"><span style=\"font-family: 微软雅黑; line-height: 42.6667px; letter-spacing: 0px; font-size: 16px;\">（1）参与实施软件质量保证工作，促进公司软件质量体系建设、持续改进；</span></p><p style=\"margin-top: 7px; margin-bottom: 7px; white-space: normal; font-family: Calibri; line-height: 32px;\"><span style=\"font-family: 微软雅黑; line-height: 42.6667px; letter-spacing: 0px; font-size: 16px;\">（2）学习当前市场上流行的测试技术，并要求适应于产品整体测试；</span></p><p style=\"margin-top: 7px; margin-bottom: 7px; white-space: normal; font-family: Calibri; line-height: 32px;\"><span style=\"font-family: 微软雅黑; line-height: 42.6667px; letter-spacing: 0px; font-size: 16px;\">（3）指导、提升测试团队技术经验；</span></p><p style=\"margin-top: 7px; margin-bottom: 7px; white-space: normal; font-family: Calibri; line-height: 32px;\"><span style=\"font-family: 微软雅黑; line-height: 42.6667px; letter-spacing: 0px; font-size: 16px;\">（4）参与分析产品在测试过程的经验和教训，纳入测试资产库，为后期项目提供有效经验和数据。</span></p><h2 style=\"white-space: normal; margin-top: 7px; margin-bottom: 7px; font-family: 宋体; font-size: 24px; margin-left: 0px; line-height: 48px;\"><span style=\"font-size: 18px;\"><span style=\"font-family: 微软雅黑; line-height: 42.6667px; letter-spacing: 0px; font-weight: normal;\">3.&nbsp;</span><strong><span style=\"font-family: 微软雅黑; line-height: 42.6667px; letter-spacing: 0px;\">其他职责</span></strong></span></h2><p style=\"margin-top: 7px; margin-bottom: 7px; white-space: normal; font-family: Calibri; line-height: 32px;\"><span style=\"font-family: 微软雅黑; line-height: 42.6667px; letter-spacing: 0px; font-size: 16px;\">（1）配合测试主管对软件测试技术管理；</span></p><p style=\"margin-top: 7px; margin-bottom: 7px; white-space: normal; font-family: Calibri; line-height: 32px;\"><span style=\"font-family: 微软雅黑; line-height: 42.6667px; letter-spacing: 0px; font-size: 16px;\">（2）完成领导交付的其他任务；</span></p><p style=\"margin-top: 7px; margin-bottom: 7px; white-space: normal; font-family: Calibri; line-height: 32px;\"><span style=\"font-family: 微软雅黑; line-height: 42.6667px; letter-spacing: 0px; font-size: 16px;\">（3）学习最新技术，能将新技术用于项目中；</span></p><p style=\"margin-top: 7px; margin-bottom: 7px; white-space: normal; font-family: Calibri; line-height: 32px;\"><span style=\"font-family: 微软雅黑; line-height: 42.6667px; letter-spacing: 0px; font-size: 16px;\">（4）完善测试部内部流程和规范。</span></p><p><br/></p>', 1, NULL, NULL);
INSERT INTO `eb_rank_job` (`id`, `entid`, `name`, `cate_id`, `rank_id`, `card_id`, `job_count`, `describe`, `duty`, `status`, `created_at`, `updated_at`) VALUES
(22, 1, '高级前端工程师', 2, 8, 1, 0, '', '<p style=\"margin-top: 7px; margin-bottom: 7px; white-space: normal; font-family: Calibri; line-height: 32px;\"><span style=\"font-size: 18px;\"><span style=\"font-family: 微软雅黑; letter-spacing: 0px; font-weight: bold; background: rgb(255, 255, 255);\">一、</span><strong style=\"font-size: 18px;\"><span style=\"line-height: 42.6667px; letter-spacing: 0px; background: rgb(255, 255, 255); font-family: 微软雅黑;\">基本职责</span></strong></span><span style=\"font-size: 16px;\"><strong style=\"font-size: 18px;\"><span style=\"line-height: 42.6667px; letter-spacing: 0px; background: rgb(255, 255, 255); font-family: 微软雅黑;\"></span></strong><br/></span></p><p style=\"margin-top: 7px; margin-bottom: 7px; white-space: normal; font-family: Calibri; line-height: 32px;\"><span style=\"font-size: 16px;\"><strong><span style=\"font-size: 16px; font-family: 微软雅黑; line-height: 42.6667px; letter-spacing: 0px;\"></span></strong></span></p><p style=\"white-space: normal; font-family: Calibri; font-size: 14px; line-height: 28px;\"><span style=\"font-size: 16px;\"><strong><span style=\"font-family: 微软雅黑; line-height: 42.6667px; font-size: 16px;\">1、负责前端架构搭建</span></strong></span></p><p style=\"white-space: normal; font-family: Calibri; font-size: 14px; line-height: 28px;\"><span style=\"font-family: 微软雅黑; line-height: 42.6667px; font-size: 16px;\">根据项目需求以及页面设计，搭建高维护性的前端架构&nbsp;;</span></p><p style=\"white-space: normal; font-family: Calibri; font-size: 14px; line-height: 28px;\"><span style=\"font-family: 微软雅黑; line-height: 42.6667px; font-size: 16px;\">根据页面功能需求，对整体架构进行合理的分析并完善架构体系。</span></p><p style=\"white-space: normal; font-family: Calibri; font-size: 14px; line-height: 28px;\"><span style=\"font-size: 16px;\"><strong><span style=\"font-family: 微软雅黑; line-height: 42.6667px; font-size: 16px;\">2、负责前端框架编写</span></strong></span></p><p style=\"white-space: normal; font-family: Calibri; font-size: 14px; line-height: 28px;\"><span style=\"font-family: 微软雅黑; line-height: 42.6667px; font-size: 16px;\">分析产品界面及功能，对框架进行不断的优化，避免插件滥用，而增加项目维护难度；</span></p><p style=\"white-space: normal; font-family: Calibri; font-size: 14px; line-height: 28px;\"><span style=\"font-family: 微软雅黑; line-height: 42.6667px; font-size: 16px;\">对公共组件进行维护，保证其兼容性及稳定性；</span></p><p style=\"white-space: normal; font-family: Calibri; font-size: 14px; line-height: 28px;\"><span style=\"font-family: 微软雅黑; line-height: 42.6667px; font-size: 16px;\">对项目底层代码进行维护，保证其稳定运行。</span></p><p style=\"white-space: normal; font-family: Calibri; font-size: 14px; line-height: 28px;\"><span style=\"font-size: 16px;\"><strong><span style=\"font-family: 微软雅黑; line-height: 42.6667px; font-size: 16px;\">3、负责公司产品的前端构建和开发</span></strong></span></p><p style=\"white-space: normal; font-family: Calibri; font-size: 14px; line-height: 28px;\"><span style=\"font-family: 微软雅黑; line-height: 42.6667px; font-size: 16px;\">熟练使用开发工具Webstorm、VScode等快速进行页面制作;</span></p><p style=\"white-space: normal; font-family: Calibri; font-size: 14px; line-height: 28px;\"><span style=\"font-family: 微软雅黑; line-height: 42.6667px; font-size: 16px;\">使用vue.js element-ui/iview等UI库熟练的进行网页构建和功能开发;</span></p><p style=\"white-space: normal; font-family: Calibri; font-size: 14px; line-height: 28px;\"><span style=\"font-family: 微软雅黑; line-height: 42.6667px; font-size: 16px;\">对页面代码结构进行优化;</span></p><p style=\"white-space: normal; font-family: Calibri; font-size: 14px; line-height: 28px;\"><span style=\"font-family: 微软雅黑; line-height: 42.6667px; font-size: 16px;\">保证代码在各端的兼容性。</span></p><p style=\"white-space: normal; font-family: Calibri; font-size: 14px; line-height: 28px;\"><span style=\"font-size: 16px;\"><strong><span style=\"font-family: 微软雅黑; line-height: 42.6667px; font-size: 16px;\">4、部门间合作</span></strong></span></p><p style=\"white-space: normal; font-family: Calibri; font-size: 14px; line-height: 28px;\"><span style=\"font-family: 微软雅黑; line-height: 42.6667px; font-size: 16px;\">配合产品经理、UI实现页面展示和制作;</span></p><p style=\"white-space: normal; font-family: Calibri; font-size: 14px; line-height: 28px;\"><span style=\"font-family: 微软雅黑; line-height: 42.6667px; font-size: 16px;\">与后台人员配合完成接口集成、以及功能完善;</span></p><p style=\"white-space: normal; font-family: Calibri; font-size: 14px; line-height: 28px;\"><span style=\"font-family: 微软雅黑; line-height: 42.6667px; font-size: 16px;\">配合上级提出的需求，进行相应修改;</span></p><p style=\"white-space: normal; font-family: Calibri; font-size: 14px; line-height: 28px;\"><span style=\"font-family: 微软雅黑; line-height: 42.6667px; font-size: 16px;\">配合测试完成bug修复;</span></p><p style=\"white-space: normal; font-family: Calibri; font-size: 14px; line-height: 28px;\"><span style=\"font-family: 微软雅黑; line-height: 42.6667px; font-size: 16px;\">严格遵循代码规范、编写易读、易维护、高效率的代码。</span></p><h2 style=\"white-space: normal; margin-top: 9px; margin-bottom: 9px; font-family: 宋体; font-size: 24px; margin-left: 0px; line-height: 48px;\"><span style=\"font-size: 18px;\"><strong><span style=\"font-family: 微软雅黑; line-height: 42.6667px; letter-spacing: 0px;\">二、&nbsp;其他职责</span></strong></span></h2><p style=\"margin-top: 9px; margin-bottom: 9px; white-space: normal; font-family: Calibri; line-height: 32px;\"><span style=\"font-family: 微软雅黑; line-height: 42.6667px; letter-spacing: 0px; font-size: 16px;\">1、完成领导交付的其他任务；</span></p><p style=\"margin-top: 9px; margin-bottom: 9px; white-space: normal; font-family: Calibri; line-height: 32px;\"><span style=\"font-family: 微软雅黑; line-height: 42.6667px; letter-spacing: 0px; font-size: 16px;\">2、学习最新技术，能将新技术用于项目中；</span></p><p style=\"margin-top: 7px; margin-bottom: 7px; white-space: normal; font-family: Calibri; line-height: 32px;\"><span style=\"font-family: 微软雅黑; letter-spacing: 0px; font-size: 16px;\">3、帮助其他成员提升技术，解决难题。</span></p><p><br/></p>', 1, NULL, NULL),
(23, 1, '高级后端工程师', 2, 8, 1, 0, '', '<p style=\"margin-top: 7px; margin-bottom: 7px; white-space: normal; font-family: Calibri; line-height: 32px;\"><span style=\"font-size: 18px;\"><span style=\"font-family: 微软雅黑; letter-spacing: 0px; font-weight: bold; background: rgb(255, 255, 255);\">一、</span><strong><span style=\"line-height: 42.6667px; letter-spacing: 0px; background: rgb(255, 255, 255); font-family: 微软雅黑;\">基本职责</span></strong></span><span style=\"font-size: 16px;\"><strong><span style=\"line-height: 42.6667px; letter-spacing: 0px; background: rgb(255, 255, 255); font-family: 微软雅黑;\"></span></strong><span style=\"font-family: 微软雅黑; line-height: 42.6667px; letter-spacing: 0px;\"><br/></span><strong><span style=\"font-size: 16px; font-family: 微软雅黑; line-height: 42.6667px; letter-spacing: 0px;\">1、</span><span style=\"font-size: 16px; font-family: 微软雅黑; line-height: 42.6667px;\">项目研发周期</span></strong></span></p><p style=\"margin-top: 7px; margin-bottom: 7px; white-space: normal; font-family: Calibri; line-height: 32px;\"><span style=\"font-size: 16px;\"><span style=\"font-size: 16px; font-family: 微软雅黑; line-height: 42.6667px;\">严格执行开发周期节点，保质保量的完成项目功能开发任务。</span><span style=\"font-size: 16px; font-family: 微软雅黑; line-height: 42.6667px; letter-spacing: 0px;\"><br/></span><strong><span style=\"font-size: 16px; font-family: 微软雅黑; line-height: 42.6667px; letter-spacing: 0px;\">2、</span><span style=\"font-size: 16px; font-family: 微软雅黑; line-height: 42.6667px;\">代码质量</span></strong></span></p><p style=\"margin-top: 7px; margin-bottom: 7px; white-space: normal; font-family: Calibri; line-height: 32px;\"><span style=\"font-size: 16px;\"><span style=\"font-size: 16px; font-family: 微软雅黑; line-height: 42.6667px;\">根据产品需求及设计图要求开发，按照标准要求进行代码编写。</span><span style=\"font-size: 16px; font-family: 微软雅黑; line-height: 42.6667px; letter-spacing: 0px;\"><br/></span><strong><span style=\"font-size: 16px; font-family: 微软雅黑; line-height: 42.6667px; letter-spacing: 0px;\">3、</span><span style=\"font-size: 16px; font-family: 微软雅黑; line-height: 42.6667px;\">项目测试</span></strong></span></p><p style=\"margin-top: 7px; margin-bottom: 7px; white-space: normal; font-family: Calibri; line-height: 32px;\"><span style=\"font-size: 16px;\"><span style=\"font-family: 微软雅黑; line-height: 42.6667px;\">项目组先内测，再对接测试部门，如基础流程安装等都无法走通，或明显<span style=\"line-height: 42.6667px;\">bug较多，测试部有权驳回至项目组重新开发，如因此造成项目周期延期，责任为项目组承担。</span></span><span style=\"font-family: 微软雅黑; line-height: 42.6667px; letter-spacing: 0px;\"><br/></span><strong><span style=\"font-family: 微软雅黑; line-height: 42.6667px; letter-spacing: 0px;\">4、</span><span style=\"font-family: 微软雅黑; line-height: 42.6667px;\">项目发布</span></strong></span></p><p style=\"white-space: normal; font-family: Calibri; font-size: 14px; line-height: 28px;\"><span style=\"font-family: 微软雅黑; line-height: 42.6667px; font-size: 16px;\">完善帮助文档、更新演示站，技术文档更新。</span></p><p style=\"margin-top: 7px; margin-bottom: 7px; white-space: normal; font-family: Calibri; line-height: 32px;\"><span style=\"font-size: 16px;\"><span style=\"font-family: 微软雅黑; line-height: 42.6667px;\">新版本源码完整包、更<span style=\"line-height: 42.6667px;\">新包、api文档包、更新说明文档。</span></span><span style=\"font-family: 微软雅黑; line-height: 42.6667px; letter-spacing: 0px;\"><br/></span><strong><span style=\"font-family: 微软雅黑; line-height: 42.6667px; letter-spacing: 0px;\">5、</span><span style=\"font-family: 微软雅黑; line-height: 42.6667px;\">售后维护</span></strong></span></p><p style=\"margin-top: 7px; margin-bottom: 7px; white-space: normal; font-family: Calibri; line-height: 32px;\"><span style=\"font-family: 微软雅黑; line-height: 42.6667px; font-size: 16px;\">客户至上，负责项目组相关展示及项目的维护和客户问题的处理； 工作时间内，会员群里10分钟内回复用户问题，开源群20分钟内回复客户问题。</span></p><p style=\"margin-top: 7px; margin-bottom: 7px; white-space: normal; font-family: Calibri; line-height: 32px;\"><span style=\"font-size: 16px;\"><strong><span style=\"font-size: 16px; font-family: 微软雅黑; line-height: 42.6667px;\">6、学习与提升</span></strong></span></p><p style=\"margin-top: 7px; margin-bottom: 7px; white-space: normal; font-family: Calibri; line-height: 32px;\"><span style=\"font-family: 微软雅黑; line-height: 42.6667px; font-size: 16px;\">钻研学习并不断创新，积极参与部门组织的技术分享会交流学习。</span></p><p style=\"margin-top: 7px; margin-bottom: 7px; white-space: normal; font-family: Calibri; line-height: 32px;\"><span style=\"font-family: 微软雅黑; line-height: 42.6667px; font-size: 16px;\"><strong style=\"font-family: Calibri;\">7、技术难点攻克</strong></span></p><p style=\"margin-top: 7px; margin-bottom: 7px; white-space: normal; font-family: Calibri; line-height: 32px;\"><span style=\"font-family: 微软雅黑; line-height: 42.6667px; font-size: 16px;\">攻克开发过程中遇到的技术难题。</span></p><h2 style=\"white-space: normal; margin-top: 9px; margin-bottom: 9px; font-family: 宋体; font-size: 24px; margin-left: 0px; line-height: 48px;\"><span style=\"font-size: 18px;\"><strong><span style=\"font-family: 微软雅黑; line-height: 42.6667px; letter-spacing: 0px;\">二、&nbsp;其他职责</span></strong></span></h2><p style=\"margin-top: 9px; margin-bottom: 9px; white-space: normal; font-family: Calibri; line-height: 32px;\"><span style=\"font-family: 微软雅黑; line-height: 42.6667px; letter-spacing: 0px; font-size: 16px;\">1、完成领导交付的其他任务；</span></p><p style=\"margin-top: 9px; margin-bottom: 9px; white-space: normal; font-family: Calibri; line-height: 32px;\"><span style=\"font-family: 微软雅黑; line-height: 42.6667px; letter-spacing: 0px; font-size: 16px;\">2、学习最新技术，能将新技术用于项目中；</span></p><p style=\"margin-top: 9px; margin-bottom: 9px; white-space: normal; font-family: Calibri; line-height: 32px;\"><span style=\"font-family: 微软雅黑; line-height: 42.6667px; letter-spacing: 0px; font-size: 16px;\">3、帮助其他成员提升技术，解决难题。</span></p><p><br/></p>', 1, NULL, NULL),
(24, 1, '中级产品经理', 2, 9, 1, 0, '', '<p style=\"white-space: normal; font-family: Calibri; font-size: 14px; line-height: 28px;\"><span style=\"font-size: 18px;\"><strong><span style=\"font-family: 微软雅黑; line-height: 42.6667px;\">在高级产品经理的带领下，完成：</span></strong></span></p><p style=\"white-space: normal; font-family: Calibri; font-size: 14px; line-height: 28px;\"><span style=\"font-size: 18px;\"><strong><span style=\"font-family: 微软雅黑; line-height: 42.6667px;\">1、产品规划</span></strong></span></p><p style=\"white-space: normal; font-family: Calibri; font-size: 14px; line-height: 28px;\"><span style=\"font-family: 微软雅黑; line-height: 42.6667px; font-size: 16px;\">负责产品需求分析、产品策划与设计，以及整个产品的升级和迭代；</span></p><p style=\"white-space: normal; font-family: Calibri; font-size: 14px; line-height: 28px;\"><span style=\"font-family: 微软雅黑; line-height: 42.6667px; font-size: 16px;\">负责产品生命周期管理；</span></p><p style=\"white-space: normal; font-family: Calibri; font-size: 14px; line-height: 28px;\"><span style=\"font-family: 微软雅黑; line-height: 42.6667px; font-size: 16px;\">市场及行业分析，客户需求分析，竞争对手分析；</span></p><p style=\"white-space: normal; font-family: Calibri; font-size: 14px; line-height: 28px;\"><span style=\"font-size: 18px;\"><strong><span style=\"font-family: 微软雅黑; line-height: 42.6667px;\">2、产品UX/UI</span></strong></span></p><p style=\"white-space: normal; font-family: Calibri; font-size: 14px; line-height: 28px;\"><span style=\"font-family: 微软雅黑; line-height: 42.6667px; font-size: 16px;\">指导和管理产品设计师，建设高品质UX/UI团队；</span></p><p style=\"white-space: normal; font-family: Calibri; font-size: 14px; line-height: 28px;\"><span style=\"font-size: 18px;\"><strong><span style=\"font-family: 微软雅黑; line-height: 42.6667px;\">3、产品培训</span></strong></span></p><p style=\"white-space: normal; font-family: Calibri; font-size: 14px; line-height: 28px;\"><span style=\"font-family: 微软雅黑; line-height: 42.6667px; font-size: 16px;\">对公司相关部门人员进行新产品的培训工作；</span></p><p style=\"white-space: normal; font-family: Calibri; font-size: 14px; line-height: 28px;\"><span style=\"font-size: 18px;\"><strong><span style=\"font-family: 微软雅黑; line-height: 42.6667px;\">4、产品测试/验收</span></strong></span></p><p style=\"white-space: normal; font-family: Calibri; font-size: 14px; line-height: 28px;\"><span style=\"font-family: 微软雅黑; line-height: 42.6667px; font-size: 16px;\">对产品的开发成果进行验收；</span></p><p style=\"white-space: normal; font-family: Calibri; font-size: 14px; line-height: 28px;\"><span style=\"font-size: 18px;\"><strong><span style=\"font-family: 微软雅黑; line-height: 42.6667px;\">5、部门沟通</span></strong></span></p><p style=\"white-space: normal; font-family: Calibri; font-size: 14px; line-height: 28px;\"><span style=\"font-family: 微软雅黑; line-height: 42.6667px; font-size: 16px;\">配合研发的产品开发工作，跟进开发进度；</span></p><p style=\"white-space: normal; font-family: Calibri; font-size: 14px; line-height: 28px;\"><span style=\"font-family: 微软雅黑; line-height: 42.6667px; font-size: 16px;\">沟通运营，了解客户反馈及需求；</span></p><p style=\"white-space: normal; font-family: Calibri; font-size: 14px; line-height: 28px;\"><span style=\"font-family: 微软雅黑; line-height: 42.6667px; font-size: 16px;\">与上级沟通，了解公司对产品的定位及战略方向；</span></p><p style=\"white-space: normal; font-family: Calibri; font-size: 14px; line-height: 28px;\"><span style=\"font-size: 18px;\"><strong><span style=\"font-family: 微软雅黑; line-height: 42.6667px;\">6、其他工作</span></strong></span></p><p style=\"white-space: normal; font-family: Calibri; font-size: 14px; line-height: 28px;\"><span style=\"font-family: 微软雅黑; line-height: 42.6667px; font-size: 16px;\">完成上级主管交办的其他临时性工作,依据项目进度按时提交工作汇报。</span></p><p><br/></p>', 1, NULL, NULL),
(25, 1, '中级设计师', 2, 9, 1, 0, '', '<p style=\"margin-top: 7px; margin-bottom: 7px; white-space: normal; font-family: Calibri; line-height: 32px;\"><span style=\"font-size: 18px;\"><strong><span style=\"font-family: 微软雅黑;\">1、</span><span style=\"font-family: 微软雅黑; line-height: 42.6667px;\">日常设计内容</span></strong></span></p><p style=\"margin-top: 7px; margin-bottom: 7px; white-space: normal; font-family: Calibri; line-height: 32px;\"><span style=\"font-family: 微软雅黑; line-height: 42.6667px;\">负责公司官网轮播图、广告图、产品主图及详情页制作</span></p><p style=\"margin-top: 7px; margin-bottom: 7px; white-space: normal; font-family: Calibri; line-height: 32px;\"><strong><span style=\"font-size: 18px;\"><span style=\"font-family: 微软雅黑;\">2、</span><span style=\"font-family: 微软雅黑; line-height: 42.6667px;\">活动设计</span></span></strong></p><p style=\"margin-top: 7px; margin-bottom: 7px; white-space: normal; font-family: Calibri; line-height: 32px;\"><span style=\"font-family: 微软雅黑; line-height: 42.6667px;\">负责公司营销活动内容平面设计</span></p><p style=\"margin-top: 7px; margin-bottom: 7px; white-space: normal; font-family: Calibri; line-height: 32px;\"><strong><span style=\"font-family: 微软雅黑; line-height: 42.6667px; font-size: 18px;\">3、群发素材</span></strong></p><p style=\"margin-top: 7px; margin-bottom: 7px; white-space: normal; font-family: Calibri; line-height: 32px;\"><span style=\"font-family: 微软雅黑; line-height: 42.6667px;\">负责客服日常朋友圈群发素材设计及活动海报设计</span></p><p style=\"margin-top: 7px; margin-bottom: 7px; white-space: normal; font-family: Calibri; line-height: 32px;\"><strong><span style=\"font-family: 微软雅黑; line-height: 42.6667px; font-size: 18px;\">4、视频制作</span></strong></p><p style=\"margin-top: 7px; margin-bottom: 7px; white-space: normal; font-family: Calibri; line-height: 32px;\"><span style=\"font-family: 微软雅黑; line-height: 42.6667px;\">负责公司宣传视频、系统教程视频剪辑、制作、美化</span></p><p style=\"margin-top: 7px; margin-bottom: 7px; white-space: normal; font-family: Calibri; line-height: 32px;\"><strong><span style=\"font-family: 微软雅黑; line-height: 42.6667px; font-size: 18px;\">5、品牌形象提升</span></strong></p><p style=\"margin-top: 7px; margin-bottom: 7px; white-space: normal; font-family: Calibri; line-height: 32px;\"><span style=\"font-family: 微软雅黑; line-height: 42.6667px;\">负责把控公司官网、商城、论坛等对外宣传渠道网页及平面作品整体风格把控，问题纠错，提升品牌形象。</span></p><p style=\"margin-top: 7px; margin-bottom: 7px; white-space: normal; font-family: Calibri; line-height: 32px;\"><strong><span style=\"font-family: 微软雅黑; line-height: 42.6667px; font-size: 18px;\">6、其他设计内容</span></strong></p><p style=\"margin-top: 7px; margin-bottom: 7px; white-space: normal; font-family: Calibri; line-height: 32px;\"><span style=\"font-family: 微软雅黑; line-height: 42.6667px;\">负责公司其他宣传活动所需的平面设计内容制作</span></p><p style=\"margin-top: 7px; margin-bottom: 7px; white-space: normal; font-family: Calibri; line-height: 32px;\"><strong><span style=\"font-family: 微软雅黑; line-height: 42.6667px; font-size: 18px;\">7、其他工作</span></strong></p><p style=\"margin-top: 7px; margin-bottom: 7px; white-space: normal; font-family: Calibri; line-height: 32px;\"><span style=\"font-family: 微软雅黑; line-height: 42.6667px;\">完成上级主管交办的其他临时性工作,依据项目进度按时提交工作汇报。</span></p><p><br/></p>', 1, NULL, NULL),
(26, 1, '中级运维工程师', 2, 9, 1, 0, '', '<p style=\"white-space: normal; font-family: Calibri; line-height: 32px;\"><span style=\"font-size: 18px;\"><strong><span style=\"line-height: 48px; letter-spacing: 0px; background: rgb(255, 255, 255); font-family: 微软雅黑;\">一、</span></strong><strong><span style=\"line-height: 48px; letter-spacing: 0px; background: rgb(255, 255, 255); font-family: 微软雅黑;\">基本职责</span></strong></span></p><p style=\"white-space: normal; font-family: Calibri; line-height: 32px;\"><span style=\"font-family: 微软雅黑; line-height: 42.6667px; letter-spacing: 0px; font-size: 16px;\">1、负责云平台系统运维,保障系统稳定运行；<br/>2、负责公司IT办公系统的稳定运行；<br/>3、跟进及追踪用户使用问题；</span></p><p style=\"white-space: normal; font-family: Calibri; line-height: 32px;\"><span style=\"font-family: 微软雅黑; line-height: 42.6667px; letter-spacing: 0px; font-size: 16px;\">4、定期收集整理用户常见问题并形成解决办法；</span></p><p style=\"white-space: normal; font-family: Calibri; line-height: 32px;\"><span style=\"font-family: 微软雅黑; line-height: 42.6667px; letter-spacing: 0px; font-size: 16px;\">5、负责开发生产系统运维一体化体系，研究部署和实践工作，开发运维工具和自动化工程；<br/>6、建立和实施系统部署自动化运维体系和标准化工具体系；</span></p><p style=\"white-space: normal; font-family: Calibri; line-height: 32px;\"><span style=\"font-family: 微软雅黑; line-height: 42.6667px; letter-spacing: 0px; font-size: 16px;\">7、参与业务系统的设计与实施，参与系统架构的可运维性设计，根据业务需求规划系统部署架构；定义脚本代码接口，制定开发规范和操作规范。</span></p><h2 style=\"white-space: normal; font-family: 宋体; font-size: 24px; line-height: 48px;\"><span style=\"font-size: 18px;\"><strong><span style=\"font-family: 微软雅黑; letter-spacing: 0px;\">二、&nbsp;其他职责</span></strong></span></h2><p style=\"white-space: normal; font-family: Calibri; line-height: 32px;\"><span style=\"font-family: 微软雅黑; line-height: 42.6667px; letter-spacing: 0px; font-size: 16px;\">1、完成领导交付的其他任务；</span></p><p style=\"white-space: normal; font-family: Calibri; line-height: 32px;\"><span style=\"font-family: 微软雅黑; line-height: 42.6667px; letter-spacing: 0px; font-size: 16px;\">2、学习最新技术，能将新技术用于项目中。</span></p><p><br/></p>', 1, NULL, NULL),
(27, 1, '测试工程师', 2, 9, 1, 0, '', '<h1 style=\"white-space: normal; margin-top: 7px; margin-bottom: 7px; font-family: 宋体; font-size: 32px; margin-left: 0px; line-height: 64px;\"><span style=\"font-size: 18px;\"><strong><span style=\"font-family: 微软雅黑; line-height: 42.6667px; letter-spacing: 0px;\">1. 产品测试质量保障</span></strong></span></h1><p style=\"margin-top: 7px; margin-bottom: 7px; white-space: normal; font-family: Calibri; line-height: 32px;\"><span style=\"font-family: 微软雅黑; line-height: 42.6667px; letter-spacing: 0px; font-size: 16px;\">（1）配合设计部人员进行整体架构的设计以及技术路线选择；</span></p><p style=\"margin-top: 7px; margin-bottom: 7px; white-space: normal; font-family: Calibri; line-height: 32px;\"><span style=\"font-family: 微软雅黑; line-height: 42.6667px; letter-spacing: 0px; font-size: 16px;\">（2）根据软件设计部提供的整个产品线的设计方案，参与进行技术审核和论证，提出产品线研发建议；</span></p><p style=\"margin-top: 7px; margin-bottom: 7px; white-space: normal; font-family: Calibri; line-height: 32px;\"><span style=\"font-family: 微软雅黑; line-height: 42.6667px; letter-spacing: 0px; font-size: 16px;\">（3）根据软件设计部的产品需求信息，在测试周期的每个阶段进行相应的测试及相关文档的编写，并参与评审工作；</span></p><p style=\"margin-top: 7px; margin-bottom: 7px; white-space: normal; font-family: Calibri; line-height: 32px;\"><span style=\"font-family: 微软雅黑; line-height: 42.6667px; letter-spacing: 0px; font-size: 16px;\">（4）监控软件开发过程来保障软件的质量；</span></p><p style=\"margin-top: 7px; margin-bottom: 7px; white-space: normal; font-family: Calibri; line-height: 32px;\"><span style=\"font-family: 微软雅黑; line-height: 42.6667px; letter-spacing: 0px; font-size: 16px;\">（5）负责项目交付产品质量。</span></p><h2 style=\"white-space: normal; margin-top: 7px; margin-bottom: 7px; font-family: 宋体; font-size: 24px; margin-left: 0px; line-height: 48px;\"><span style=\"font-size: 18px;\"><strong><span style=\"font-family: 微软雅黑; line-height: 42.6667px; letter-spacing: 0px;\">2. 技术管理</span></strong></span></h2><p style=\"margin-top: 7px; margin-bottom: 7px; white-space: normal; font-family: Calibri; line-height: 32px;\"><span style=\"font-family: 微软雅黑; line-height: 42.6667px; letter-spacing: 0px; font-size: 16px;\">（1）参与实施软件质量保证工作，促进公司软件质量体系建设、持续改进；</span></p><p style=\"margin-top: 7px; margin-bottom: 7px; white-space: normal; font-family: Calibri; line-height: 32px;\"><span style=\"font-family: 微软雅黑; line-height: 42.6667px; letter-spacing: 0px; font-size: 16px;\">（2）学习当前市场上流行的测试技术，并要求适应于产品整体测试；</span></p><p style=\"margin-top: 7px; margin-bottom: 7px; white-space: normal; font-family: Calibri; line-height: 32px;\"><span style=\"font-family: 微软雅黑; line-height: 42.6667px; letter-spacing: 0px; font-size: 16px;\">（3）参与分析产品在测试过程的经验和教训，纳入测试资产库，为后期项目提供有效经验和数据。</span></p><h2 style=\"white-space: normal; margin-top: 7px; margin-bottom: 7px; font-family: 宋体; font-size: 24px; margin-left: 0px; line-height: 48px;\"><span style=\"font-size: 18px;\"><span style=\"font-family: 微软雅黑; line-height: 42.6667px; letter-spacing: 0px; font-weight: normal;\">3.&nbsp;</span><strong><span style=\"font-family: 微软雅黑; line-height: 42.6667px; letter-spacing: 0px;\">其他职责</span></strong></span></h2><p style=\"margin-top: 7px; margin-bottom: 7px; white-space: normal; font-family: Calibri; line-height: 32px;\"><span style=\"font-family: 微软雅黑; line-height: 42.6667px; letter-spacing: 0px; font-size: 16px;\">（1）配合测试主管对软件测试技术管理；</span></p><p style=\"margin-top: 7px; margin-bottom: 7px; white-space: normal; font-family: Calibri; line-height: 32px;\"><span style=\"font-family: 微软雅黑; line-height: 42.6667px; letter-spacing: 0px; font-size: 16px;\">（2）完成领导交付的其他任务。</span></p><p><br/></p>', 1, NULL, NULL),
(28, 1, '中级前端工程师', 2, 9, 1, 0, '', '<p style=\"margin-top: 7px; margin-bottom: 7px; white-space: normal; font-family: Calibri; line-height: 32px;\"><span style=\"font-size: 18px;\"><span style=\"font-family: 微软雅黑; letter-spacing: 0px; font-weight: bold; background: rgb(255, 255, 255);\">一、</span><strong><span style=\"line-height: 42.6667px; letter-spacing: 0px; background: rgb(255, 255, 255); font-family: 微软雅黑;\">基本职责</span></strong></span></p><p style=\"white-space: normal; font-family: Calibri; font-size: 14px; line-height: 28px;\"><strong><span style=\"font-family: 微软雅黑; line-height: 42.6667px; font-size: 16px;\">1、负责前端框架编写</span></strong></p><p style=\"white-space: normal; font-family: Calibri; font-size: 14px; line-height: 28px;\"><span style=\"font-family: 微软雅黑; line-height: 42.6667px; font-size: 16px;\">分析产品界面及功能，对框架进行不断的优化，避免插件滥用，而增加项目维护难度；</span></p><p style=\"white-space: normal; font-family: Calibri; font-size: 14px; line-height: 28px;\"><span style=\"font-family: 微软雅黑; line-height: 42.6667px; font-size: 16px;\">对公共组件进行维护，保证其兼容性及稳定性；</span></p><p style=\"white-space: normal; font-family: Calibri; font-size: 14px; line-height: 28px;\"><span style=\"font-family: 微软雅黑; line-height: 42.6667px; font-size: 16px;\">对项目底层代码进行维护，保证其稳定运行。</span></p><p style=\"white-space: normal; font-family: Calibri; font-size: 14px; line-height: 28px;\"><strong><span style=\"font-family: 微软雅黑; line-height: 42.6667px; font-size: 16px;\">2、负责公司产品的前端构建和开发</span></strong></p><p style=\"white-space: normal; font-family: Calibri; font-size: 14px; line-height: 28px;\"><span style=\"font-family: 微软雅黑; line-height: 42.6667px; font-size: 16px;\">熟练使用开发工具Webstorm、VScode等快速进行页面制作;</span></p><p style=\"white-space: normal; font-family: Calibri; font-size: 14px; line-height: 28px;\"><span style=\"font-family: 微软雅黑; line-height: 42.6667px; font-size: 16px;\">使用vue.js element-ui/iview等UI库熟练的进行网页构建和功能开发;</span></p><p style=\"white-space: normal; font-family: Calibri; font-size: 14px; line-height: 28px;\"><span style=\"font-family: 微软雅黑; line-height: 42.6667px; font-size: 16px;\">对页面代码结构进行优化;</span></p><p style=\"white-space: normal; font-family: Calibri; font-size: 14px; line-height: 28px;\"><span style=\"font-family: 微软雅黑; line-height: 42.6667px; font-size: 16px;\">保证代码在各端的兼容性。</span></p><p style=\"white-space: normal; font-family: Calibri; font-size: 14px; line-height: 28px;\"><strong><span style=\"font-family: 微软雅黑; line-height: 42.6667px; font-size: 16px;\">3、部门间合作</span></strong></p><p style=\"white-space: normal; font-family: Calibri; font-size: 14px; line-height: 28px;\"><span style=\"font-family: 微软雅黑; line-height: 42.6667px; font-size: 16px;\">配合产品经理、UI实现页面展示和制作;</span></p><p style=\"white-space: normal; font-family: Calibri; font-size: 14px; line-height: 28px;\"><span style=\"font-family: 微软雅黑; line-height: 42.6667px; font-size: 16px;\">与后台人员配合完成接口集成、以及功能完善;</span></p><p style=\"white-space: normal; font-family: Calibri; font-size: 14px; line-height: 28px;\"><span style=\"font-family: 微软雅黑; line-height: 42.6667px; font-size: 16px;\">配合上级提出的需求，进行相应修改;</span></p><p style=\"white-space: normal; font-family: Calibri; font-size: 14px; line-height: 28px;\"><span style=\"font-family: 微软雅黑; line-height: 42.6667px; font-size: 16px;\">配合测试完成bug修复;</span></p><p style=\"white-space: normal; font-family: Calibri; font-size: 14px; line-height: 28px;\"><span style=\"font-family: 微软雅黑; line-height: 42.6667px; font-size: 16px;\">严格遵循代码规范、编写易读、易维护、高效率的代码。</span></p><h2 style=\"white-space: normal; margin-top: 9px; margin-bottom: 9px; font-family: 宋体; font-size: 24px; margin-left: 0px; line-height: 48px;\"><span style=\"font-size: 18px;\"><strong><span style=\"font-family: 微软雅黑; line-height: 42.6667px; letter-spacing: 0px;\">二、&nbsp;其他职责</span></strong></span></h2><p style=\"margin-top: 9px; margin-bottom: 9px; white-space: normal; font-family: Calibri; line-height: 32px;\"><span style=\"font-family: 微软雅黑; line-height: 42.6667px; letter-spacing: 0px; font-size: 16px;\">1、完成领导交付的其他任务；</span></p><p style=\"margin-top: 9px; margin-bottom: 9px; white-space: normal; font-family: Calibri; line-height: 32px;\"><span style=\"font-family: 微软雅黑; line-height: 42.6667px; letter-spacing: 0px; font-size: 16px;\">2、学习最新技术，能将新技术用于项目中；</span></p><p><br/></p>', 1, NULL, NULL),
(29, 1, '中级Java工程师', 2, 9, 1, 0, '', '<p style=\"margin-top: 7px; margin-bottom: 7px; white-space: normal; font-family: Calibri; line-height: 32px;\"><span style=\"font-size: 18px;\"><span style=\"font-family: 微软雅黑; letter-spacing: 0px; font-weight: bold; background: rgb(255, 255, 255);\">一、</span><strong><span style=\"line-height: 42.6667px; letter-spacing: 0px; background: rgb(255, 255, 255); font-family: 微软雅黑;\">基本职责</span></strong></span><span style=\"font-size: 16px;\"><strong><span style=\"line-height: 42.6667px; letter-spacing: 0px; background: rgb(255, 255, 255); font-family: 微软雅黑;\"></span></strong><span style=\"font-family: 微软雅黑; line-height: 42.6667px; letter-spacing: 0px;\"><br/></span><strong><span style=\"font-family: 微软雅黑; line-height: 42.6667px; letter-spacing: 0px;\">1、</span><span style=\"font-family: 微软雅黑; line-height: 42.6667px;\">项目研发周期</span></strong><strong><span style=\"font-family: 微软雅黑; line-height: 42.6667px;\"></span></strong></span></p><p style=\"margin-top: 7px; margin-bottom: 7px; white-space: normal; font-family: Calibri; line-height: 32px;\"><span style=\"font-size: 16px;\"><span style=\"font-size: 16px; font-family: 微软雅黑; line-height: 42.6667px;\">严格执行开发周期节点，保质保量的完成项目功能开发任务。</span><span style=\"font-size: 16px; font-family: 微软雅黑; line-height: 42.6667px; letter-spacing: 0px;\"><br/></span><strong><span style=\"font-size: 16px; font-family: 微软雅黑; line-height: 42.6667px; letter-spacing: 0px;\">2、</span><span style=\"font-size: 16px; font-family: 微软雅黑; line-height: 42.6667px;\">代码质量</span></strong><strong><span style=\"font-size: 16px; font-family: 微软雅黑; line-height: 42.6667px;\"></span></strong></span></p><p style=\"margin-top: 7px; margin-bottom: 7px; white-space: normal; font-family: Calibri; line-height: 32px;\"><span style=\"font-size: 16px;\"><span style=\"font-size: 16px; font-family: 微软雅黑; line-height: 42.6667px;\">根据产品需求及设计图要求开发，按照标准要求进行代码编写。</span><span style=\"font-size: 16px; font-family: 微软雅黑; line-height: 42.6667px; letter-spacing: 0px;\"><br/></span><strong><span style=\"font-size: 16px; font-family: 微软雅黑; line-height: 42.6667px; letter-spacing: 0px;\">3、</span><span style=\"font-size: 16px; font-family: 微软雅黑; line-height: 42.6667px;\">项目测试</span></strong><strong><span style=\"font-size: 16px; font-family: 微软雅黑; line-height: 42.6667px;\"></span></strong></span></p><p style=\"margin-top: 7px; margin-bottom: 7px; white-space: normal; font-family: Calibri; line-height: 32px;\"><span style=\"font-size: 16px;\"><span style=\"font-family: 微软雅黑; line-height: 42.6667px;\">项目组先内测，再对接测试部门，如基础流程安装等都无法走通，或明显<span style=\"line-height: 42.6667px;\">bug较多，测试部有权驳回至项目组重新开发，如因此造成项目周期延期，责任为项目组承担。</span></span><span style=\"font-family: 微软雅黑; line-height: 42.6667px; letter-spacing: 0px;\"><br/></span><strong><span style=\"font-family: 微软雅黑; line-height: 42.6667px; letter-spacing: 0px;\">4、</span><span style=\"font-family: 微软雅黑; line-height: 42.6667px;\">项目发布</span></strong><strong><span style=\"font-family: 微软雅黑; line-height: 42.6667px;\"></span></strong></span></p><p style=\"white-space: normal; font-family: Calibri; font-size: 14px; line-height: 28px;\"><span style=\"font-family: 微软雅黑; line-height: 42.6667px; font-size: 16px;\">完善帮助文档、更新演示站，技术文档更新。</span></p><p style=\"margin-top: 7px; margin-bottom: 7px; white-space: normal; font-family: Calibri; line-height: 32px;\"><span style=\"font-size: 16px;\"><span style=\"font-family: 微软雅黑; line-height: 42.6667px;\">新版本源码完整包、更<span style=\"line-height: 42.6667px;\">新包、api文档包、更新说明文档。</span></span><span style=\"font-family: 微软雅黑; line-height: 42.6667px; letter-spacing: 0px;\"><br/></span><strong><span style=\"font-family: 微软雅黑; line-height: 42.6667px; letter-spacing: 0px;\">5、</span><span style=\"font-family: 微软雅黑; line-height: 42.6667px;\">售后维护</span></strong><strong><span style=\"font-family: 微软雅黑; line-height: 42.6667px;\"></span></strong></span></p><p style=\"margin-top: 7px; margin-bottom: 7px; white-space: normal; font-family: Calibri; line-height: 32px;\"><span style=\"font-family: 微软雅黑; line-height: 42.6667px; font-size: 16px;\">客户至上，负责项目组相关展示及项目的维护和客户问题的处理； 工作时间内，会员群里10分钟内回复用户问题，开源群20分钟内回复客户问题。</span></p><p style=\"margin-top: 7px; margin-bottom: 7px; white-space: normal; font-family: Calibri; line-height: 32px;\"><span style=\"font-size: 16px;\"><strong><span style=\"font-size: 16px; font-family: 微软雅黑; line-height: 42.6667px;\">6、学习与提升</span></strong><strong><span style=\"font-size: 16px; font-family: 微软雅黑; line-height: 42.6667px;\"></span></strong></span></p><p style=\"margin-top: 7px; margin-bottom: 7px; white-space: normal; font-family: Calibri; line-height: 32px;\"><span style=\"font-family: 微软雅黑; line-height: 42.6667px; font-size: 16px;\">钻研学习并不断创新，积极参与部门组织的技术分享会交流学习。</span></p><h2 style=\"white-space: normal; margin-top: 9px; margin-bottom: 9px; font-family: 宋体; font-size: 24px; margin-left: 0px; line-height: 48px;\"><span style=\"font-size: 18px;\"><strong><span style=\"font-family: 微软雅黑; line-height: 42.6667px; letter-spacing: 0px;\">二、&nbsp;其他职责</span></strong></span><span style=\"font-size: 16px;\"><strong><span style=\"font-size: 16px; font-family: 微软雅黑; line-height: 42.6667px; letter-spacing: 0px;\"></span></strong><strong><span style=\"font-size: 16px; font-family: 微软雅黑; line-height: 42.6667px; letter-spacing: 0px;\"></span></strong></span></h2><p style=\"margin-top: 9px; margin-bottom: 9px; white-space: normal; font-family: Calibri; line-height: 32px;\"><span style=\"font-family: 微软雅黑; line-height: 42.6667px; letter-spacing: 0px; font-size: 16px;\">1、完成领导交付的其他任务；</span></p><p style=\"margin-top: 9px; margin-bottom: 9px; white-space: normal; font-family: Calibri; line-height: 32px;\"><span style=\"font-family: 微软雅黑; line-height: 42.6667px; letter-spacing: 0px; font-size: 16px;\">2、学习最新技术，能将新技术用于项目中。</span></p><p><br/></p>', 1, NULL, NULL),
(30, 1, '中级PHP工程师', 2, 9, 1, 0, '', '<p style=\"margin-top: 7px; margin-bottom: 7px; white-space: normal; font-family: Calibri; line-height: 32px;\"><span style=\"font-size: 18px;\"><span style=\"font-family: 微软雅黑; letter-spacing: 0px; font-weight: bold; background: rgb(255, 255, 255);\">一、</span><strong><span style=\"line-height: 42.6667px; letter-spacing: 0px; background: rgb(255, 255, 255); font-family: 微软雅黑;\">基本职责</span></strong></span><span style=\"font-size: 16px;\"><strong><span style=\"line-height: 42.6667px; letter-spacing: 0px; background: rgb(255, 255, 255); font-family: 微软雅黑;\"></span></strong><span style=\"font-family: 微软雅黑; line-height: 42.6667px; letter-spacing: 0px;\"><br/></span><strong><span style=\"font-family: 微软雅黑; line-height: 42.6667px; letter-spacing: 0px;\">1、</span><span style=\"font-family: 微软雅黑; line-height: 42.6667px;\">项目研发周期</span></strong></span></p><p style=\"margin-top: 7px; margin-bottom: 7px; white-space: normal; font-family: Calibri; line-height: 32px;\"><span style=\"font-size: 16px;\"><span style=\"font-size: 16px; font-family: 微软雅黑; line-height: 42.6667px;\">严格执行开发周期节点，保质保量的完成项目功能开发任务。</span><span style=\"font-size: 16px; font-family: 微软雅黑; line-height: 42.6667px; letter-spacing: 0px;\"><br/></span><strong><span style=\"font-size: 16px; font-family: 微软雅黑; line-height: 42.6667px; letter-spacing: 0px;\">2、</span><span style=\"font-size: 16px; font-family: 微软雅黑; line-height: 42.6667px;\">代码质量</span></strong></span></p><p style=\"margin-top: 7px; margin-bottom: 7px; white-space: normal; font-family: Calibri; line-height: 32px;\"><span style=\"font-size: 16px;\"><span style=\"font-size: 16px; font-family: 微软雅黑; line-height: 42.6667px;\">根据产品需求及设计图要求开发，按照标准要求进行代码编写。</span><span style=\"font-size: 16px; font-family: 微软雅黑; line-height: 42.6667px; letter-spacing: 0px;\"><br/></span><strong><span style=\"font-size: 16px; font-family: 微软雅黑; line-height: 42.6667px; letter-spacing: 0px;\">3、</span><span style=\"font-size: 16px; font-family: 微软雅黑; line-height: 42.6667px;\">项目测试</span></strong></span></p><p style=\"margin-top: 7px; margin-bottom: 7px; white-space: normal; font-family: Calibri; line-height: 32px;\"><span style=\"font-size: 16px;\"><span style=\"font-family: 微软雅黑; line-height: 42.6667px;\">项目组先内测，再对接测试部门，如基础流程安装等都无法走通，或明显<span style=\"line-height: 42.6667px;\">bug较多，测试部有权驳回至项目组重新开发，如因此造成项目周期延期，责任为项目组承担。</span></span><span style=\"font-family: 微软雅黑; line-height: 42.6667px; letter-spacing: 0px;\"><br/></span><strong><span style=\"font-family: 微软雅黑; line-height: 42.6667px; letter-spacing: 0px;\">4、</span><span style=\"font-family: 微软雅黑; line-height: 42.6667px;\">项目发布</span></strong></span></p><p style=\"white-space: normal; font-family: Calibri; font-size: 14px; line-height: 28px;\"><span style=\"font-family: 微软雅黑; line-height: 42.6667px; font-size: 16px;\">完善帮助文档、更新演示站，技术文档更新。</span></p><p style=\"margin-top: 7px; margin-bottom: 7px; white-space: normal; font-family: Calibri; line-height: 32px;\"><span style=\"font-size: 16px;\"><span style=\"font-family: 微软雅黑; line-height: 42.6667px;\">新版本源码完整包、更<span style=\"line-height: 42.6667px;\">新包、api文档包、更新说明文档。</span></span><span style=\"font-family: 微软雅黑; line-height: 42.6667px; letter-spacing: 0px;\"><br/></span><strong><span style=\"font-family: 微软雅黑; line-height: 42.6667px; letter-spacing: 0px;\">5、</span><span style=\"font-family: 微软雅黑; line-height: 42.6667px;\">售后维护</span></strong></span></p><p style=\"margin-top: 7px; margin-bottom: 7px; white-space: normal; font-family: Calibri; line-height: 32px;\"><span style=\"font-family: 微软雅黑; line-height: 42.6667px; font-size: 16px;\">客户至上，负责项目组相关展示及项目的维护和客户问题的处理； 工作时间内，会员群里10分钟内回复用户问题，开源群20分钟内回复客户问题。</span></p><p style=\"margin-top: 7px; margin-bottom: 7px; white-space: normal; font-family: Calibri; line-height: 32px;\"><span style=\"font-size: 16px;\"><strong><span style=\"font-size: 16px; font-family: 微软雅黑; line-height: 42.6667px;\">6、学习与提升</span></strong></span></p><p style=\"margin-top: 7px; margin-bottom: 7px; white-space: normal; font-family: Calibri; line-height: 32px;\"><span style=\"font-family: 微软雅黑; line-height: 42.6667px; font-size: 16px;\">钻研学习并不断创新，积极参与部门组织的技术分享会交流学习。</span></p><h2 style=\"white-space: normal; margin-top: 9px; margin-bottom: 9px; font-family: 宋体; font-size: 24px; margin-left: 0px; line-height: 48px;\"><span style=\"font-size: 18px;\"><strong><span style=\"font-family: 微软雅黑; line-height: 42.6667px; letter-spacing: 0px;\">二、&nbsp;其他职责</span></strong></span></h2><p style=\"margin-top: 9px; margin-bottom: 9px; white-space: normal; font-family: Calibri; line-height: 32px;\"><span style=\"font-family: 微软雅黑; line-height: 42.6667px; letter-spacing: 0px; font-size: 16px;\">1、完成领导交付的其他任务；</span></p><p style=\"margin-top: 9px; margin-bottom: 9px; white-space: normal; font-family: Calibri; line-height: 32px;\"><span style=\"font-family: 微软雅黑; line-height: 42.6667px; letter-spacing: 0px; font-size: 16px;\">2、学习最新技术，能将新技术用于项目中。</span></p><p><br/></p>', 1, NULL, NULL),
(31, 1, '初级产品经理', 2, 10, 1, 0, '', '<p style=\"white-space: normal;\"><strong><span style=\"letter-spacing: 0px; font-family: 微软雅黑; line-height: 42.6667px; background: rgb(255, 255, 255);\">在高级产品经理的带领下，完成：</span></strong></p><p style=\"white-space: normal;\"><span style=\"letter-spacing: 0px; font-family: 微软雅黑; line-height: 42.6667px; background: rgb(255, 255, 255); font-size: 16px;\">1. 产品方案策划及开发推广。<br/>2.&nbsp;管理并协调新品开发过程中产品部、技术部、市场（拓展）部等相关部门之间的协作分工，以保障产品开发符合要求并顺利进行。<br/>3.&nbsp;制定产品策略与蓝图。<br/>4.&nbsp;提供深入的市场分析、行业分析、竞品分析，并对产品定位。<br/>5.&nbsp;统计分析市场数据，并制作数据报告。<br/>6.&nbsp;与市场部进行沟通，了解最新的、不断变化的市场需求。<br/>7.&nbsp;不断升级产品定位，更新产品信息。<br/>8.&nbsp;制定产品预算，计算预期收益与收益率。<br/>9.&nbsp;深入了解竞争者的相关信息、产品的市场现状。<br/>10.&nbsp;在部门内部，辅助跟踪和执行已投入市场的产品项目。<br/>11.&nbsp;在部门内部，辅助提升产品市场策略、制定年度计划。<br/>12.&nbsp;帮助拓展销售渠道、搜集产品内容制作资源。<br/>13.&nbsp;培训员工简要的产品信息与相关知识。</span></p><p style=\"white-space: normal;\"><span style=\"letter-spacing: 0px; font-family: 微软雅黑; line-height: 42.6667px; background: rgb(255, 255, 255); font-size: 16px;\"></span></p><p style=\"white-space: normal; font-family: Calibri; line-height: 28px;\"><span style=\"font-size: 16px; font-family: 微软雅黑;\">14.&nbsp;完成上级主管交办的其他临时性工作,依据项目进度按时提交工作汇报。</span></p><p style=\"white-space: normal;\"><span style=\"letter-spacing: 0px; font-family: 微软雅黑; line-height: 42.6667px; background: rgb(255, 255, 255);\"><br/></span></p><p><br/></p>', 1, NULL, NULL),
(32, 1, '初级设计师', 2, 10, 1, 0, '', '<p style=\"margin-top: 7px; margin-bottom: 7px; white-space: normal; font-family: Calibri; line-height: 32px;\"><span style=\"font-size: 18px;\"><strong><span style=\"font-family: 微软雅黑;\">在设计师前辈的带领下，完成：</span></strong></span></p><p style=\"margin-top: 7px; margin-bottom: 7px; white-space: normal; font-family: Calibri; line-height: 32px;\"><span style=\"font-size: 18px;\"><strong><span style=\"font-family: 微软雅黑;\">1、</span><span style=\"font-family: 微软雅黑; line-height: 42.6667px;\">日常设计内容</span></strong></span></p><p style=\"margin-top: 7px; margin-bottom: 7px; white-space: normal; font-family: Calibri; line-height: 32px;\"><span style=\"font-family: 微软雅黑; line-height: 42.6667px;\">负责公司官网轮播图、广告图、产品主图及详情页制作</span></p><p style=\"margin-top: 7px; margin-bottom: 7px; white-space: normal; font-family: Calibri; line-height: 32px;\"><strong><span style=\"font-size: 18px;\"><span style=\"font-family: 微软雅黑;\">2、</span><span style=\"font-family: 微软雅黑; line-height: 42.6667px;\">活动设计</span></span></strong></p><p style=\"margin-top: 7px; margin-bottom: 7px; white-space: normal; font-family: Calibri; line-height: 32px;\"><span style=\"font-family: 微软雅黑; line-height: 42.6667px;\">负责公司营销活动内容平面设计</span></p><p style=\"margin-top: 7px; margin-bottom: 7px; white-space: normal; font-family: Calibri; line-height: 32px;\"><strong><span style=\"font-family: 微软雅黑; line-height: 42.6667px; font-size: 18px;\">3、群发素材</span></strong></p><p style=\"margin-top: 7px; margin-bottom: 7px; white-space: normal; font-family: Calibri; line-height: 32px;\"><span style=\"font-family: 微软雅黑; line-height: 42.6667px;\">负责客服日常朋友圈群发素材设计及活动海报设计</span></p><p style=\"margin-top: 7px; margin-bottom: 7px; white-space: normal; font-family: Calibri; line-height: 32px;\"><strong><span style=\"font-family: 微软雅黑; line-height: 42.6667px; font-size: 18px;\">4、视频制作</span></strong></p><p style=\"margin-top: 7px; margin-bottom: 7px; white-space: normal; font-family: Calibri; line-height: 32px;\"><span style=\"font-family: 微软雅黑; line-height: 42.6667px;\">负责公司宣传视频、系统教程视频剪辑、制作、美化</span></p><p style=\"margin-top: 7px; margin-bottom: 7px; white-space: normal; font-family: Calibri; line-height: 32px;\"><strong><span style=\"font-family: 微软雅黑; line-height: 42.6667px; font-size: 18px;\">5、品牌形象提升</span></strong></p><p style=\"margin-top: 7px; margin-bottom: 7px; white-space: normal; font-family: Calibri; line-height: 32px;\"><span style=\"font-family: 微软雅黑; line-height: 42.6667px;\">负责把控公司官网、商城、论坛等对外宣传渠道网页及平面作品整体风格把控，问题纠错，提升品牌形象。</span></p><p style=\"margin-top: 7px; margin-bottom: 7px; white-space: normal; font-family: Calibri; line-height: 32px;\"><strong><span style=\"font-family: 微软雅黑; line-height: 42.6667px; font-size: 18px;\">6、其他设计内容</span></strong></p><p style=\"margin-top: 7px; margin-bottom: 7px; white-space: normal; font-family: Calibri; line-height: 32px;\"><span style=\"font-family: 微软雅黑; line-height: 42.6667px;\">负责公司其他宣传活动所需的平面设计内容制作</span></p><p style=\"margin-top: 7px; margin-bottom: 7px; white-space: normal; font-family: Calibri; line-height: 32px;\"><strong><span style=\"font-family: 微软雅黑; line-height: 42.6667px; font-size: 18px;\">7、其他工作</span></strong></p><p style=\"margin-top: 7px; margin-bottom: 7px; white-space: normal; font-family: Calibri; line-height: 32px;\"><span style=\"font-family: 微软雅黑; line-height: 42.6667px;\">完成上级主管交办的其他临时性工作,依据项目进度按时提交工作汇报。</span></p><p><br/></p>', 1, NULL, NULL),
(33, 1, '初级前端工程师', 2, 10, 1, 0, '', '<p style=\"margin-top: 7px; margin-bottom: 7px; white-space: normal; font-family: Calibri; line-height: 32px;\"><span style=\"font-size: 18px;\"><span style=\"font-family: 微软雅黑; letter-spacing: 0px; font-weight: bold; background: rgb(255, 255, 255);\">一、</span><strong><span style=\"line-height: 42.6667px; letter-spacing: 0px; background: rgb(255, 255, 255); font-family: 微软雅黑;\">基本职责</span></strong></span></p><p style=\"white-space: normal; font-family: Calibri; font-size: 14px; line-height: 28px;\"><strong><span style=\"font-family: 微软雅黑; line-height: 42.6667px; font-size: 16px;\">1、负责公司产品的前端构建和开发</span></strong></p><p style=\"white-space: normal; font-family: Calibri; font-size: 14px; line-height: 28px;\"><span style=\"font-family: 微软雅黑; line-height: 42.6667px; font-size: 16px;\">熟练使用开发工具Webstorm、VScode等快速进行页面制作;</span></p><p style=\"white-space: normal; font-family: Calibri; font-size: 14px; line-height: 28px;\"><span style=\"font-family: 微软雅黑; line-height: 42.6667px; font-size: 16px;\">使用vue.js element-ui/iview等UI库熟练的进行网页构建和功能开发;</span></p><p style=\"white-space: normal; font-family: Calibri; font-size: 14px; line-height: 28px;\"><span style=\"font-family: 微软雅黑; line-height: 42.6667px; font-size: 16px;\">对页面代码结构进行优化;</span></p><p style=\"white-space: normal; font-family: Calibri; font-size: 14px; line-height: 28px;\"><span style=\"font-family: 微软雅黑; line-height: 42.6667px; font-size: 16px;\">保证代码在各端的兼容性。</span></p><p style=\"white-space: normal; font-family: Calibri; font-size: 14px; line-height: 28px;\"><strong><span style=\"font-family: 微软雅黑; line-height: 42.6667px; font-size: 16px;\">2、部门间合作</span></strong></p><p style=\"white-space: normal; font-family: Calibri; font-size: 14px; line-height: 28px;\"><span style=\"font-family: 微软雅黑; line-height: 42.6667px; font-size: 16px;\">配合产品经理、UI实现页面展示和制作;</span></p><p style=\"white-space: normal; font-family: Calibri; font-size: 14px; line-height: 28px;\"><span style=\"font-family: 微软雅黑; line-height: 42.6667px; font-size: 16px;\">与后台人员配合完成接口集成、以及功能完善;</span></p><p style=\"white-space: normal; font-family: Calibri; font-size: 14px; line-height: 28px;\"><span style=\"font-family: 微软雅黑; line-height: 42.6667px; font-size: 16px;\">配合上级提出的需求，进行相应修改;</span></p><p style=\"white-space: normal; font-family: Calibri; font-size: 14px; line-height: 28px;\"><span style=\"font-family: 微软雅黑; line-height: 42.6667px; font-size: 16px;\">配合测试完成bug修复;</span></p><p style=\"white-space: normal; font-family: Calibri; font-size: 14px; line-height: 28px;\"><span style=\"font-family: 微软雅黑; line-height: 42.6667px; font-size: 16px;\">严格遵循代码规范、编写易读、易维护、高效率的代码。</span></p><h2 style=\"white-space: normal; margin-top: 9px; margin-bottom: 9px; font-family: 宋体; font-size: 24px; margin-left: 0px; line-height: 48px;\"><span style=\"font-size: 18px;\"><strong><span style=\"font-family: 微软雅黑; line-height: 42.6667px; letter-spacing: 0px;\">二、&nbsp;其他职责</span></strong></span></h2><p style=\"margin-top: 9px; margin-bottom: 9px; white-space: normal; font-family: Calibri; line-height: 32px;\"><span style=\"font-family: 微软雅黑; line-height: 42.6667px; letter-spacing: 0px; font-size: 16px;\">1、完成领导交付的其他任务；</span></p><p style=\"margin-top: 9px; margin-bottom: 9px; white-space: normal; font-family: Calibri; line-height: 32px;\"><span style=\"font-family: 微软雅黑; line-height: 42.6667px; letter-spacing: 0px; font-size: 16px;\">2、学习最新技术，能将新技术用于项目中；</span></p><p style=\"margin-top: 9px; margin-bottom: 9px; white-space: normal; font-family: Calibri; line-height: 32px;\"><span style=\"font-family: 微软雅黑; line-height: 42.6667px; letter-spacing: 0px; font-size: 16px;\">3、按时参加学习交流分享会，制定学习目标。</span></p><p><br/></p>', 1, NULL, NULL);
INSERT INTO `eb_rank_job` (`id`, `entid`, `name`, `cate_id`, `rank_id`, `card_id`, `job_count`, `describe`, `duty`, `status`, `created_at`, `updated_at`) VALUES
(34, 1, '初级Java工程师', 2, 10, 1, 0, '', '<p style=\"margin-top: 7px; margin-bottom: 7px; white-space: normal; font-family: Calibri; line-height: 32px;\"><span style=\"font-size: 18px;\"><span style=\"font-family: 微软雅黑; letter-spacing: 0px; font-weight: bold; background: rgb(255, 255, 255);\">一、</span><strong><span style=\"line-height: 42.6667px; letter-spacing: 0px; background: rgb(255, 255, 255); font-family: 微软雅黑;\">基本职责</span></strong></span><span style=\"font-family: 微软雅黑; line-height: 42.6667px; letter-spacing: 0px; font-size: 21px;\"><br/></span></p><p style=\"margin-top: 7px; margin-bottom: 7px; white-space: normal; font-family: Calibri; line-height: 32px;\"><strong><span style=\"font-family: 微软雅黑; line-height: 42.6667px; letter-spacing: 0px;\">1、</span><span style=\"font-family: 微软雅黑; line-height: 42.6667px;\">代码质量</span></strong></p><p style=\"margin-top: 7px; margin-bottom: 7px; white-space: normal; font-family: Calibri; line-height: 32px;\"><span style=\"font-family: 微软雅黑; line-height: 42.6667px;\">根据产品需求及设计图要求开发，按照标准要求进行代码编写。</span><span style=\"font-family: 微软雅黑; line-height: 42.6667px; letter-spacing: 0px;\"><br/></span><strong><span style=\"font-family: 微软雅黑; line-height: 42.6667px; letter-spacing: 0px;\">2、</span><span style=\"font-family: 微软雅黑; line-height: 42.6667px;\">项目测试</span></strong></p><p style=\"margin-top: 7px; margin-bottom: 7px; white-space: normal; font-family: Calibri; line-height: 32px;\"><span style=\"font-family: 微软雅黑; line-height: 42.6667px; font-size: 21px;\"><span style=\"font-size: 16px;\">项目组先内测，再对接测试部门，如基础流程安装等都无法走通，或明显</span><span style=\"line-height: 42.6667px; font-size: 16px;\">bug较多，测试部有权驳回至项目组重新开发，如因此造成项目周期延期，责任为项目组承担。</span></span><span style=\"font-family: 微软雅黑; line-height: 42.6667px; letter-spacing: 0px;\"><br/></span><strong><span style=\"font-family: 微软雅黑; line-height: 42.6667px; letter-spacing: 0px;\">3、</span><span style=\"font-family: 微软雅黑; line-height: 42.6667px;\">项目发布</span></strong></p><p style=\"white-space: normal; font-family: Calibri; font-size: 14px; line-height: 28px;\"><span style=\"font-family: 微软雅黑; line-height: 42.6667px; font-size: 16px;\">完善帮助文档、更新演示站，技术文档更新。</span></p><p style=\"margin-top: 7px; margin-bottom: 7px; white-space: normal; font-family: Calibri; line-height: 32px;\"><span style=\"font-family: 微软雅黑; line-height: 42.6667px; font-size: 21px;\"><span style=\"font-size: 16px;\">新版本源码完整包、更</span><span style=\"line-height: 42.6667px; font-size: 16px;\">新包、api文档包、更新说明文档。</span></span><span style=\"font-family: 微软雅黑; line-height: 42.6667px; letter-spacing: 0px;\"><br/></span><strong><span style=\"font-family: 微软雅黑; line-height: 42.6667px; letter-spacing: 0px;\">4、</span><span style=\"font-family: 微软雅黑; line-height: 42.6667px;\">售后维护</span></strong></p><p style=\"margin-top: 7px; margin-bottom: 7px; white-space: normal; font-family: Calibri; line-height: 32px;\"><span style=\"font-family: 微软雅黑; line-height: 42.6667px; font-size: 16px;\">客户至上，负责项目组相关展示及项目的维护和客户问题的处理； 工作时间内，会员群里10分钟内回复用户问题，开源群20分钟内回复客户问题。</span></p><p style=\"margin-top: 7px; margin-bottom: 7px; white-space: normal; font-family: Calibri; line-height: 32px;\"><strong><span style=\"font-family: 微软雅黑; line-height: 42.6667px;\">5、学习与提升</span></strong></p><p style=\"margin-top: 7px; margin-bottom: 7px; white-space: normal; font-family: Calibri; line-height: 32px;\"><span style=\"font-family: 微软雅黑; line-height: 42.6667px; font-size: 16px;\">钻研学习并不断创新，积极参与部门组织的技术分享会交流学习。</span></p><h2 style=\"white-space: normal; margin-top: 9px; margin-bottom: 9px; font-family: 宋体; font-size: 24px; margin-left: 0px; line-height: 48px;\"><span style=\"font-size: 18px;\"><strong><span style=\"font-family: 微软雅黑; line-height: 42.6667px; letter-spacing: 0px;\">二、&nbsp;其他职责</span></strong></span></h2><p style=\"margin-top: 9px; margin-bottom: 9px; white-space: normal; font-family: Calibri; line-height: 32px;\"><span style=\"font-family: 微软雅黑; line-height: 42.6667px; letter-spacing: 0px; font-size: 16px;\">1、完成领导交付的其他任务；</span></p><p style=\"margin-top: 9px; margin-bottom: 9px; white-space: normal; font-family: Calibri; line-height: 32px;\"><span style=\"font-family: 微软雅黑; line-height: 42.6667px; letter-spacing: 0px; font-size: 16px;\">2、学习最新技术，能将新技术用于项目中；</span></p><p style=\"margin-top: 9px; margin-bottom: 9px; white-space: normal; font-family: Calibri; line-height: 32px;\"><span style=\"font-family: 微软雅黑; line-height: 42.6667px; letter-spacing: 0px; font-size: 16px;\">3、按时参加学习交流分享会，制定学习目标。</span></p><p><br/></p>', 1, NULL, NULL),
(35, 1, '初级PHP工程师', 2, 10, 1, 1, '', '<p style=\"margin-top: 7px; margin-bottom: 7px; white-space: normal; font-family: Calibri; line-height: 32px;\"><span style=\"font-size: 18px;\"><span style=\"font-family: 微软雅黑; letter-spacing: 0px; font-weight: bold; background: rgb(255, 255, 255);\">一、</span><strong><span style=\"line-height: 42.6667px; letter-spacing: 0px; background: rgb(255, 255, 255); font-family: 微软雅黑;\">基本职责</span></strong></span><span style=\"font-family: 微软雅黑; line-height: 42.6667px; letter-spacing: 0px; font-size: 21px;\"><br/></span></p><p style=\"margin-top: 7px; margin-bottom: 7px; white-space: normal; font-family: Calibri; line-height: 32px;\"><strong><span style=\"font-family: 微软雅黑; line-height: 42.6667px; letter-spacing: 0px;\">1、</span><span style=\"font-family: 微软雅黑; line-height: 42.6667px;\">代码质量</span></strong></p><p style=\"margin-top: 7px; margin-bottom: 7px; white-space: normal; font-family: Calibri; line-height: 32px;\"><span style=\"font-family: 微软雅黑; line-height: 42.6667px;\">根据产品需求及设计图要求开发，按照标准要求进行代码编写。</span><span style=\"font-family: 微软雅黑; line-height: 42.6667px; letter-spacing: 0px;\"><br/></span><strong><span style=\"font-family: 微软雅黑; line-height: 42.6667px; letter-spacing: 0px;\">2、</span><span style=\"font-family: 微软雅黑; line-height: 42.6667px;\">项目测试</span></strong></p><p style=\"margin-top: 7px; margin-bottom: 7px; white-space: normal; font-family: Calibri; line-height: 32px;\"><span style=\"font-family: 微软雅黑; line-height: 42.6667px; font-size: 21px;\"><span style=\"font-size: 16px;\">项目组先内测，再对接测试部门，如基础流程安装等都无法走通，或明显</span><span style=\"line-height: 42.6667px; font-size: 16px;\">bug较多，测试部有权驳回至项目组重新开发，如因此造成项目周期延期，责任为项目组承担。</span></span><span style=\"font-family: 微软雅黑; line-height: 42.6667px; letter-spacing: 0px;\"><br/></span><strong><span style=\"font-family: 微软雅黑; line-height: 42.6667px; letter-spacing: 0px;\">3、</span><span style=\"font-family: 微软雅黑; line-height: 42.6667px;\">项目发布</span></strong></p><p style=\"white-space: normal; font-family: Calibri; font-size: 14px; line-height: 28px;\"><span style=\"font-family: 微软雅黑; line-height: 42.6667px; font-size: 16px;\">完善帮助文档、更新演示站，技术文档更新。</span></p><p style=\"margin-top: 7px; margin-bottom: 7px; white-space: normal; font-family: Calibri; line-height: 32px;\"><span style=\"font-family: 微软雅黑; line-height: 42.6667px; font-size: 21px;\"><span style=\"font-size: 16px;\">新版本源码完整包、更</span><span style=\"line-height: 42.6667px; font-size: 16px;\">新包、api文档包、更新说明文档。</span></span><span style=\"font-family: 微软雅黑; line-height: 42.6667px; letter-spacing: 0px;\"><br/></span><strong><span style=\"font-family: 微软雅黑; line-height: 42.6667px; letter-spacing: 0px;\">4、</span><span style=\"font-family: 微软雅黑; line-height: 42.6667px;\">售后维护</span></strong></p><p style=\"margin-top: 7px; margin-bottom: 7px; white-space: normal; font-family: Calibri; line-height: 32px;\"><span style=\"font-family: 微软雅黑; line-height: 42.6667px; font-size: 16px;\">客户至上，负责项目组相关展示及项目的维护和客户问题的处理； 工作时间内，会员群里10分钟内回复用户问题，开源群20分钟内回复客户问题。</span></p><p style=\"margin-top: 7px; margin-bottom: 7px; white-space: normal; font-family: Calibri; line-height: 32px;\"><strong><span style=\"font-family: 微软雅黑; line-height: 42.6667px;\">5、学习与提升</span></strong></p><p style=\"margin-top: 7px; margin-bottom: 7px; white-space: normal; font-family: Calibri; line-height: 32px;\"><span style=\"font-family: 微软雅黑; line-height: 42.6667px; font-size: 16px;\">钻研学习并不断创新，积极参与部门组织的技术分享会交流学习。</span></p><h2 style=\"white-space: normal; margin-top: 9px; margin-bottom: 9px; font-family: 宋体; font-size: 24px; margin-left: 0px; line-height: 48px;\"><span style=\"font-size: 18px;\"><strong><span style=\"font-family: 微软雅黑; line-height: 42.6667px; letter-spacing: 0px;\">二、&nbsp;其他职责</span></strong></span></h2><p style=\"margin-top: 9px; margin-bottom: 9px; white-space: normal; font-family: Calibri; line-height: 32px;\"><span style=\"font-family: 微软雅黑; line-height: 42.6667px; letter-spacing: 0px; font-size: 16px;\">1、完成领导交付的其他任务；</span></p><p style=\"margin-top: 9px; margin-bottom: 9px; white-space: normal; font-family: Calibri; line-height: 32px;\"><span style=\"font-family: 微软雅黑; line-height: 42.6667px; letter-spacing: 0px; font-size: 16px;\">2、学习最新技术，能将新技术用于项目中；</span></p><p style=\"margin-top: 9px; margin-bottom: 9px; white-space: normal; font-family: Calibri; line-height: 32px;\"><span style=\"font-family: 微软雅黑; line-height: 42.6667px; letter-spacing: 0px; font-size: 16px;\">3、按时参加学习交流分享会，制定学习目标。</span></p><p><br/></p>', 1, NULL, '2023-11-23 11:11:06'),
(36, 1, '产品助理', 2, 11, 1, 0, '', '<p style=\"white-space: normal;\"><span style=\"letter-spacing: 0px; font-family: 微软雅黑; line-height: 42.6667px; background: rgb(255, 255, 255); font-size: 16px;\">1. 产品方案策划及开发推广。<br/>2.&nbsp;管理并协调新品开发过程中产品部、技术部、市场（拓展）部等相关部门之间的协作分工，以保障产品开发符合要求并顺利进行。<br/>3.&nbsp;制定产品策略与蓝图。<br/>4.&nbsp;提供深入的市场分析、行业分析、竞品分析，并对产品定位。<br/>5.&nbsp;统计分析市场数据，并制作数据报告。<br/>6.&nbsp;与市场部进行沟通，了解最新的、不断变化的市场需求。<br/>7.&nbsp;不断升级产品定位，更新产品信息。<br/>8.&nbsp;制定产品预算，计算预期收益与收益率。<br/>9.&nbsp;深入了解竞争者的相关信息、产品的市场现状。<br/>10.&nbsp;在部门内部，辅助跟踪和执行已投入市场的产品项目。<br/>11.&nbsp;在部门内部，辅助提升产品市场策略、制定年度计划。<br/>12.&nbsp;帮助拓展销售渠道、搜集产品内容制作资源。<br/>13.&nbsp;培训员工简要的产品信息与相关知识。</span></p><p style=\"white-space: normal;\"><span style=\"letter-spacing: 0px; font-family: 微软雅黑; line-height: 42.6667px; background: rgb(255, 255, 255); font-size: 16px;\"></span></p><p style=\"white-space: normal; font-family: Calibri; line-height: 28px;\"><span style=\"font-size: 16px; font-family: 微软雅黑;\">14.&nbsp;完成上级主管交办的其他临时性工作,依据项目进度按时提交工作汇报。</span></p><p><br/></p>', 1, NULL, NULL),
(37, 1, '设计助理', 2, 11, 1, 0, '', '<p style=\"margin-top: 7px; margin-bottom: 7px; white-space: normal; font-family: Calibri; line-height: 32px;\"><span style=\"font-size: 18px;\"><strong><span style=\"font-family: 微软雅黑;\">在设计师的带领下，协助设计师完成：</span></strong></span></p><p style=\"margin-top: 7px; margin-bottom: 7px; white-space: normal; font-family: Calibri; line-height: 32px;\"><span style=\"font-size: 18px;\"><strong><span style=\"font-family: 微软雅黑;\">1、</span><span style=\"font-family: 微软雅黑; line-height: 42.6667px;\">日常设计内容</span></strong></span></p><p style=\"margin-top: 7px; margin-bottom: 7px; white-space: normal; font-family: Calibri; line-height: 32px;\"><span style=\"font-family: 微软雅黑; line-height: 42.6667px; font-size: 16px;\">负责公司官网轮播图、广告图、产品主图及详情页制作</span></p><p style=\"margin-top: 7px; margin-bottom: 7px; white-space: normal; font-family: Calibri; line-height: 32px;\"><strong><span style=\"font-size: 18px;\"><span style=\"font-family: 微软雅黑;\">2、</span><span style=\"font-family: 微软雅黑; line-height: 42.6667px;\">活动设计</span></span></strong></p><p style=\"margin-top: 7px; margin-bottom: 7px; white-space: normal; font-family: Calibri; line-height: 32px;\"><span style=\"font-family: 微软雅黑; line-height: 42.6667px; font-size: 16px;\">负责公司营销活动内容平面设计</span></p><p style=\"margin-top: 7px; margin-bottom: 7px; white-space: normal; font-family: Calibri; line-height: 32px;\"><strong><span style=\"font-family: 微软雅黑; line-height: 42.6667px; font-size: 18px;\">3、群发素材</span></strong></p><p style=\"margin-top: 7px; margin-bottom: 7px; white-space: normal; font-family: Calibri; line-height: 32px;\"><span style=\"font-family: 微软雅黑; line-height: 42.6667px; font-size: 16px;\">负责客服日常朋友圈群发素材设计及活动海报设计</span></p><p style=\"margin-top: 7px; margin-bottom: 7px; white-space: normal; font-family: Calibri; line-height: 32px;\"><strong><span style=\"font-family: 微软雅黑; line-height: 42.6667px; font-size: 18px;\">4、视频制作</span></strong></p><p style=\"margin-top: 7px; margin-bottom: 7px; white-space: normal; font-family: Calibri; line-height: 32px;\"><span style=\"font-family: 微软雅黑; line-height: 42.6667px; font-size: 16px;\">负责公司宣传视频、系统教程视频剪辑、制作、美化</span></p><p style=\"margin-top: 7px; margin-bottom: 7px; white-space: normal; font-family: Calibri; line-height: 32px;\"><strong><span style=\"font-family: 微软雅黑; line-height: 42.6667px; font-size: 18px;\">5、品牌形象提升</span></strong></p><p style=\"margin-top: 7px; margin-bottom: 7px; white-space: normal; font-family: Calibri; line-height: 32px;\"><span style=\"font-family: 微软雅黑; line-height: 42.6667px; font-size: 16px;\">负责把控公司官网、商城、论坛等对外宣传渠道网页及平面作品整体风格把控，问题纠错，提升品牌形象。</span></p><p style=\"margin-top: 7px; margin-bottom: 7px; white-space: normal; font-family: Calibri; line-height: 32px;\"><strong><span style=\"font-family: 微软雅黑; line-height: 42.6667px; font-size: 18px;\">6、其他设计内容</span></strong></p><p style=\"margin-top: 7px; margin-bottom: 7px; white-space: normal; font-family: Calibri; line-height: 32px;\"><span style=\"font-family: 微软雅黑; line-height: 42.6667px; font-size: 16px;\">负责公司其他宣传活动所需的平面设计内容制作</span></p><p style=\"margin-top: 7px; margin-bottom: 7px; white-space: normal; font-family: Calibri; line-height: 32px;\"><strong><span style=\"font-family: 微软雅黑; line-height: 42.6667px; font-size: 18px;\">7、其他工作</span></strong></p><p style=\"margin-top: 7px; margin-bottom: 7px; white-space: normal; font-family: Calibri; line-height: 32px;\"><span style=\"font-family: 微软雅黑; line-height: 42.6667px; font-size: 16px;\">完成上级主管交办的其他临时性工作,依据项目进度按时提交工作汇报。</span></p><p><br/></p>', 1, NULL, NULL),
(38, 1, '运维助理', 2, 11, 1, 0, '', '<p style=\"white-space: normal; font-family: Calibri; line-height: 32px;\"><span style=\"font-size: 18px;\"><strong><span style=\"line-height: 48px; letter-spacing: 0px; background: rgb(255, 255, 255); font-family: 微软雅黑;\">一、</span></strong><strong><span style=\"line-height: 48px; letter-spacing: 0px; background: rgb(255, 255, 255); font-family: 微软雅黑;\">基本职责</span></strong></span></p><p style=\"white-space: normal; font-family: Calibri; line-height: 32px;\"><span style=\"font-family: 微软雅黑; line-height: 42.6667px; letter-spacing: 0px; font-size: 16px;\">1、负责云平台系统运维,保障系统稳定运行；<br/>2、负责公司IT办公系统的稳定运行；<br/>3、跟进及追踪用户使用问题；</span></p><p style=\"white-space: normal; font-family: Calibri; line-height: 32px;\"><span style=\"font-family: 微软雅黑; line-height: 42.6667px; letter-spacing: 0px; font-size: 16px;\">4、定期收集整理用户常见问题并形成解决办法；</span></p><p style=\"white-space: normal; font-family: Calibri; line-height: 32px;\"><span style=\"font-size: 16px;\"><span style=\"font-size: 16px; font-family: 微软雅黑; line-height: 42.6667px; letter-spacing: 0px;\">5、</span><span style=\"font-size: 16px; font-family: sans-serif;\">协助运维工程师排查、处理业务服务器系统、网络故障，积累经验提升独立运维服务能力。</span></span></p><h2 style=\"white-space: normal; font-family: 宋体; font-size: 24px; line-height: 48px;\"><span style=\"font-size: 18px;\"><strong><span style=\"font-family: 微软雅黑; letter-spacing: 0px;\">二、&nbsp;其他职责</span></strong></span></h2><p style=\"white-space: normal; font-family: Calibri; line-height: 32px;\"><span style=\"font-family: 微软雅黑; line-height: 42.6667px; letter-spacing: 0px; font-size: 16px;\">1、完成领导交付的其他任务；</span></p><p style=\"white-space: normal; font-family: Calibri; line-height: 32px;\"><span style=\"font-family: 微软雅黑; line-height: 42.6667px; letter-spacing: 0px; font-size: 16px;\">2、学习最新技术，能将新技术用于项目中。</span></p><p><br style=\"white-space: normal;\"/></p><p><br/></p>', 1, NULL, NULL),
(39, 1, '测试助理', 2, 11, 1, 0, '', '<p style=\"margin-top: 7px; margin-bottom: 7px; white-space: normal; font-family: Calibri; line-height: 32px;\"><span style=\"font-family: 微软雅黑; letter-spacing: 0px; font-size: 18px;\">1、完成领导交付的测试相关任务；</span></p><p style=\"margin-top: 9px; margin-bottom: 9px; white-space: normal; font-family: Calibri; line-height: 32px;\"><span style=\"font-family: 微软雅黑; line-height: 42.6667px; letter-spacing: 0px; font-size: 18px;\">2、按时参加学习交流分享会，制定学习目标；</span></p><p style=\"margin-top: 9px; margin-bottom: 9px; white-space: normal; font-family: Calibri; line-height: 32px;\"><span style=\"font-family: 微软雅黑; line-height: 42.6667px; letter-spacing: 0px; font-size: 18px;\">3、在前辈的带领下，学习技能，争取早日独当一面。</span></p><p><br style=\"white-space: normal;\"/></p><p><br/></p>', 1, NULL, NULL),
(40, 1, '前端实习生', 2, 11, 1, 0, '', '<p style=\"margin-top: 7px; margin-bottom: 7px; white-space: normal; font-family: Calibri; line-height: 32px;\"><span style=\"font-family: 微软雅黑; letter-spacing: 0px; font-size: 18px;\">1、完成领导交付的工作任务；</span></p><p style=\"margin-top: 9px; margin-bottom: 9px; white-space: normal; font-family: Calibri; line-height: 32px;\"><span style=\"font-family: 微软雅黑; line-height: 42.6667px; letter-spacing: 0px; font-size: 18px;\">2、按时参加学习交流分享会，制定学习目标；</span></p><p style=\"margin-top: 9px; margin-bottom: 9px; white-space: normal; font-family: Calibri; line-height: 32px;\"><span style=\"font-family: 微软雅黑; line-height: 42.6667px; letter-spacing: 0px; font-size: 18px;\">3、在前辈的带领下，学习技能，争取早日独当一面。</span></p><p><br style=\"white-space: normal;\"/></p><p><br/></p>', 1, NULL, NULL),
(41, 1, 'Java实习生', 2, 11, 1, 0, '', '<p style=\"margin-top: 7px; margin-bottom: 7px; white-space: normal; font-family: Calibri; line-height: 32px;\"><span style=\"font-family: 微软雅黑; letter-spacing: 0px; font-size: 18px;\">1、完成领导交付的工作任务；</span></p><p style=\"margin-top: 9px; margin-bottom: 9px; white-space: normal; font-family: Calibri; line-height: 32px;\"><span style=\"font-family: 微软雅黑; line-height: 42.6667px; letter-spacing: 0px; font-size: 18px;\">2、按时参加学习交流分享会，制定学习目标；</span></p><p style=\"margin-top: 9px; margin-bottom: 9px; white-space: normal; font-family: Calibri; line-height: 32px;\"><span style=\"font-family: 微软雅黑; line-height: 42.6667px; letter-spacing: 0px; font-size: 18px;\">3、在前辈的带领下，学习技能，争取早日独当一面。</span></p><p><br style=\"white-space: normal;\"/></p><p><br/></p>', 1, NULL, NULL),
(42, 1, 'PHP实习生', 2, 11, 1, 0, '', '<p style=\"margin-top: 7px; margin-bottom: 7px; white-space: normal; font-family: Calibri; line-height: 32px;\"><span style=\"font-family: 微软雅黑; letter-spacing: 0px; font-size: 18px;\">1、完成领导交付的工作任务；</span></p><p style=\"margin-top: 9px; margin-bottom: 9px; white-space: normal; font-family: Calibri; line-height: 32px;\"><span style=\"font-family: 微软雅黑; line-height: 42.6667px; letter-spacing: 0px; font-size: 18px;\">2、按时参加学习交流分享会，制定学习目标；</span></p><p style=\"margin-top: 9px; margin-bottom: 9px; white-space: normal; font-family: Calibri; line-height: 32px;\"><span style=\"font-family: 微软雅黑; line-height: 42.6667px; letter-spacing: 0px; font-size: 18px;\">3、在前辈的带领下，学习技能，争取早日独当一面。</span></p><p><br/></p>', 1, NULL, NULL),
(43, 1, '会计师', 3, 13, 1, 0, '', '<p style=\"white-space: normal; font-family: 楷体_GB2312; font-weight: bold; font-size: 21px; line-height: 42.6667px;\"><span style=\"font-size: 18px;\"><strong><span style=\"font-family: 微软雅黑;\">在财务主管的带领下，协助财务主管完成：<br/></span></strong></span></p><p style=\"white-space: normal; font-family: 楷体_GB2312; font-weight: bold; font-size: 21px; line-height: 42.6667px;\"><span style=\"font-size: 18px;\"><strong><span style=\"font-family: 微软雅黑;\">1、</span></strong><strong><span style=\"font-family: 微软雅黑;\">每日收支及产品销售明细统计</span></strong></span></p><p style=\"white-space: normal; font-family: 楷体_GB2312; font-weight: bold; font-size: 21px; line-height: 42.6667px;\"><span style=\"font-family: 微软雅黑; font-weight: normal; font-size: 16px;\">财务每日核对前一日公司淘宝、小程序、支付宝、微信和公户进出账，别的途径进出账相关人员报给财务后，财务保证实时记录。 公司应尽量杜绝公账入私户，销售收入打款应提供公司指定账户，公司会不定期核对授权记录与销售记录确认是否一致。</span></p><p style=\"white-space: normal; font-family: 楷体_GB2312; font-weight: bold; font-size: 21px; line-height: 42.6667px;\"><span style=\"font-size: 18px;\"><strong><span style=\"font-family: 微软雅黑;\">2、</span></strong><strong><span style=\"font-family: 微软雅黑;\">保证发票及时验旧核销、申领；及时开具</span></strong></span></p><p style=\"white-space: normal; font-family: 楷体_GB2312; font-weight: bold; font-size: 21px; line-height: 42.6667px;\"><span style=\"font-family: 微软雅黑; font-weight: normal; font-size: 16px;\">（1）发票申领：发票快用完后在电子税额局网站进行发票验旧核销，申领发票，申领后在金税盘读入发票。</span></p><p style=\"white-space: normal; font-family: 楷体_GB2312; font-weight: bold; font-size: 21px; line-height: 42.6667px;\"><span style=\"font-family: 微软雅黑; font-weight: normal; font-size: 16px;\">（2）发票开具：需要开发票人员将需要开发票的相关订单发送给财务，（淘宝订单需要确认收货后方可开具发票）</span></p><p style=\"white-space: normal; font-family: 楷体_GB2312; font-weight: bold; font-size: 21px; line-height: 42.6667px;\"><span style=\"font-family: 微软雅黑; font-weight: normal; font-size: 16px;\">（3）发票合同邮寄。</span></p><p style=\"white-space: normal; font-family: 楷体_GB2312; font-weight: bold; font-size: 21px; line-height: 42.6667px;\"><span style=\"font-size: 18px;\"><strong><span style=\"font-family: 微软雅黑;\">3、</span></strong><strong><span style=\"font-family: 微软雅黑;\">银行业务</span></strong></span></p><p style=\"white-space: normal; font-family: 楷体_GB2312; font-weight: bold; font-size: 21px; line-height: 42.6667px;\"><span style=\"font-family: 微软雅黑; font-weight: normal; font-size: 16px;\">需要去银行办理的相关事宜及时与银行取得联系，约好业务办理时间及时办理。</span></p><p style=\"white-space: normal; font-family: 楷体_GB2312; font-weight: bold; font-size: 21px; line-height: 42.6667px;\"><span style=\"font-size: 18px;\"><strong><span style=\"font-family: 微软雅黑;\">4、</span></strong><strong><span style=\"font-family: 微软雅黑;\">佣金结算</span></strong></span></p><p style=\"white-space: normal; font-family: 楷体_GB2312; font-weight: bold; font-size: 21px; line-height: 42.6667px;\"><span style=\"font-family: 微软雅黑; font-weight: normal; font-size: 16px;\">（1）系统里每份佣金及时兑付，线下返佣由销售人员提供订单号和情况说明</span></p><p style=\"white-space: normal; font-family: 楷体_GB2312; font-weight: bold; font-size: 21px; line-height: 42.6667px;\"><span style=\"font-family: 微软雅黑; font-weight: normal; font-size: 16px;\">（2）保证每份佣金核算准确且为推广员应当所得</span></p><p style=\"white-space: normal; font-family: 楷体_GB2312; font-weight: bold; font-size: 21px; line-height: 42.6667px;\"><span style=\"font-family: 微软雅黑; font-weight: normal; font-size: 16px;\">（3）核对每份佣金，发现问题及时向上级领导及周峰反应。</span></p><p style=\"white-space: normal; font-family: 楷体_GB2312; font-weight: bold; font-size: 21px; line-height: 42.6667px;\"><span style=\"font-size: 18px;\"><strong><span style=\"font-family: 微软雅黑;\">5、</span></strong><strong><span style=\"font-family: 微软雅黑;\">备用金管理</span></strong></span></p><p style=\"white-space: normal; font-family: 楷体_GB2312; font-weight: bold; font-size: 21px; line-height: 42.6667px;\"><span style=\"font-family: 微软雅黑; font-weight: normal; font-size: 16px;\">（1）每个员工发生需报销费用需要向财务部门提供发票，确实不能提供发票的需要提供购买截图或者其他证明凭证。按月度报销，报销人员需填写费用报销单据，交财务审核再经许总审核后方可报销。</span></p><p style=\"white-space: normal; font-family: 楷体_GB2312; font-weight: bold; font-size: 21px; line-height: 42.6667px;\"><span style=\"font-family: 微软雅黑; font-weight: normal; font-size: 16px;\">（2）财务每月将备用金使用明细及证明凭证整理好报许总审核。</span></p><p style=\"white-space: normal; font-family: 楷体_GB2312; font-weight: bold; font-size: 21px; line-height: 42.6667px;\"><span style=\"font-size: 18px;\"><strong><span style=\"font-family: 微软雅黑;\">6、</span></strong><strong><span style=\"font-family: 微软雅黑;\">工资发放</span></strong></span></p><p style=\"white-space: normal; font-family: 楷体_GB2312; font-weight: bold; font-size: 21px; line-height: 42.6667px;\"><span style=\"font-family: 微软雅黑; font-weight: normal; font-size: 16px;\">保证每月工资发放准确无误。</span></p><p style=\"white-space: normal; font-family: 楷体_GB2312; font-weight: bold; font-size: 21px; line-height: 42.6667px;\"><span style=\"font-size: 18px;\"><strong><span style=\"font-family: 微软雅黑;\">7、</span></strong><strong><span style=\"font-family: 微软雅黑;\">月度收入支出流水整理</span></strong></span></p><p style=\"white-space: normal; font-family: 楷体_GB2312; font-weight: bold; font-size: 21px; line-height: 42.6667px;\"><span style=\"font-family: 微软雅黑; font-weight: normal; font-size: 16px;\">在每日统计数据的基础上，月度终了将淘宝、微信商城、支付宝数据导出再次核对整理。</span></p><p style=\"white-space: normal; font-family: 楷体_GB2312; font-weight: bold; font-size: 21px; line-height: 42.6667px;\"><span style=\"font-size: 18px;\"><strong><span style=\"font-family: 微软雅黑;\">8、</span></strong><strong><span style=\"font-family: 微软雅黑;\">月度财务报表出具</span></strong></span></p><p style=\"white-space: normal; font-family: 楷体_GB2312; font-weight: bold; font-size: 21px; line-height: 42.6667px;\"><span style=\"font-family: 微软雅黑; font-weight: normal; font-size: 16px;\">月底编制公司资产负债表和利润表。</span></p><p style=\"white-space: normal; font-family: 楷体_GB2312; font-weight: bold; font-size: 21px; line-height: 42.6667px;\"><span style=\"font-size: 18px;\"><strong><span style=\"font-family: 微软雅黑;\">9、</span></strong><strong><span style=\"font-family: 微软雅黑;\">月度项目报表出具</span></strong></span></p><p style=\"white-space: normal; font-family: 楷体_GB2312; font-weight: bold; font-size: 21px; line-height: 42.6667px;\"><span style=\"font-family: 微软雅黑; font-weight: normal; font-size: 16px;\">月度终了编制每个项目利润表。</span></p><p style=\"white-space: normal; font-family: 楷体_GB2312; font-weight: bold; font-size: 21px; line-height: 42.6667px;\"><span style=\"font-size: 16px;\"><strong><span style=\"font-family: 微软雅黑;\">10、</span></strong><strong><span style=\"font-family: 微软雅黑;\">公司下月支出预算</span></strong><strong><span style=\"font-family: 微软雅黑;\"></span></strong></span></p><p style=\"white-space: normal; font-family: 楷体_GB2312; font-weight: bold; font-size: 21px; line-height: 42.6667px;\"><span style=\"font-family: 微软雅黑; font-weight: normal; font-size: 16px;\">各部门关于下月支出预算报给财务，财务编制每月支出预算表。</span></p><p style=\"white-space: normal; font-family: 楷体_GB2312; font-weight: bold; font-size: 21px; line-height: 42.6667px;\"><span style=\"font-size: 18px;\"><strong><span style=\"font-family: 微软雅黑;\">11、</span></strong><strong><span style=\"font-family: 微软雅黑;\">月度报税</span></strong></span></p><p style=\"white-space: normal; font-family: 楷体_GB2312; font-weight: bold; font-size: 21px; line-height: 42.6667px;\"><span style=\"font-family: 微软雅黑; font-weight: normal; font-size: 16px;\">个人所得税在每月申报期前申报完成。</span></p><p style=\"white-space: normal; font-family: 楷体_GB2312; font-weight: bold; font-size: 21px; line-height: 42.6667px;\"><span style=\"font-size: 18px;\"><strong><span style=\"font-family: 微软雅黑;\">12、</span></strong><strong><span style=\"font-family: 微软雅黑;\">月度记账凭证填制</span></strong></span></p><p style=\"white-space: normal; font-family: 楷体_GB2312; font-weight: bold; font-size: 21px; line-height: 42.6667px;\"><span style=\"font-family: 微软雅黑; font-weight: normal; font-size: 16px;\">（1）每月整理打印上月所有银行回单和所开具发票及其他相关原始凭证</span></p><p style=\"white-space: normal; font-family: 楷体_GB2312; font-weight: bold; font-size: 21px; line-height: 42.6667px;\"><span style=\"font-family: 微软雅黑; font-weight: normal; font-size: 16px;\">（2）填制记账凭证，整理相关后附原始凭证，出具财务报表。</span></p><p style=\"white-space: normal; font-family: 楷体_GB2312; font-weight: bold; font-size: 21px; line-height: 42.6667px;\"><span style=\"font-size: 18px;\"><strong><span style=\"font-family: 微软雅黑;\">13</span></strong><strong><span style=\"font-family: 微软雅黑;\">、</span></strong><strong><span style=\"font-family: 微软雅黑;\">季度报税</span></strong></span></p><p style=\"white-space: normal; font-family: 楷体_GB2312; font-weight: bold; font-size: 21px; line-height: 42.6667px;\"><span style=\"font-family: 微软雅黑; font-weight: normal; font-size: 16px;\">在申报期前完成申报。</span></p><p style=\"white-space: normal; font-family: 楷体_GB2312; font-weight: bold; font-size: 21px; line-height: 42.6667px;\"><span style=\"font-family: 微软雅黑; font-weight: normal; font-size: 16px;\">登录电子税务局，根据每月及每个季度财务报表数据申报缴纳（增值税、城建税、教育费附加、地方教育费附加、水利基金、印花税、残保金、企业所得税）。</span></p><p style=\"white-space: normal; font-family: 楷体_GB2312; font-weight: bold; font-size: 21px; line-height: 42.6667px;\"><span style=\"font-size: 18px;\"><strong><span style=\"font-family: 微软雅黑;\">14</span></strong><strong><span style=\"font-family: 微软雅黑;\">、</span></strong><strong><span style=\"font-family: 微软雅黑;\">高企季度调查监测表</span></strong></span></p><p style=\"white-space: normal; font-family: 楷体_GB2312; font-weight: bold; font-size: 21px; line-height: 42.6667px;\"><span style=\"font-family: 微软雅黑; font-weight: normal; font-size: 16px;\">季度终了根据财务数据填写。</span></p><p style=\"white-space: normal; font-family: 楷体_GB2312; font-weight: bold; font-size: 21px; line-height: 42.6667px;\"><span style=\"font-size: 18px;\"><strong><span style=\"font-family: 微软雅黑;\">15</span></strong><strong><span style=\"font-family: 微软雅黑;\">、</span></strong><strong><span style=\"font-family: 微软雅黑;\">年度汇算清缴</span></strong></span></p><p style=\"white-space: normal; font-family: 楷体_GB2312; font-weight: bold; font-size: 21px; line-height: 42.6667px;\"><span style=\"font-family: 微软雅黑; font-weight: normal; font-size: 16px;\">在所得税汇算清缴限期前完成申报。</span></p><p style=\"white-space: normal; font-family: 楷体_GB2312; font-weight: bold; font-size: 21px; line-height: 42.6667px;\"><span style=\"font-family: 微软雅黑; font-weight: normal; font-size: 16px;\">登录电子税务局，根据上年度财务数据及上年度所得税申报缴纳情况完成所得税汇算清缴工作。</span></p><p style=\"white-space: normal; font-family: 楷体_GB2312; font-weight: bold; font-size: 21px; line-height: 42.6667px;\"><span style=\"font-size: 18px;\"><strong><span style=\"font-family: 微软雅黑;\">16、</span></strong><strong><span style=\"font-family: 微软雅黑;\">工商年报</span></strong></span></p><p style=\"white-space: normal; font-family: 楷体_GB2312; font-weight: bold; font-size: 21px; line-height: 42.6667px;\"><span style=\"font-family: 微软雅黑; font-weight: normal; font-size: 16px;\">登录工商年检网站，根据公司相关信息及经营情况完成工商年检工作。</span></p><p style=\"white-space: normal; font-family: 楷体_GB2312; font-weight: bold; font-size: 21px; line-height: 42.6667px;\"><span style=\"font-family: 微软雅黑; font-weight: normal; font-size: 16px;\">保证在下年度6.30日之前完成上年度公司工商年检工作。</span></p><p style=\"white-space: normal; font-family: 楷体_GB2312; font-weight: bold; font-size: 21px; line-height: 42.6667px;\"><span style=\"font-size: 18px;\"><strong><span style=\"font-family: 微软雅黑;\">17、</span></strong><strong><span style=\"font-family: 微软雅黑;\">高企年报</span></strong></span></p><p style=\"white-space: normal; font-family: 楷体_GB2312; font-weight: bold; font-size: 21px; line-height: 42.6667px;\"><span style=\"font-family: 微软雅黑; font-weight: normal; font-size: 16px;\">根据公司财务数据及公司各个项目（高新技术产品）情况填写。</span></p><p style=\"white-space: normal; font-family: 楷体_GB2312; font-weight: bold; font-size: 21px; line-height: 42.6667px;\"><span style=\"font-size: 18px;\"><strong><span style=\"font-family: 微软雅黑;\">18、</span></strong><strong><span style=\"font-family: 微软雅黑;\">中小企业年报</span></strong></span></p><p style=\"white-space: normal; font-family: 楷体_GB2312; font-weight: bold; font-size: 21px; line-height: 42.6667px;\"><span style=\"font-family: 微软雅黑; font-weight: normal; font-size: 16px;\">根据公司财务数据填写。</span></p><p style=\"white-space: normal; font-family: 楷体_GB2312; font-weight: bold; font-size: 21px; line-height: 42.6667px;\"><span style=\"font-size: 18px;\"><strong><span style=\"font-family: 微软雅黑;\">19、</span></strong><strong><span style=\"font-family: 微软雅黑;\">其他</span></strong></span></p><p style=\"white-space: normal; font-family: 楷体_GB2312; font-weight: bold; font-size: 21px; line-height: 42.6667px;\"><span style=\"font-family: 微软雅黑; font-weight: normal; font-size: 16px;\">完成上级主管交办的其他临时性工作。</span></p><p><br/></p>', 1, NULL, NULL),
(44, 1, '运营专员', 3, 13, 1, 0, '', '<p style=\"white-space: normal; font-family: Calibri; font-size: 14px; line-height: 28px;\"><span style=\"font-size: 18px;\"><strong><span style=\"font-family: 微软雅黑; line-height: 42.6667px;\">1、文章推广</span></strong></span></p><p style=\"white-space: normal; font-family: Calibri; font-size: 14px; line-height: 28px;\"><span style=\"font-family: 微软雅黑; line-height: 42.6667px; font-size: 16px;\">通过技术论坛、技术社区、官网自媒体账号等渠道，发布技术文章推广公司开源项目；</span></p><p style=\"white-space: normal; font-family: Calibri; font-size: 14px; line-height: 28px;\"><span style=\"font-size: 18px;\"><strong><span style=\"font-family: 微软雅黑; line-height: 42.6667px;\">2、源码分发</span></strong></span></p><p style=\"white-space: normal; font-family: Calibri; font-size: 14px; line-height: 28px;\"><span style=\"font-family: 微软雅黑; line-height: 42.6667px; font-size: 16px;\">将开源项目源码通过各种源码论坛、下载站等渠道，分发出去，供用户下载使用；</span></p><p style=\"white-space: normal; font-family: Calibri; font-size: 14px; line-height: 28px;\"><span style=\"font-size: 18px;\"><strong><span style=\"font-family: 微软雅黑; line-height: 42.6667px;\">3、视频录制</span></strong></span></p><p style=\"white-space: normal; font-family: Calibri; font-size: 14px; line-height: 28px;\"><span style=\"font-family: 微软雅黑; line-height: 42.6667px; font-size: 16px;\">录制各系统的安装、使用教程视频，并上传至各大视频站；</span></p><p style=\"white-space: normal; font-family: Calibri; font-size: 14px; line-height: 28px;\"><span style=\"font-size: 18px;\"><strong><span style=\"font-family: 微软雅黑; line-height: 42.6667px;\">4、问题回复</span></strong></span></p><p style=\"white-space: normal; font-family: Calibri; font-size: 14px; line-height: 28px;\"><span style=\"font-family: 微软雅黑; line-height: 42.6667px; font-size: 16px;\">负责各个用户群及论坛用户问题的回复处理，提升用户安装使用率；</span></p><p style=\"white-space: normal; font-family: Calibri; font-size: 14px; line-height: 28px;\"><span style=\"font-size: 18px;\"><strong><span style=\"font-family: 微软雅黑; line-height: 42.6667px;\">5、论坛贴审核</span></strong></span></p><p style=\"white-space: normal; font-family: Calibri; font-size: 14px; line-height: 28px;\"><span style=\"font-family: 微软雅黑; line-height: 42.6667px; font-size: 16px;\">负责官方论坛用户帖子后台审核；</span></p><p style=\"white-space: normal; font-family: Calibri; font-size: 14px; line-height: 28px;\"><span style=\"font-size: 18px;\"><strong><span style=\"font-family: 微软雅黑; line-height: 42.6667px;\">6、活动宣传</span></strong></span></p><p style=\"white-space: normal; font-family: Calibri; font-size: 14px; line-height: 28px;\"><span style=\"font-family: 微软雅黑; line-height: 42.6667px; font-size: 16px;\">配合运营部推广公司各类营销活动，扩大活动宣传；</span></p><p style=\"white-space: normal; font-family: Calibri; font-size: 14px; line-height: 28px;\"><span style=\"font-size: 18px;\"><strong><span style=\"font-family: 微软雅黑; line-height: 42.6667px;\">7、其他工作</span></strong></span></p><p style=\"white-space: normal; font-family: Calibri; font-size: 14px; line-height: 28px;\"><span style=\"font-family: 微软雅黑; line-height: 42.6667px; font-size: 16px;\">完成上级主管交办的其他临时性工作,依据项目进度按时提交工作汇报。</span></p><p><br/></p>', 1, NULL, NULL),
(45, 1, '出纳', 3, 14, 1, 0, '', '<p style=\"white-space: normal; font-family: 楷体_GB2312; font-weight: bold; font-size: 21px; line-height: 42.6667px;\"><span style=\"background-color: rgb(255, 255, 255); font-family: 微软雅黑; font-size: 16px; letter-spacing: 0px;\">1.负责保管经办网银及财务印鉴;<br/></span></p><p style=\"white-space: normal; font-family: Calibri; font-size: 14px; line-height: 28px;\"><span style=\"font-family: 微软雅黑; line-height: 42.6667px; letter-spacing: 0px; background: rgb(255, 255, 255); font-size: 16px;\">2.负责费用报销、工资发放及业务收付款;<br/>3资金日报及资金统计表的编制，确保实时更新;<br/>4.发票明细表及费用明细表登记;<br/>5.采购与销售台账货款对账，确保准确无误;<br/>6.负责收支凭证单据的整理;<br/>7.负责开立、注销银行结算账户，办理银行对账，结算业务;<br/>8.所有银行帐务及费用账务的处理;<br/>9.负责公司日常收付款业务;<br/>10.公司现金业务及台账登记，做到日清日结;<br/>11.公司税务申报及开票工作；</span></p><p style=\"white-space: normal; font-family: Calibri; font-size: 14px; line-height: 28px;\"><span style=\"font-family: 微软雅黑; text-align: justify; font-size: 16px;\">12.不断学习，总结累计经验；</span></p><p style=\"white-space: normal; font-family: Calibri; font-size: 14px; line-height: 28px;\"><span style=\"font-family: 微软雅黑; text-align: justify; font-size: 16px;\">13.完成上级主管交办的其他临时性工作。</span></p><p><br/></p>', 1, NULL, NULL),
(46, 1, '人事专员', 3, 14, 1, 0, '', '<p style=\"white-space: normal; font-family: 楷体_GB2312; font-weight: bold; font-size: 21px; line-height: 42.6667px;\"><span style=\"font-size: 18px;\"><strong><span style=\"font-family: 微软雅黑;\">在人事主管的带领下，协助人事主管完成：</span></strong></span></p><p style=\"white-space: normal; font-family: 楷体_GB2312; font-weight: bold; font-size: 21px; line-height: 42.6667px;\"><span style=\"font-size: 18px;\"><strong><span style=\"font-family: 微软雅黑;\">1、</span></strong><strong><span style=\"font-family: 微软雅黑;\">人事管理制度建设</span></strong></span><span style=\"font-size: 16px;\"><strong><span style=\"font-family: 微软雅黑;\"></span></strong><strong><span style=\"font-family: 微软雅黑;\"></span></strong></span></p><p style=\"white-space: normal; font-family: 楷体_GB2312; font-weight: bold; font-size: 21px; line-height: 42.6667px;\"><span style=\"font-family: 微软雅黑; font-weight: normal; font-size: 16px;\">（1）根据公司人事管理需要，拟订人事基础管理制度、流程和表单，提交审核，为公司人事管理提供服务支持。</span></p><p style=\"white-space: normal; font-family: 楷体_GB2312; font-weight: bold; font-size: 21px; line-height: 42.6667px;\"><span style=\"font-family: 微软雅黑; font-weight: normal; font-size: 16px;\">（2）监督各部门对于人事基础管理制度、流程及表单的执行情况，保证人事相关业务开展的规范与便捷。</span></p><p style=\"white-space: normal; font-family: 楷体_GB2312; font-weight: bold; font-size: 21px; line-height: 42.6667px;\"><span style=\"font-size: 18px;\"><strong><span style=\"font-family: 微软雅黑;\">2、</span></strong><strong><span style=\"font-family: 微软雅黑;\">基础人事管理</span></strong></span><span style=\"font-size: 16px;\"><strong><span style=\"font-family: 微软雅黑; font-size: 21px;\"></span></strong><strong><span style=\"font-family: 微软雅黑; font-size: 21px;\"></span></strong></span></p><p style=\"white-space: normal; font-family: 楷体_GB2312; font-weight: bold; font-size: 21px; line-height: 42.6667px;\"><span style=\"font-family: 微软雅黑; font-weight: normal; font-size: 16px;\">（1）开展员工录用、转正、调动、晋升、请假、离职、辞退、退休等工作，核实相关资料，&nbsp;为相关人员提供人事业务办理服务。</span></p><p style=\"white-space: normal; font-family: 楷体_GB2312; font-weight: bold; font-size: 21px; line-height: 42.6667px;\"><span style=\"font-family: 微软雅黑; font-weight: normal; font-size: 16px;\">（2）依据《岗位说明书》要求，收集存档相关岗位特殊工种证件等的原（复）件，及时督促相关人员到期证件的补办工作，确保相关岗位人员符合政府部门所要求的持证上岗条件。</span></p><p style=\"white-space: normal; font-family: 楷体_GB2312; font-weight: bold; font-size: 21px; line-height: 42.6667px;\"><span style=\"font-family: 微软雅黑; font-weight: normal; font-size: 16px;\">（3）根据公司各部门培训需求及培训方案，协助完成培训实施工作。</span></p><p style=\"white-space: normal; font-family: 楷体_GB2312; font-weight: bold; font-size: 21px; line-height: 42.6667px;\"><span style=\"font-family: 微软雅黑; font-weight: normal; font-size: 16px;\">（4）定期收集全员的培训需求，汇总并丰富培训内容。</span></p><p style=\"white-space: normal; font-family: 楷体_GB2312; font-weight: bold; font-size: 21px; line-height: 42.6667px;\"><span style=\"font-family: 微软雅黑; font-weight: normal; font-size: 16px;\">（5）组织新员工培训并负责培训考核（培训达标率100%）；</span></p><p style=\"white-space: normal; font-family: 楷体_GB2312; font-weight: bold; font-size: 21px; line-height: 42.6667px;\"><span style=\"font-size: 18px;\"><strong><span style=\"font-family: 微软雅黑;\">3、</span></strong><strong><span style=\"font-family: 微软雅黑;\">员工档案管理</span></strong></span><span style=\"font-size: 16px;\"><strong><span style=\"font-family: 微软雅黑; font-size: 21px;\"></span></strong><strong><span style=\"font-family: 微软雅黑; font-size: 21px;\"></span></strong></span></p><p style=\"white-space: normal; font-family: 楷体_GB2312; font-weight: bold; font-size: 21px; line-height: 42.6667px;\"><span style=\"font-family: 微软雅黑; font-weight: normal; font-size: 16px;\">（1）收集员工相关纸质材料存入档案，保持档案材料的及时入库，做好分类登记，按有关规定对档案进行例行的保养、管理或销毁。</span></p><p style=\"white-space: normal; font-family: 楷体_GB2312; font-weight: bold; font-size: 21px; line-height: 42.6667px;\"><span style=\"font-family: 微软雅黑; font-weight: normal; font-size: 16px;\">（2）根据员工纸质档案信息，建立员工档案（电子）台账，及时更新员工信息。</span></p><p style=\"white-space: normal; font-family: 楷体_GB2312; font-weight: bold; font-size: 21px; line-height: 42.6667px;\"><span style=\"font-family: 微软雅黑; font-weight: normal; font-size: 16px;\">（3）执行档案资料保密制度，按规定办理档案借阅登记手续，保证资料按时入库，完整无缺。</span></p><p style=\"white-space: normal; font-family: 楷体_GB2312; font-weight: bold; font-size: 21px; line-height: 42.6667px;\"><span style=\"font-size: 18px;\"><strong><span style=\"font-family: 微软雅黑;\">4、</span></strong><strong><span style=\"font-family: 微软雅黑;\">考勤管理</span></strong></span><span style=\"font-size: 16px;\"><strong><span style=\"font-family: 微软雅黑; font-size: 21px;\"></span></strong><strong><span style=\"font-family: 微软雅黑; font-size: 21px;\"></span></strong></span></p><p style=\"white-space: normal; font-family: 楷体_GB2312; font-weight: bold; font-size: 21px; line-height: 42.6667px;\"><span style=\"font-family: 微软雅黑; font-weight: normal; font-size: 16px;\">（1）根据考勤管理制度，监督检查考勤情况、工作汇报提交情况，并核查、整理各部门员工假单手续的完整性，确保员工月度考勤记录准确。</span></p><p style=\"white-space: normal; font-family: 楷体_GB2312; font-weight: bold; font-size: 21px; line-height: 42.6667px;\"><span style=\"font-family: 微软雅黑; font-weight: normal; font-size: 16px;\">（2）结合各部门考勤明细，汇总上月员工考勤数据，核实数据真实性，整理团建基金明细，为薪酬核算提供依据。</span></p><p style=\"white-space: normal; font-family: 楷体_GB2312; font-weight: bold; font-size: 21px; line-height: 42.6667px;\"><span style=\"font-size: 18px;\"><strong><span style=\"font-family: 微软雅黑;\">5、</span></strong><strong><span style=\"font-family: 微软雅黑;\">薪酬绩效管理</span></strong></span><span style=\"font-size: 16px;\"><strong><span style=\"font-family: 微软雅黑; font-size: 21px;\"></span></strong><strong><span style=\"font-family: 微软雅黑; font-size: 21px;\"></span></strong></span></p><p style=\"white-space: normal; font-family: 楷体_GB2312; font-weight: bold; font-size: 21px; line-height: 42.6667px;\"><span style=\"font-family: 微软雅黑; font-weight: normal; font-size: 16px;\">（1）负责薪酬绩效制度的修订及执行落地，针对绩效实行效果提出合理化建议。</span></p><p style=\"white-space: normal; font-family: 楷体_GB2312; font-weight: bold; font-size: 21px; line-height: 42.6667px;\"><span style=\"font-family: 微软雅黑; font-weight: normal; font-size: 16px;\">（2）按照时间节点组织公司员工绩效评定，监督部门负责人绩效辅导。</span></p><p style=\"white-space: normal; font-family: 楷体_GB2312; font-weight: bold; font-size: 21px; line-height: 42.6667px;\"><span style=\"font-family: 微软雅黑; font-weight: normal; font-size: 16px;\">（3）负责月度员工工资核算，定期收集市场薪酬数据，完善公司薪酬福利制度。</span></p><p style=\"white-space: normal; font-family: 楷体_GB2312; font-weight: bold; font-size: 21px; line-height: 42.6667px;\"><span style=\"font-size: 18px;\"><strong><span style=\"font-family: 微软雅黑;\">6、</span></strong><strong><span style=\"font-family: 微软雅黑;\">员工关系管理</span></strong></span><span style=\"font-size: 16px;\"><strong><span style=\"font-family: 微软雅黑; font-size: 21px;\"></span></strong><strong><span style=\"font-family: 微软雅黑; font-size: 21px;\"></span></strong></span></p><p style=\"white-space: normal; font-family: 楷体_GB2312; font-weight: bold; font-size: 21px; line-height: 42.6667px;\"><span style=\"font-family: 微软雅黑; font-weight: normal; font-size: 16px;\">（1）根据《劳动合同法》开展员工劳动合同的签订、变更、续签、解除与维护工作，确保劳动关系管理规范化。</span></p><p style=\"white-space: normal; font-family: 楷体_GB2312; font-weight: bold; font-size: 21px; line-height: 42.6667px;\"><span style=\"font-family: 微软雅黑; font-weight: normal; font-size: 16px;\">（2）依据《劳动合同法》、《人资管理制度》解答员工有关劳资关系的疑问，协调与处理公司常规性的劳动争议与劳动纠纷。</span></p><p style=\"white-space: normal; font-family: 楷体_GB2312; font-weight: bold; font-size: 21px; line-height: 42.6667px;\"><span style=\"font-size: 18px;\"><strong><span style=\"font-family: 微软雅黑;\">7、</span></strong><strong><span style=\"font-family: 微软雅黑;\">招聘管理</span></strong></span><span style=\"font-size: 16px;\"><strong><span style=\"font-family: 微软雅黑; font-size: 21px;\"></span></strong><strong><span style=\"font-family: 微软雅黑; font-size: 21px;\"></span></strong></span></p><p style=\"white-space: normal; font-family: 楷体_GB2312; font-weight: bold; font-size: 21px; line-height: 42.6667px;\"><span style=\"font-family: 微软雅黑; font-weight: normal; font-size: 16px;\">完成招聘的基础工作，含招聘需求发布、简历筛选、面试安排、人员及时储备的工作。</span></p><p><br/></p>', 1, NULL, NULL),
(47, 1, '行政专员', 3, 14, 1, 0, '', '<p style=\"white-space: normal; font-family: 楷体_GB2312; font-weight: bold; font-size: 21px; line-height: 42.6667px;\"><span style=\"font-size: 18px; font-family: 微软雅黑;\">1、负责年度、半年度员工活动组织，月度员工生日会等节日活动的举办，每月两次零食下午茶采购；</span></p><p style=\"white-space: normal; font-family: 楷体_GB2312; font-weight: bold; font-size: 21px; line-height: 42.6667px;\"><span style=\"font-size: 18px; font-family: 微软雅黑;\">2、周例会、月度全员会的组织及会议纪要；</span></p><p style=\"white-space: normal; font-family: 楷体_GB2312; font-weight: bold; font-size: 21px; line-height: 42.6667px;\"><span style=\"font-size: 18px; font-family: 微软雅黑;\">3、负责办公用品的采购入库，固定资产盘点登记工作；</span></p><p style=\"white-space: normal; font-family: 楷体_GB2312; font-weight: bold; font-size: 21px; line-height: 42.6667px;\"><span style=\"font-size: 18px; font-family: 微软雅黑;\">4、负责公司资质证照的办理及资料准备；</span></p><p style=\"white-space: normal; font-family: 楷体_GB2312; font-weight: bold; font-size: 21px; line-height: 42.6667px;\"><span style=\"font-family: 微软雅黑; font-size: 18px;\">5、负责公司各类福利的筹备和发放；</span></p><p style=\"white-space: normal; font-family: 楷体_GB2312; font-weight: bold; font-size: 21px; line-height: 42.6667px;\"><span style=\"font-family: 微软雅黑; font-size: 18px;\">6、负责公司各类行政费用的预算、控制、节约等；</span></p><p style=\"white-space: normal; font-family: 楷体_GB2312; font-weight: bold; font-size: 21px; line-height: 42.6667px;\"><span style=\"font-family: 微软雅黑; font-size: 18px;\">7、负责公司各类公共区域的使用制度和管理规范；</span></p><p style=\"white-space: normal; font-family: 楷体_GB2312; font-weight: bold; font-size: 21px; line-height: 42.6667px;\"><span style=\"font-family: 微软雅黑; font-size: 18px;\">8、负责依据管理体系要求，协助部门经理推进各项体系管理要求；</span></p><p style=\"white-space: normal; font-family: 楷体_GB2312; font-weight: bold; font-size: 21px; line-height: 42.6667px;\"><span style=\"font-family: 微软雅黑; font-size: 18px;\">9、负责公司固定资产管理及特种设备管理；</span></p><p style=\"white-space: normal; font-family: 楷体_GB2312; font-weight: bold; font-size: 21px; line-height: 42.6667px;\"><span style=\"font-family: 微软雅黑; font-size: 18px;\">10、负责公司工作环境的提升与改进；</span></p><p style=\"white-space: normal; font-family: 楷体_GB2312; font-weight: bold; font-size: 21px; line-height: 42.6667px;\"><span style=\"font-family: 微软雅黑; font-size: 18px;\">11、负责公司企业文化建设及宣传报道；</span></p><p style=\"white-space: normal; font-family: 楷体_GB2312; font-weight: bold; font-size: 21px; line-height: 42.6667px;\"><span style=\"font-family: 微软雅黑; font-size: 18px;\">12、执行上级交付的其它工作任务。</span></p><p><br/></p>', 1, NULL, NULL),
(48, 1, '客服专员', 3, 14, 1, 0, '', '<h2 style=\"white-space: normal; margin-top: 0px; margin-bottom: 18px; font-family: 宋体; font-size: 24px; line-height: 48px;\"><span style=\"font-size: 18px;\"><strong><span style=\"font-family: 微软雅黑;\">1. 客户接待回访</span></strong></span></h2><p style=\"margin-top: 0px; margin-bottom: 7px; white-space: normal; font-family: Calibri; line-height: 32px;\"><span style=\"font-family: 微软雅黑; line-height: 42.6667px; background: rgb(255, 255, 255);\">接待意向客户咨询，规范解答客户疑问，从用户角度出发，做好客户服务；引导顺利购买，促成交易；并按回复流程做好客户安装、使用情况回访，及时解决客户遇到的问题；提升产品服务口碑；</span></p><h2 style=\"white-space: normal; margin-top: 0px; margin-bottom: 18px; font-family: 宋体; font-size: 24px; line-height: 48px;\"><span style=\"font-size: 18px;\"><strong><span style=\"font-family: 微软雅黑;\">2. 学习产品知识</span></strong></span></h2><p style=\"margin-top: 0px; margin-bottom: 7px; white-space: normal; font-family: Calibri; line-height: 32px;\"><span style=\"font-family: &quot;PingFang SC&quot;; line-height: 42.6667px; background: rgb(255, 255, 255);\">积极参加部门培训，熟练掌握产品知识、常见问题、销售政策，及时更新、完善话术，做到准确、快速响应客户；</span></p><h2 style=\"white-space: normal; margin-top: 0px; margin-bottom: 7px; font-family: 宋体; font-size: 24px; line-height: 48px;\"><span style=\"font-size: 18px;\"><strong><span style=\"font-family: 微软雅黑;\">3. 收集意向客户</span></strong></span></h2><p style=\"margin-top: 0px; margin-bottom: 7px; white-space: normal; font-family: Calibri; line-height: 32px;\"><span style=\"font-family: 微软雅黑; line-height: 42.6667px; background: rgb(255, 255, 255);\">通过发帖推广、行业群、演示站用户资料等渠道收集意向客户信息；了解客户需求；及时添加客户企业微信，按照要求做好用户分组、打好标签，及时跟进意向客户，最终达成合作成交：确保每月个人销售目标达成；</span></p><h2 style=\"white-space: normal; margin-top: 0px; margin-bottom: 7px; font-family: 宋体; font-size: 24px; line-height: 48px;\"><span style=\"font-size: 18px;\"><strong><span style=\"font-family: 微软雅黑;\">4. 提升用户体验</span></strong></span></h2><p style=\"margin-top: 0px; margin-bottom: 7px; white-space: normal; font-family: Calibri; line-height: 32px;\"><span style=\"line-height: 42.6667px; background: rgb(255, 255, 255); font-family: 微软雅黑;\">定期检查个人所负责项目演示站；添加完善产品、幻灯片，活动；确保演示站后台权限完整性，提升演示站用户体验；对所负责项目要做到独立安装，并能回复常见技术问题；</span></p><h2 style=\"white-space: normal; margin-top: 0px; margin-bottom: 7px; font-family: 宋体; font-size: 24px; line-height: 48px;\"><span style=\"font-size: 18px;\"><strong><span style=\"font-family: 微软雅黑;\">5. 收集用户反馈</span></strong></span></h2><p style=\"margin-top: 0px; margin-bottom: 7px; white-space: normal; font-family: Calibri; line-height: 32px;\"><span style=\"font-family: 微软雅黑; line-height: 42.6667px; background: rgb(255, 255, 255);\">通过与用户沟通、用户群、技术论坛等多个渠道，收集整理的问题反馈，并按相关反馈流程及时反馈；并做好反馈跟踪，回复客户处理结果；</span></p><h2 style=\"white-space: normal; margin-top: 0px; margin-bottom: 7px; font-family: 宋体; font-size: 24px; line-height: 48px;\"><span style=\"font-size: 18px;\"><strong><span style=\"font-family: 微软雅黑;\">6. 客户维护</span></strong></span></h2><p style=\"margin-top: 0px; margin-bottom: 7px; white-space: normal; font-family: Calibri; line-height: 32px;\"><span style=\"font-family: 微软雅黑; line-height: 42.6667px; background: rgb(255, 255, 255);\">积极配合运营，执行公司活动；及时转发官方公众号推文、企业微信朋友圈；平时做好工作微信朋友圈运营，传递公司产品信息，与客户保持互动；</span></p><h2 style=\"white-space: normal; margin-top: 0px; margin-bottom: 7px; font-family: 宋体; font-size: 24px; line-height: 48px;\"><span style=\"font-size: 18px;\"><strong><span style=\"font-family: 微软雅黑;\">7. 渠道拓展</span></strong></span></h2><p style=\"margin-top: 0px; margin-bottom: 7px; white-space: normal; font-family: Calibri; line-height: 32px;\"><span style=\"font-family: 微软雅黑; line-height: 42.6667px; background: rgb(255, 255, 255);\">每天在不同渠道平台的相关话题或公司发布的帖子下跟帖、评论、点赞；</span></p><h2 style=\"white-space: normal; margin-top: 0px; margin-bottom: 7px; font-family: 宋体; font-size: 24px; line-height: 48px;\"><span style=\"font-size: 18px;\"><strong><span style=\"font-family: 微软雅黑;\">8. 客户服务</span></strong></span></h2><p style=\"margin-top: 0px; margin-bottom: 7px; white-space: normal; font-family: Calibri; line-height: 32px;\"><span style=\"font-family: 微软雅黑; line-height: 42.6667px; background: rgb(255, 255, 255);\">负责所在用户群的日常维护，及所负责项目的论坛版块问题回复，技术问题及时联系相应技术回复；，活跃用户群及论坛气氛；保证用户问题及时处理；</span></p><h2 style=\"white-space: normal; margin-top: 0px; margin-bottom: 7px; font-family: 宋体; font-size: 24px; line-height: 48px;\"><span style=\"font-size: 18px;\"><strong><span style=\"font-family: 微软雅黑;\">9. 客户回访</span></strong></span></h2><p style=\"margin-top: 0px; margin-bottom: 7px; white-space: normal; font-family: Calibri; line-height: 32px;\"><span style=\"font-family: 微软雅黑; line-height: 42.6667px; background: rgb(255, 255, 255);\">定期回访意向客户、老客户；老客户回访情况在授权列表中做好登记。通过回访传递公司企业文化，维护与用户良好关系，促进互动与销售；</span></p><h2 style=\"white-space: normal; margin-top: 0px; margin-bottom: 7px; font-family: 宋体; font-size: 24px; line-height: 48px;\"><span style=\"font-size: 18px;\"><strong><span style=\"font-family: &quot;PingFang SC&quot;;\">10. 异常客户处理</span></strong></span></h2><p style=\"margin-top: 0px; margin-bottom: 7px; white-space: normal; font-family: Calibri; line-height: 32px;\"><span style=\"font-family: 微软雅黑; line-height: 42.6667px; background: rgb(255, 255, 255);\">工作中遇到异常客户、突发问题、重大bug反馈及时收集上报；</span></p><h2 style=\"white-space: normal; margin-top: 0px; margin-bottom: 7px; font-family: 宋体; font-size: 24px; line-height: 48px;\"><span style=\"font-size: 18px;\"><strong><span style=\"font-family: &quot;PingFang SC&quot;;\">11. 议价客户处理</span></strong></span></h2><p style=\"margin-top: 0px; margin-bottom: 7px; white-space: normal; font-family: Calibri; line-height: 32px;\"><span style=\"font-family: 微软雅黑; line-height: 42.6667px; background: rgb(255, 255, 255);\">议价及时向上级领导申请；</span></p><h2 style=\"white-space: normal; margin-top: 0px; margin-bottom: 7px; font-family: 宋体; font-size: 24px; line-height: 48px;\"><span style=\"font-size: 18px;\"><strong><span style=\"font-family: &quot;PingFang SC&quot;;\">12. 制定执行</span></strong></span></h2><p style=\"margin-top: 0px; margin-bottom: 7px; white-space: normal; font-family: Calibri; line-height: 32px;\"><span style=\"font-family: 微软雅黑; line-height: 42.6667px; background: rgb(255, 255, 255);\">积极配合、执行部门其他制度，并按时完成领导交代的其他事宜。</span></p><p><br/></p>', 1, NULL, NULL),
(49, 1, '人事助理', 3, 15, 1, 1, '', '<p style=\"white-space: normal; font-family: 楷体_GB2312; font-weight: bold; font-size: 21px; line-height: 42.6667px;\"><span style=\"font-size: 18px;\"><strong><span style=\"font-family: 微软雅黑;\">在人事主管的带领下，协助人事主管完成：</span></strong></span></p><p style=\"white-space: normal; font-family: 楷体_GB2312; font-weight: bold; font-size: 21px; line-height: 42.6667px;\"><span style=\"font-size: 18px;\"><strong><span style=\"font-family: 微软雅黑;\">1、</span></strong><strong><span style=\"font-family: 微软雅黑;\">人事管理制度建设</span></strong></span><span style=\"font-size: 16px;\"><strong><span style=\"font-family: 微软雅黑;\"></span></strong><strong><span style=\"font-family: 微软雅黑;\"></span></strong></span></p><p style=\"white-space: normal; font-family: 楷体_GB2312; font-weight: bold; font-size: 21px; line-height: 42.6667px;\"><span style=\"font-family: 微软雅黑; font-weight: normal; font-size: 16px;\">（1）根据公司人事管理需要，拟订人事基础管理制度、流程和表单，提交审核，为公司人事管理提供服务支持。</span></p><p style=\"white-space: normal; font-family: 楷体_GB2312; font-weight: bold; font-size: 21px; line-height: 42.6667px;\"><span style=\"font-family: 微软雅黑; font-weight: normal; font-size: 16px;\">（2）监督各部门对于人事基础管理制度、流程及表单的执行情况，保证人事相关业务开展的规范与便捷。</span></p><p style=\"white-space: normal; font-family: 楷体_GB2312; font-weight: bold; font-size: 21px; line-height: 42.6667px;\"><span style=\"font-size: 18px;\"><strong><span style=\"font-family: 微软雅黑;\">2、</span></strong><strong><span style=\"font-family: 微软雅黑;\">基础人事管理</span></strong></span><span style=\"font-size: 16px;\"><strong><span style=\"font-family: 微软雅黑; font-size: 21px;\"></span></strong><strong><span style=\"font-family: 微软雅黑; font-size: 21px;\"></span></strong></span></p><p style=\"white-space: normal; font-family: 楷体_GB2312; font-weight: bold; font-size: 21px; line-height: 42.6667px;\"><span style=\"font-family: 微软雅黑; font-weight: normal; font-size: 16px;\">（1）开展员工录用、转正、调动、晋升、请假、离职、辞退、退休等工作，核实相关资料，&nbsp;为相关人员提供人事业务办理服务。</span></p><p style=\"white-space: normal; font-family: 楷体_GB2312; font-weight: bold; font-size: 21px; line-height: 42.6667px;\"><span style=\"font-family: 微软雅黑; font-weight: normal; font-size: 16px;\">（2）依据《岗位说明书》要求，收集存档相关岗位特殊工种证件等的原（复）件，及时督促相关人员到期证件的补办工作，确保相关岗位人员符合政府部门所要求的持证上岗条件。</span></p><p style=\"white-space: normal; font-family: 楷体_GB2312; font-weight: bold; font-size: 21px; line-height: 42.6667px;\"><span style=\"font-family: 微软雅黑; font-weight: normal; font-size: 16px;\">（3）根据公司各部门培训需求及培训方案，协助完成培训实施工作。</span></p><p style=\"white-space: normal; font-family: 楷体_GB2312; font-weight: bold; font-size: 21px; line-height: 42.6667px;\"><span style=\"font-family: 微软雅黑; font-weight: normal; font-size: 16px;\">（4）定期收集全员的培训需求，汇总并丰富培训内容。</span></p><p style=\"white-space: normal; font-family: 楷体_GB2312; font-weight: bold; font-size: 21px; line-height: 42.6667px;\"><span style=\"font-family: 微软雅黑; font-weight: normal; font-size: 16px;\">（5）组织新员工培训并负责培训考核（培训达标率100%）；</span></p><p style=\"white-space: normal; font-family: 楷体_GB2312; font-weight: bold; font-size: 21px; line-height: 42.6667px;\"><span style=\"font-size: 18px;\"><strong><span style=\"font-family: 微软雅黑;\">3、</span></strong><strong><span style=\"font-family: 微软雅黑;\">员工档案管理</span></strong></span><span style=\"font-size: 16px;\"><strong><span style=\"font-family: 微软雅黑; font-size: 21px;\"></span></strong><strong><span style=\"font-family: 微软雅黑; font-size: 21px;\"></span></strong></span></p><p style=\"white-space: normal; font-family: 楷体_GB2312; font-weight: bold; font-size: 21px; line-height: 42.6667px;\"><span style=\"font-family: 微软雅黑; font-weight: normal; font-size: 16px;\">（1）收集员工相关纸质材料存入档案，保持档案材料的及时入库，做好分类登记，按有关规定对档案进行例行的保养、管理或销毁。</span></p><p style=\"white-space: normal; font-family: 楷体_GB2312; font-weight: bold; font-size: 21px; line-height: 42.6667px;\"><span style=\"font-family: 微软雅黑; font-weight: normal; font-size: 16px;\">（2）根据员工纸质档案信息，建立员工档案（电子）台账，及时更新员工信息。</span></p><p style=\"white-space: normal; font-family: 楷体_GB2312; font-weight: bold; font-size: 21px; line-height: 42.6667px;\"><span style=\"font-family: 微软雅黑; font-weight: normal; font-size: 16px;\">（3）执行档案资料保密制度，按规定办理档案借阅登记手续，保证资料按时入库，完整无缺。</span></p><p style=\"white-space: normal; font-family: 楷体_GB2312; font-weight: bold; font-size: 21px; line-height: 42.6667px;\"><span style=\"font-size: 18px;\"><strong><span style=\"font-family: 微软雅黑;\">4、</span></strong><strong><span style=\"font-family: 微软雅黑;\">考勤管理</span></strong></span><span style=\"font-size: 16px;\"><strong><span style=\"font-family: 微软雅黑; font-size: 21px;\"></span></strong><strong><span style=\"font-family: 微软雅黑; font-size: 21px;\"></span></strong></span></p><p style=\"white-space: normal; font-family: 楷体_GB2312; font-weight: bold; font-size: 21px; line-height: 42.6667px;\"><span style=\"font-family: 微软雅黑; font-weight: normal; font-size: 16px;\">（1）根据考勤管理制度，监督检查考勤情况、工作汇报提交情况，并核查、整理各部门员工假单手续的完整性，确保员工月度考勤记录准确。</span></p><p style=\"white-space: normal; font-family: 楷体_GB2312; font-weight: bold; font-size: 21px; line-height: 42.6667px;\"><span style=\"font-family: 微软雅黑; font-weight: normal; font-size: 16px;\">（2）结合各部门考勤明细，汇总上月员工考勤数据，核实数据真实性，整理团建基金明细，为薪酬核算提供依据。</span></p><p style=\"white-space: normal; font-family: 楷体_GB2312; font-weight: bold; font-size: 21px; line-height: 42.6667px;\"><span style=\"font-size: 18px;\"><strong><span style=\"font-family: 微软雅黑;\">5、</span></strong><strong><span style=\"font-family: 微软雅黑;\">薪酬绩效管理</span></strong></span><span style=\"font-size: 16px;\"><strong><span style=\"font-family: 微软雅黑; font-size: 21px;\"></span></strong><strong><span style=\"font-family: 微软雅黑; font-size: 21px;\"></span></strong></span></p><p style=\"white-space: normal; font-family: 楷体_GB2312; font-weight: bold; font-size: 21px; line-height: 42.6667px;\"><span style=\"font-family: 微软雅黑; font-weight: normal; font-size: 16px;\">（1）负责薪酬绩效制度的修订及执行落地，针对绩效实行效果提出合理化建议。</span></p><p style=\"white-space: normal; font-family: 楷体_GB2312; font-weight: bold; font-size: 21px; line-height: 42.6667px;\"><span style=\"font-family: 微软雅黑; font-weight: normal; font-size: 16px;\">（2）按照时间节点组织公司员工绩效评定，监督部门负责人绩效辅导。</span></p><p style=\"white-space: normal; font-family: 楷体_GB2312; font-weight: bold; font-size: 21px; line-height: 42.6667px;\"><span style=\"font-family: 微软雅黑; font-weight: normal; font-size: 16px;\">（3）负责月度员工工资核算，定期收集市场薪酬数据，完善公司薪酬福利制度。</span></p><p style=\"white-space: normal; font-family: 楷体_GB2312; font-weight: bold; font-size: 21px; line-height: 42.6667px;\"><span style=\"font-size: 18px;\"><strong><span style=\"font-family: 微软雅黑;\">6、</span></strong><strong><span style=\"font-family: 微软雅黑;\">员工关系管理</span></strong></span><span style=\"font-size: 16px;\"><strong><span style=\"font-family: 微软雅黑; font-size: 21px;\"></span></strong><strong><span style=\"font-family: 微软雅黑; font-size: 21px;\"></span></strong></span></p><p style=\"white-space: normal; font-family: 楷体_GB2312; font-weight: bold; font-size: 21px; line-height: 42.6667px;\"><span style=\"font-family: 微软雅黑; font-weight: normal; font-size: 16px;\">（1）根据《劳动合同法》开展员工劳动合同的签订、变更、续签、解除与维护工作，确保劳动关系管理规范化。</span></p><p style=\"white-space: normal; font-family: 楷体_GB2312; font-weight: bold; font-size: 21px; line-height: 42.6667px;\"><span style=\"font-family: 微软雅黑; font-weight: normal; font-size: 16px;\">（2）依据《劳动合同法》、《人资管理制度》解答员工有关劳资关系的疑问，协调与处理公司常规性的劳动争议与劳动纠纷。</span></p><p style=\"white-space: normal; font-family: 楷体_GB2312; font-weight: bold; font-size: 21px; line-height: 42.6667px;\"><span style=\"font-size: 18px;\"><strong><span style=\"font-family: 微软雅黑;\">7、</span></strong><strong><span style=\"font-family: 微软雅黑;\">招聘管理</span></strong></span><span style=\"font-size: 16px;\"><strong><span style=\"font-family: 微软雅黑; font-size: 21px;\"></span></strong><strong><span style=\"font-family: 微软雅黑; font-size: 21px;\"></span></strong></span></p><p style=\"white-space: normal; font-family: 楷体_GB2312; font-weight: bold; font-size: 21px; line-height: 42.6667px;\"><span style=\"font-family: 微软雅黑; font-weight: normal; font-size: 16px;\">完成招聘的基础工作，含招聘需求发布、简历筛选、面试安排、人员及时储备的工作。</span></p><p><br/></p>', 1, NULL, NULL),
(50, 1, '行政助理', 3, 15, 1, 0, '', '<p style=\"white-space: normal; font-family: 楷体_GB2312; font-weight: bold; font-size: 21px; line-height: 42.6667px;\"><span style=\"font-size: 16px; font-family: 微软雅黑;\">在行政主管的带领下，完成：</span></p><p style=\"white-space: normal; font-family: 楷体_GB2312; font-weight: bold; font-size: 21px; line-height: 42.6667px;\"><span style=\"font-size: 16px; font-family: 微软雅黑;\">1、负责年度、半年度员工活动组织，月度员工生日会等节日活动的举办，每月两次零食下午茶采购；</span></p><p style=\"white-space: normal; font-family: 楷体_GB2312; font-weight: bold; font-size: 21px; line-height: 42.6667px;\"><span style=\"font-size: 16px; font-family: 微软雅黑;\">2、周例会、月度全员会的组织及会议纪要；</span></p><p style=\"white-space: normal; font-family: 楷体_GB2312; font-weight: bold; font-size: 21px; line-height: 42.6667px;\"><span style=\"font-size: 16px; font-family: 微软雅黑;\">3、负责办公用品的采购入库，固定资产盘点登记工作；</span></p><p style=\"white-space: normal; font-family: 楷体_GB2312; font-weight: bold; font-size: 21px; line-height: 42.6667px;\"><span style=\"font-size: 16px; font-family: 微软雅黑;\">4、负责公司资质证照的办理及资料准备；</span></p><p style=\"white-space: normal; font-family: 楷体_GB2312; font-weight: bold; font-size: 21px; line-height: 42.6667px;\"><span style=\"font-size: 16px; font-family: 微软雅黑;\">5、负责公司各类福利的筹备和发放；</span></p><p style=\"white-space: normal; font-family: 楷体_GB2312; font-weight: bold; font-size: 21px; line-height: 42.6667px;\"><span style=\"font-size: 16px; font-family: 微软雅黑;\">6、负责公司各类行政费用的预算、控制、节约等；</span></p><p style=\"white-space: normal; font-family: 楷体_GB2312; font-weight: bold; font-size: 21px; line-height: 42.6667px;\"><span style=\"font-size: 16px; font-family: 微软雅黑;\">7、负责公司各类公共区域的使用制度和管理规范；</span></p><p style=\"white-space: normal; font-family: 楷体_GB2312; font-weight: bold; font-size: 21px; line-height: 42.6667px;\"><span style=\"font-size: 16px; font-family: 微软雅黑;\">8、负责依据管理体系要求，协助部门经理推进各项体系管理要求；</span></p><p style=\"white-space: normal; font-family: 楷体_GB2312; font-weight: bold; font-size: 21px; line-height: 42.6667px;\"><span style=\"font-size: 16px; font-family: 微软雅黑;\">9、负责公司固定资产管理及特种设备管理；</span></p><p style=\"white-space: normal; font-family: 楷体_GB2312; font-weight: bold; font-size: 21px; line-height: 42.6667px;\"><span style=\"font-size: 16px; font-family: 微软雅黑;\">10、负责公司工作环境的提升与改进；</span></p><p style=\"white-space: normal; font-family: 楷体_GB2312; font-weight: bold; font-size: 21px; line-height: 42.6667px;\"><span style=\"font-size: 16px; font-family: 微软雅黑;\">11、负责公司企业文化建设及宣传报道；</span></p><p style=\"white-space: normal; font-family: 楷体_GB2312; font-weight: bold; font-size: 21px; line-height: 42.6667px;\"><span style=\"font-size: 16px; font-family: 微软雅黑;\">12、不断学习，累计经验，争取早日独当一面；</span></p><p style=\"white-space: normal; font-family: 楷体_GB2312; font-weight: bold; font-size: 21px; line-height: 42.6667px;\"><span style=\"font-size: 16px; font-family: 微软雅黑;\">13、执行上级交付的其它工作任务。</span></p><p><br style=\"white-space: normal;\"/></p><p><br/></p>', 1, NULL, NULL),
(51, 1, '运营助理', 3, 15, 1, 0, '', '<p style=\"white-space: normal; font-family: Calibri; font-size: 14px; line-height: 28px;\"><span style=\"font-size: 18px;\"><strong><span style=\"font-family: 微软雅黑; line-height: 42.6667px;\">在运营前辈的带领下，完成：</span></strong></span></p><p style=\"white-space: normal; font-family: Calibri; font-size: 14px; line-height: 28px;\"><span style=\"font-size: 18px;\"><strong><span style=\"font-family: 微软雅黑; line-height: 42.6667px;\">1、文章推广</span></strong></span></p><p style=\"white-space: normal; font-family: Calibri; font-size: 14px; line-height: 28px;\"><span style=\"font-family: 微软雅黑; line-height: 42.6667px; font-size: 16px;\">通过技术论坛、技术<span style=\"font-family: 微软雅黑; line-height: 42.6667px;\">社区、官网自媒体账号等渠道，发布技术文章推广公司开源项目；</span></span></p><p style=\"white-space: normal; font-family: Calibri; font-size: 14px; line-height: 28px;\"><span style=\"font-size: 18px;\"><strong><span style=\"font-family: 微软雅黑; line-height: 42.6667px;\">2、源码分发</span></strong></span></p><p style=\"white-space: normal; font-family: Calibri; font-size: 14px; line-height: 28px;\"><span style=\"font-family: 微软雅黑; line-height: 42.6667px; font-size: 16px;\">将开源项目源码通过各种源码论坛、下载站等渠道，分发出去，供用户下载使用；</span></p><p style=\"white-space: normal; font-family: Calibri; font-size: 14px; line-height: 28px;\"><span style=\"font-size: 18px;\"><strong><span style=\"font-family: 微软雅黑; line-height: 42.6667px;\">3、视频录制</span></strong></span></p><p style=\"white-space: normal; font-family: Calibri; font-size: 14px; line-height: 28px;\"><span style=\"font-family: 微软雅黑; line-height: 42.6667px; font-size: 16px;\">录制各系统的安装、使用教程视频，并上传至各大视频站；</span></p><p style=\"white-space: normal; font-family: Calibri; font-size: 14px; line-height: 28px;\"><span style=\"font-size: 18px;\"><strong><span style=\"font-family: 微软雅黑; line-height: 42.6667px;\">4、问题回复</span></strong></span></p><p style=\"white-space: normal; font-family: Calibri; font-size: 14px; line-height: 28px;\"><span style=\"font-family: 微软雅黑; line-height: 42.6667px; font-size: 16px;\">负责各个用户群及论坛用户问题的回复处理，提升用户安装使用率；</span></p><p style=\"white-space: normal; font-family: Calibri; font-size: 14px; line-height: 28px;\"><span style=\"font-size: 18px;\"><strong><span style=\"font-family: 微软雅黑; line-height: 42.6667px;\">5、论坛贴审核</span></strong></span></p><p style=\"white-space: normal; font-family: Calibri; font-size: 14px; line-height: 28px;\"><span style=\"font-family: 微软雅黑; line-height: 42.6667px; font-size: 16px;\">负责官方论坛用户帖子后台审核；</span></p><p style=\"white-space: normal; font-family: Calibri; font-size: 14px; line-height: 28px;\"><span style=\"font-size: 18px;\"><strong><span style=\"font-family: 微软雅黑; line-height: 42.6667px;\">6、活动宣传</span></strong></span></p><p style=\"white-space: normal; font-family: Calibri; font-size: 14px; line-height: 28px;\"><span style=\"font-family: 微软雅黑; line-height: 42.6667px; font-size: 16px;\">配合运营部推广公司各类营销活动，扩大活动宣传；</span></p><p style=\"white-space: normal; font-family: Calibri; font-size: 14px; line-height: 28px;\"><span style=\"font-size: 18px;\"><strong><span style=\"font-family: 微软雅黑; line-height: 42.6667px;\">7、其他工作</span></strong></span></p><p style=\"white-space: normal; font-family: Calibri; font-size: 14px; line-height: 28px;\"><span style=\"font-family: 微软雅黑; line-height: 42.6667px; font-size: 16px;\">完成上级主管交办的其他临时性工作,依据项目进度按时提交工作汇报。</span></p><p><br/></p>', 1, NULL, NULL),
(52, 1, '销售总监', 1, 3, 1, 0, '负责公司销售所有事务，为公司销售目标负责', '&lt;p&gt;销售总监的岗位职责主要包括以下几个方面：&lt;/p&gt;&lt;ol&gt;&lt;li&gt;制定销售战略和计划：销售总监需要参与制定公司的营销战略，根据营销战略制定具体的销售计划，并监督执行，确保完成公司的销售目标。&lt;/li&gt;&lt;li&gt;销售团队的管理：销售总监需要负责组建、培训和管理销售团队，包括招聘、培训、考核以及监督销售人员的日常工作表现。&lt;/li&gt;&lt;li&gt;客户关系管理：销售总监需要与客户保持密切联系，了解客户需求，提供解决方案，并定期对客户满意度进行调查，及时反馈客户意见。&lt;/li&gt;&lt;li&gt;销售业绩管理：销售总监需要制定合理的销售目标和奖励机制，激励销售人员积极开展业务，并对销售业绩进行跟踪和分析，及时调整销售策略。&lt;/li&gt;&lt;li&gt;市场调研与分析：销售总监需要进行市场调研，了解行业动态和竞争对手情况，及时调整销售策略，以适应市场变化。&lt;/li&gt;&lt;li&gt;制定营销策略：根据市场需求和公司实际情况，制定营销策略和促销活动，提高品牌知名度和市场占有率。&lt;/li&gt;&lt;li&gt;协调内部资源：销售总监需要协调公司内部各个部门的资源，确保销售过程的顺畅进行。&lt;/li&gt;&lt;li&gt;培训与发展：对销售团队进行培训和指导，提高销售人员的业务素质和技能水平，促进个人和团队的共同发展。&lt;/li&gt;&lt;li&gt;向上汇报与决策：定期向总经理汇报销售进展和存在的问题，提出改进建议，参与公司重大决策的讨论和制定。&lt;/li&gt;&lt;/ol&gt;&lt;p&gt;总之，销售总监的职责是全面负责公司的销售工作，领导销售团队实现公司的销售目标，同时负责协调和管理销售团队内部的各种事务。&lt;/p&gt;', 1, '2023-11-23 10:15:21', '2023-11-23 10:15:21'),
(53, 1, '销售经理', 1, 4, 1, 0, '负责自己部门销售所有事项', '&lt;p&gt;销售经理的岗位职责主要包括以下几个方面：&lt;/p&gt;&lt;ol&gt;&lt;li&gt;制定销售策略：销售经理需要制定销售策略，包括市场定位、目标客户、产品定位、价格策略等，以支持公司的销售目标。&lt;/li&gt;&lt;li&gt;销售计划与执行：销售经理需要制定销售计划，包括销售目标、销售渠道、销售预算等，并负责计划的执行与监控。&lt;/li&gt;&lt;li&gt;客户关系管理：销售经理需要建立和维护良好的客户关系，与客户保持密切联系，了解客户需求，提供解决方案，并定期对客户满意度进行调查。&lt;/li&gt;&lt;li&gt;销售团队管理：销售经理需要组建、培训和管理销售团队，包括招聘、培训、考核以及监督销售人员的日常工作表现。&lt;/li&gt;&lt;li&gt;市场调研与分析：销售经理需要进行市场调研，了解行业动态和竞争对手情况，及时调整销售策略，以适应市场变化。&lt;/li&gt;&lt;li&gt;营销活动策划与执行：销售经理需要策划和执行营销活动，包括促销活动、广告投放、展会等，以提高品牌知名度和市场占有率。&lt;/li&gt;&lt;li&gt;内部协调与沟通：销售经理需要协调公司内部各个部门的资源，确保销售过程的顺畅进行。&lt;/li&gt;&lt;li&gt;培训与发展：销售经理需要对销售团队进行培训和指导，提高销售人员的业务素质和技能水平，促进个人和团队的共同发展。&lt;/li&gt;&lt;li&gt;业绩评估与反馈：销售经理需要对销售业绩进行跟踪和分析，及时调整销售策略，同时向上级领导汇报销售进展和存在的问题。&lt;/li&gt;&lt;/ol&gt;&lt;p&gt;总之，销售经理的职责是全面负责公司的销售工作，领导销售团队实现公司的销售目标，同时负责协调和管理销售团队内部的各种事务。&lt;/p&gt;', 1, '2023-11-23 10:16:30', '2023-11-23 10:16:30'),
(54, 1, '销售主管', 1, 16, 1, 0, '', '', 1, '2023-11-23 10:18:11', '2023-11-23 10:18:11'),
(55, 1, '高级销售', 4, 17, 1, 0, '', '', 1, '2023-11-23 10:20:31', '2023-11-23 10:31:42'),
(56, 1, '销售员', 4, 18, 1, 0, '', '', 1, '2023-11-23 10:28:54', '2023-11-23 10:31:58'),
(57, 1, '见习销售', 4, 19, 1, 0, '', '', 1, '2023-11-23 10:29:08', '2023-11-23 10:29:08');

-- #薪资范围
INSERT INTO `eb_rank_level` (`id`, `entid`, `salary`, `min_level`, `max_level`) VALUES
(1, 1, '3000-5000', 1, 3),
(2, 1, '6000-8000', 4, 6),
(3, 1, '9000-12000', 7, 9),
(4, 1, '13000-16000', 10, 12),
(5, 1, '17000-20000', 13, 15),
(6, 1, '21000-30000', 16, 18),
(7, 1, '31000-40000', 19, 21);

-- #职位职级关联
INSERT INTO `eb_rank_relation` (`id`, `entid`, `level_id`, `cate_id`, `rank_id`, `number`, `status`) VALUES
(1, 1, 4, 1, 4, 0, 0),
(2, 1, 5, 1, 3, 0, 0),
(3, 1, 6, 1, 2, 0, 0),
(4, 1, 7, 1, 1, 0, 0),
(5, 1, 1, 2, 11, 0, 0),
(6, 1, 2, 2, 10, 0, 0),
(7, 1, 3, 2, 9, 0, 0),
(8, 1, 4, 2, 8, 0, 0),
(9, 1, 5, 2, 7, 0, 0),
(10, 1, 6, 2, 6, 0, 0),
(11, 1, 7, 2, 5, 0, 0),
(12, 1, 1, 3, 15, 0, 0),
(13, 1, 2, 3, 14, 0, 0),
(14, 1, 3, 3, 13, 0, 0),
(15, 1, 4, 3, 12, 0, 0),
(17, 1, 1, 4, 19, 0, 0),
(18, 1, 2, 4, 18, 0, 0),
(19, 1, 3, 4, 17, 0, 0);

-- #物资分类
INSERT INTO `eb_storage_category` (`id`, `pid`, `cate_name`, `path`, `sort`, `level`, `type`, `entid`, `created_at`, `updated_at`) VALUES
(1, 1, '办公家具', '1', 0, 2, 1, 1, '2023-11-23 08:14:14', '2023-11-23 08:14:14'),
(2, 1, '办公电脑', '1', 0, 2, 1, 1, '2023-11-23 08:14:49', '2023-11-23 08:14:49'),
(3, 1, '笔记本', '1', 0, 2, 0, 1, '2023-11-23 08:16:10', '2023-11-23 08:16:10'),
(4, 3, '签字笔', '1/3', 0, 3, 0, 1, '2023-11-23 08:16:18', '2023-11-23 08:16:31'),
(5, 1, '办公物资', '1', 0, 2, 1, 1, '2023-11-24 04:22:18', '2023-11-24 04:22:18'),
(6, 1, '办公设备', '1', 0, 2, 1, 1, '2023-11-24 08:43:57', '2023-11-24 08:43:57');

-- #客户配置
INSERT INTO `eb_system_group` (`id`, `cate_id`, `group_key`, `group_name`, `group_info`, `fields`, `entid`, `sort`, `created_at`, `updated_at`) VALUES
(1, 0, 'client_way', '客户来源', '客户来源', '[{\"name\":\"title\",\"param\":\"\",\"title\":\"\\u540d\\u79f0\",\"type\":\"input\"}]', 1, 0, '2022-08-18 11:03:56', '2022-08-18 11:03:56'),
(2, 0, 'client_renew', '续费类型', '续费类型', '[{\"name\":\"title\",\"param\":\"\",\"title\":\"\\u540d\\u79f0\",\"type\":\"input\"}]', 1, 0, '2022-08-18 11:03:56', '2022-08-18 11:03:56'),
(3, 0, 'client_cate', '客户分类', '客户分类', '[{\"name\":\"title\",\"param\":\"\",\"title\":\"\\u540d\\u79f0\",\"type\":\"input\"}]', 1, 0, '2022-08-18 11:03:56', '2022-08-18 11:03:56');

-- #客户配置数据
INSERT INTO `eb_system_group_data` (`id`, `group_id`, `value`, `sort`, `status`, `created_at`, `updated_at`) VALUES
(1, 1, '{\"title\":\"\\u5b98\\u7f51\"}', 10, 1, '2022-08-18 11:03:56', '2023-11-23 09:30:03'),
(2, 1, '{\"title\":\"\\u793e\\u7fa4\\u6316\\u6398\"}', 7, 1, '2022-08-18 11:03:56', '2023-11-23 09:30:03'),
(3, 1, '{\"title\":\"\\u767e\\u5ea6\\u63a8\\u5e7f\"}', 8, 1, '2022-08-18 11:03:56', '2023-11-23 09:30:03'),
(4, 1, '{\"title\":\"\\u670b\\u53cb\\u4ecb\\u7ecd\"}', 9, 1, '2022-08-18 11:03:56', '2023-11-23 09:30:03'),
(5, 1, '{\"title\":\"\\u964c\\u751f\\u62dc\\u8bbf\"}', 6, 1, '2022-08-18 11:03:56', '2023-11-23 09:30:03'),
(6, 1, '{\"title\":\"\\u5408\\u4f5c\\u4f19\\u4f34\\u63a8\\u8350\"}', 5, 1, '2022-08-18 11:03:56', '2023-11-23 09:30:03'),
(7, 1, '{\"title\":\"\\u6296\\u97f3\\u63a8\\u5e7f\"}', 4, 1, '2022-08-18 11:03:56', '2023-11-23 09:30:03'),
(8, 1, '{\"title\":\"\\u53c2\\u4f1a\\u8ba4\\u8bc6\"}', 3, 1, '2022-08-18 11:03:56', '2023-11-23 09:30:03'),
(9, 1, '{\"title\":\"\\u8bba\\u575b\\u53d1\\u5e16\"}', 2, 1, '2022-08-18 11:03:56', '2023-11-23 09:30:03'),
(10, 2, '{\"title\":\"\\u7ef4\\u62a4\\u7eed\\u8d39\"}', 6, 1, '2022-08-18 11:03:56', '2023-11-23 09:25:56'),
(11, 2, '{\"title\":\"\\u670d\\u52a1\\u7eed\\u8d39\"}', 5, 1, '2022-08-18 11:03:56', '2023-11-23 09:25:56'),
(12, 3, '{\"title\":\"\\u5927\\u578b\\u4f01\\u4e1a\"}', 1, 1, '2022-08-18 11:03:56', '2022-08-18 11:03:56'),
(13, 3, '{\"title\":\"\\u4e2d\\u5c0f\\u4f01\\u4e1a\"}', 0, 1, '2022-08-18 11:03:56', '2022-08-18 11:03:56'),
(14, 3, '{\"title\":\"\\u4e2d\\u5927\\u4f01\\u4e1a\"}', 0, 1, '2022-08-18 11:03:56', '2022-08-18 11:03:56'),
(15, 3, '{\"title\":\"\\u5c0f\\u5fae\\u4f01\\u4e1a\"}', 0, 1, '2022-08-18 11:03:56', '2022-08-18 11:03:56'),
(16, 3, '{\"title\":\"\\u96f6\\u552e\\u5546\"}', 0, 1, '2022-08-18 11:03:56', '2022-08-18 11:03:56'),
(17, 3, '{\"title\":\"\\u7ecf\\u9500\\u5546\"}', 0, 1, '2022-08-18 11:03:56', '2022-08-18 11:03:56'),
(18, 3, '{\"title\":\"\\u54c1\\u724c\\u5546\"}', 0, 1, '2022-08-18 11:03:56', '2022-08-18 11:03:56'),
(19, 3, '{\"title\":\"\\u751f\\u4ea7\\u5546\"}', 0, 1, '2022-08-18 11:03:56', '2022-08-18 11:03:56'),
(20, 2, '{\"title\":\"\\u57df\\u540d\\u7eed\\u8d39\"}', 4, 1, '2023-11-23 09:25:56', '2023-11-23 09:25:56'),
(21, 2, '{\"title\":\"ssl\\u8bc1\\u4e66\\u7eed\\u8d39\"}', 3, 1, '2023-11-23 09:25:56', '2023-11-23 09:25:56'),
(22, 2, '{\"title\":\"\\u5fae\\u4fe1\\u8ba4\\u8bc1\\u8d39\"}', 2, 1, '2023-11-23 09:25:56', '2023-11-23 09:25:56');

-- #日程类型
INSERT INTO `eb_schedule_type` (`id`, `uid`, `entid`, `name`, `sort`, `color`, `info`, `is_public`) VALUES
(1, '', 0, '个人提醒', 0, '#1890FF', '', 1),
(2, '', 0, '客户跟进', 0, '#19BE6B', '', 0),
(3, '', 0, '续费提醒', 0, '#FB7A4D', '', 0),
(4, '', 0, '回款提醒', 0, '#A277FF', '', 0),
(5, '', 0, '汇报待办', 0, '#1890FF', '', 0);
